date,adm_level,adm_id,PCODE,n_pixels,rfh,rfh_avg,r1h,r1h_avg,r3h,r3h_avg,rfq,r1q,r3q,version,district_name
2022-01-01,2,1011444,RW57,41.0,8.756098,25.669106,96.29269,87.15691,288.41464,315.18942,44.85327,109.91328,91.63783,final,Bugesera
2022-01-11,2,1011444,RW57,41.0,60.560974,24.311382,121.560974,85.86016,312.80487,303.26178,223.6707,139.29204,103.09577,final,Bugesera
2022-01-21,2,1011444,RW57,41.0,26.414635,27.619513,95.731705,77.6,294.65857,291.4,96.30626,121.951225,101.09938,final,Bugesera
2022-02-01,2,1011444,RW57,41.0,29.658537,25.347967,116.63415,77.27886,302.70734,271.66016,114.20382,147.83159,111.22214,final,Bugesera
2022-02-11,2,1011444,RW57,41.0,55.585365,29.209757,111.65854,82.17724,328.43903,263.81546,177.09969,133.81766,124.04013,final,Bugesera
2022-02-21,2,1011444,RW57,41.0,33.292683,23.110569,118.53659,77.66829,315.48782,243.69186,136.22166,149.4365,128.86945,final,Bugesera
2022-03-01,2,1011444,RW57,41.0,31.731707,43.055283,120.60976,95.37561,333.53662,259.81137,76.436356,125.13971,127.84066,final,Bugesera
2022-03-11,2,1011444,RW57,41.0,49.585365,36.798374,114.60976,102.964226,347.82928,271.00162,130.59207,110.786476,127.83595,final,Bugesera
2022-03-21,2,1011444,RW57,41.0,27.243902,53.117073,108.560974,132.97073,322.82925,288.239,55.48095,82.30802,111.79593,final,Bugesera
2022-04-01,2,1011444,RW57,41.0,24.707317,54.00488,101.53659,143.92032,338.78046,316.5748,50.34722,71.53932,106.90528,final,Bugesera
2022-04-11,2,1011444,RW57,41.0,49.634148,48.057724,101.585365,155.17967,327.85364,340.32114,102.971146,66.54113,96.389595,final,Bugesera
2022-04-21,2,1011444,RW57,41.0,80.12195,42.608944,154.46341,144.67154,381.56097,355.31058,178.79402,106.542244,107.285484,final,Bugesera
2022-05-01,2,1011444,RW57,41.0,18.975609,33.930893,148.73172,124.597565,370.87805,363.8935,61.585045,118.62238,101.89338,final,Bugesera
2022-05-11,2,1011444,RW57,41.0,6.0731707,28.591871,105.17073,105.13171,321.36588,363.2756,32.96384,100.03543,88.62001,final,Bugesera
2022-05-21,2,1011444,RW57,41.0,55.609756,22.96992,80.65854,85.49268,343.68292,363.13498,216.69621,94.65797,94.71606,final,Bugesera
2022-06-01,2,1011444,RW57,41.0,3.5609756,7.510569,65.243904,59.072357,315.5122,327.59024,68.429955,109.63215,96.36849,final,Bugesera
2022-06-11,2,1011444,RW57,41.0,1.9756098,3.5219512,61.14634,34.002438,267.90244,294.3138,81.85461,169.5954,91.176025,final,Bugesera
2022-06-21,2,1011444,RW57,41.0,2.2682927,2.6227643,7.804878,13.655285,242.92683,243.8195,95.34982,68.63941,99.64124,final,Bugesera
2022-07-01,2,1011444,RW57,41.0,1.1707317,1.692683,5.4146338,7.8373985,219.39026,191.50731,92.201164,81.12729,114.18927,final,Bugesera
2022-07-11,2,1011444,RW57,41.0,1.1219512,0.85365856,4.5609756,5.1691055,170.87805,144.30325,104.58332,94.01983,117.79921,final,Bugesera
2022-07-21,2,1011444,RW57,41.0,2.9756098,1.8308944,5.2682924,4.377236,93.731705,103.5252,116.75792,109.50234,90.97583,final,Bugesera
2022-08-01,2,1011444,RW57,41.0,2.682927,4.992683,6.780488,7.6772356,77.439026,74.58699,76.88553,92.926315,103.58355,final,Bugesera
2022-08-11,2,1011444,RW57,41.0,4.6829267,5.774797,10.341463,12.598374,76.04878,51.769917,89.86643,87.17546,142.76714,final,Bugesera
2022-08-21,2,1011444,RW57,41.0,21.341463,9.106504,28.707317,19.873983,41.780487,37.906506,186.73274,135.51234,109.028885,final,Bugesera
2022-09-01,2,1011444,RW57,41.0,5.878049,16.501627,31.90244,31.382927,44.09756,46.89756,50.591747,101.4279,94.60476,final,Bugesera
2022-09-11,2,1011444,RW57,41.0,19.04878,18.42439,46.268295,44.03252,61.17073,61.8,102.66556,104.55978,99.057976,final,Bugesera
2022-09-21,2,1011444,RW57,41.0,15.341463,19.609756,40.268295,54.535774,74.2439,78.786995,82.65609,76.03545,94.577805,final,Bugesera
2022-10-01,2,1011444,RW57,41.0,15.317073,29.91057,49.707317,67.94472,88.390236,107.00488,58.197487,74.99832,83.3805,final,Bugesera
2022-10-11,2,1011444,RW57,41.0,14.804878,36.430893,45.463413,85.95122,102.073166,142.5821,47.8022,55.484043,72.55159,final,Bugesera
2022-10-21,2,1011444,RW57,41.0,31.707317,39.01382,61.82927,105.355286,130.80487,179.76505,83.39952,60.558285,73.50138,final,Bugesera
2022-11-01,2,1011444,RW57,41.0,24.682926,45.547966,71.19512,120.99268,152.80487,220.32033,58.722294,60.475834,70.03579,final,Bugesera
2022-11-11,2,1011444,RW57,41.0,51.90244,36.66585,108.29268,121.227646,200.02438,251.21138,136.56853,89.75267,80.021576,final,Bugesera
2022-11-21,2,1011444,RW57,41.0,46.439026,42.9252,123.02439,125.13902,225.12195,285.0301,107.331894,98.37509,79.34416,final,Bugesera
2022-12-01,2,1011444,RW57,41.0,47.19512,29.905691,145.53659,109.49675,266.43903,298.43414,149.53183,131.47673,89.455666,final,Bugesera
2022-12-11,2,1011444,RW57,41.0,28.341463,26.860163,121.97561,99.691055,275.7317,306.8699,104.649376,121.28601,90.01564,final,Bugesera
2022-12-21,2,1011444,RW57,41.0,31.829268,34.91301,107.36585,91.67886,292.21948,322.17316,92.27385,116.225876,90.8447,final,Bugesera
2023-01-01,2,1011444,RW57,41.0,17.365854,25.669106,77.53658,87.15691,294.26828,315.18942,72.92634,89.56093,93.46601,final,Bugesera
2023-01-11,2,1011444,RW57,41.0,48.80488,24.311382,98.0,85.86016,328.26825,303.26178,183.5631,113.361015,108.11208,final,Bugesera
2023-01-21,2,1011444,RW57,41.0,53.97561,27.619513,120.14634,77.6,350.5366,291.4,180.79855,151.5089,119.951614,final,Bugesera
2023-02-01,2,1011444,RW57,41.0,6.219512,25.347967,109.0,77.27886,332.07318,271.66016,36.969566,138.5532,121.83654,final,Bugesera
2023-02-11,2,1011444,RW57,41.0,5.268293,29.209757,65.46342,82.17724,285.43903,263.81546,30.01569,80.82777,108.044014,final,Bugesera
2023-02-21,2,1011444,RW57,41.0,21.634146,23.110569,33.12195,77.66829,260.63416,243.69186,94.7478,46.114357,106.81256,final,Bugesera
2023-03-01,2,1011444,RW57,41.0,20.268293,43.055283,47.17073,95.37561,233.70732,259.81137,52.581715,51.975506,90.1424,final,Bugesera
2023-03-11,2,1011444,RW57,41.0,74.29269,36.798374,116.19513,102.964226,279.65854,271.00162,189.70279,112.25489,103.13655,final,Bugesera
2023-03-21,2,1011444,RW57,41.0,55.317074,53.117073,149.87805,132.97073,303.14633,288.239,103.78547,112.25427,105.08368,final,Bugesera
2023-04-01,2,1011444,RW57,41.0,59.756096,54.00488,189.36584,143.92032,345.5366,316.5748,109.74702,130.51668,109.00624,final,Bugesera
2023-04-11,2,1011444,RW57,41.0,55.92683,48.057724,171.0,155.17967,352.65854,340.32114,114.83122,109.87661,103.57274,final,Bugesera
2023-04-21,2,1011444,RW57,41.0,60.97561,42.608944,176.65854,144.67154,359.65854,355.31058,138.57817,121.37146,101.20673,final,Bugesera
2023-05-01,2,1011444,RW57,41.0,47.121952,33.930893,164.02438,124.597565,400.56097,363.8935,133.88327,130.4225,109.939865,final,Bugesera
2023-05-11,2,1011444,RW57,41.0,11.780488,28.591871,119.87805,105.13171,407.07318,363.2756,49.95401,113.38974,111.89261,final,Bugesera
2023-05-21,2,1011444,RW57,41.0,12.219512,22.96992,71.12195,85.49268,397.65854,363.13498,61.5644,84.11945,109.37796,final,Bugesera
2023-06-01,2,1011444,RW57,41.0,1.7317073,7.510569,25.731707,59.072357,379.12195,327.59024,53.808167,47.96406,115.49405,final,Bugesera
2023-06-11,2,1011444,RW57,41.0,1.2439024,3.5219512,15.195122,34.002438,306.07318,294.3138,73.268456,51.77913,103.92878,final,Bugesera
2023-06-21,2,1011444,RW57,41.0,1.0243902,2.6227643,4.0,13.655285,251.78047,243.8195,79.03157,48.243702,103.19949,final,Bugesera
2023-07-01,2,1011444,RW57,41.0,0.85365856,1.692683,3.121951,7.8373985,192.87802,191.50731,87.463554,63.267887,100.69754,final,Bugesera
2023-07-11,2,1011444,RW57,41.0,0.36585367,0.85365856,2.2439024,5.1691055,137.31706,144.30325,91.66667,71.23441,95.3208,final,Bugesera
2023-07-21,2,1011444,RW57,41.0,0.80487806,1.8308944,2.0243902,4.377236,77.14634,103.5252,84.97977,74.908966,75.69334,final,Bugesera
2023-08-01,2,1011444,RW57,41.0,1.4146341,4.992683,2.5853658,7.6772356,31.439026,74.58699,64.193306,59.83454,45.785152,final,Bugesera
2023-08-11,2,1011444,RW57,41.0,1.6585366,5.774797,3.878049,12.598374,21.317076,51.769917,61.79732,50.44812,46.357433,final,Bugesera
2023-08-21,2,1011444,RW57,41.0,2.1707318,9.106504,5.243902,19.873983,11.268293,37.906506,50.8328,41.1832,37.91568,final,Bugesera
2023-09-01,2,1011444,RW57,41.0,12.804878,16.501627,16.634148,31.382927,22.341465,46.89756,82.80712,59.462364,52.683525,final,Bugesera
2023-09-11,2,1011444,RW57,41.0,32.682926,18.42439,47.658535,44.03252,53.780487,61.8,160.87047,107.39513,87.994736,final,Bugesera
2023-09-21,2,1011444,RW57,41.0,15.609756,19.609756,61.09756,54.535774,68.36585,78.786995,83.746284,111.02159,87.56234,final,Bugesera
2023-10-01,2,1011444,RW57,41.0,16.780487,29.91057,65.073166,67.94472,84.29268,107.00488,62.38938,96.063385,79.72213,final,Bugesera
2023-10-11,2,1011444,RW57,41.0,39.243904,36.430893,71.63415,85.95122,123.17073,142.5821,106.78965,84.258514,86.84707,final,Bugesera
2023-10-21,2,1011444,RW57,41.0,26.024391,39.01382,82.04878,105.355286,148.39024,179.76505,70.48784,78.880486,83.01908,final,Bugesera
2023-11-01,2,1011444,RW57,41.0,34.048782,45.547966,99.31708,120.99268,181.0244,220.32033,77.250946,82.796135,82.559975,final,Bugesera
2023-11-11,2,1011444,RW57,41.0,28.926828,36.66585,89.0,121.227646,208.2927,251.21138,81.42598,74.46863,83.248726,final,Bugesera
2023-11-21,2,1011444,RW57,41.0,46.634148,42.9252,109.60976,125.13902,252.7561,285.0301,107.73903,88.06718,88.87219,final,Bugesera
2023-12-01,2,1011444,RW57,41.0,20.658537,29.905691,96.21951,109.49675,260.60977,298.43414,73.50817,88.40383,87.53457,final,Bugesera
2023-12-11,2,1011444,RW57,41.0,27.219513,26.860163,94.5122,99.691055,255.14636,306.8699,101.1279,95.0532,83.41502,final,Bugesera
2023-12-21,2,1011444,RW57,41.0,56.26829,34.91301,104.14635,91.67886,295.80487,322.17316,153.50456,112.895775,91.94057,final,Bugesera
2024-01-01,2,1011444,RW57,41.0,20.09756,25.669106,103.58537,87.15691,299.12195,315.18942,81.83336,117.826614,94.98189,final,Bugesera
2024-01-11,2,1011444,RW57,41.0,25.463415,24.311382,101.82927,85.86016,285.34146,303.26178,103.93033,117.57548,94.18666,final,Bugesera
2024-01-21,2,1011444,RW57,41.0,25.756098,27.619513,71.31707,77.6,285.07318,291.4,94.28742,92.39355,97.86545,final,Bugesera
2024-02-01,2,1011444,RW57,41.0,18.756098,25.347967,69.97561,77.27886,269.7805,271.66016,78.279045,91.12378,99.32059,final,Bugesera
2024-02-11,2,1011444,RW57,41.0,22.414635,29.209757,66.926834,82.17724,263.2683,263.81546,80.136894,82.50644,99.796455,final,Bugesera
2024-02-21,2,1011444,RW57,41.0,11.170732,23.110569,52.34146,77.66829,227.80489,243.69186,57.52545,69.36331,93.611786,final,Bugesera
2024-03-01,2,1011444,RW57,41.0,25.95122,43.055283,59.536583,95.37561,233.09756,259.81137,64.407524,64.29508,89.91214,final,Bugesera
2024-03-11,2,1011444,RW57,41.0,17.414635,36.798374,54.536587,102.964226,223.2927,271.00162,53.625614,55.144733,82.71426,final,Bugesera
2024-03-21,2,1011444,RW57,41.0,33.0,53.117073,76.36585,132.97073,200.02438,288.239,65.38526,58.97327,69.91716,final,Bugesera
2024-04-01,2,1011444,RW57,41.0,58.390244,54.00488,108.80488,143.92032,238.31706,316.5748,107.43221,76.41998,75.66422,final,Bugesera
2024-04-11,2,1011444,RW57,41.0,57.878048,48.057724,149.2683,155.17967,270.7317,340.32114,118.50876,96.30953,79.8479,final,Bugesera
2024-04-21,2,1011444,RW57,41.0,76.97561,42.608944,193.2439,144.67154,321.9512,355.31058,172.18532,132.45264,90.7415,final,Bugesera
2024-05-01,2,1011444,RW57,41.0,32.121952,33.930893,166.9756,124.597565,335.31708,363.8935,95.353455,132.69972,92.25348,final,Bugesera
2024-05-11,2,1011444,RW57,41.0,8.609756,28.591871,117.70732,105.13171,321.5122,363.2756,40.515026,111.4187,88.659744,final,Bugesera
2024-05-21,2,1011444,RW57,41.0,4.878049,22.96992,45.609756,85.49268,315.21954,363.13498,35.31669,55.926907,86.984276,final,Bugesera
2024-06-01,2,1011444,RW57,41.0,1.8780488,7.510569,15.365854,59.072357,291.14636,327.59024,54.977905,31.785711,89.042404,final,Bugesera
2024-06-11,2,1011444,RW57,41.0,1.1463414,3.5219512,7.902439,34.002438,274.87802,294.3138,72.123634,33.08111,93.50655,final,Bugesera
2024-06-21,2,1011444,RW57,41.0,1.1219512,2.6227643,4.1463413,13.655285,243.0,243.8195,80.31143,49.028152,99.67064,final,Bugesera
2024-07-01,2,1011444,RW57,41.0,0.8292683,1.692683,3.097561,7.8373985,185.43903,191.50731,87.09912,63.077896,96.911934,final,Bugesera
2024-07-11,2,1011444,RW57,41.0,0.63414633,0.85365856,2.5853658,5.1691055,128.19513,144.30325,96.25,74.59226,89.211136,final,Bugesera
2024-07-21,2,1011444,RW57,41.0,0.8292683,1.8308944,2.292683,4.377236,52.048786,103.5252,85.33682,77.77007,52.567314,final,Bugesera
2024-08-01,2,1011444,RW57,41.0,1.5365853,4.992683,3.0,7.6772356,21.463413,74.58699,65.41371,63.105236,33.250927,final,Bugesera
2024-08-11,2,1011444,RW57,41.0,3.804878,5.774797,6.1707315,12.598374,16.658537,51.769917,81.71734,63.47593,38.151436,final,Bugesera
2024-08-21,2,1011444,RW57,41.0,9.512196,9.106504,14.853659,19.873983,21.292683,37.906506,102.875916,79.81697,61.27901,final,Bugesera
2024-09-01,2,1011444,RW57,41.0,11.487804,16.501627,24.804878,31.382927,30.90244,46.89756,76.68166,81.91995,69.179436,final,Bugesera
2024-09-11,2,1011444,RW57,41.0,4.02439,18.42439,25.024391,44.03252,33.780487,61.8,38.525616,61.233627,58.05462,final,Bugesera
2024-09-21,2,1011444,RW57,41.0,38.780487,19.609756,54.292683,54.535774,71.439026,78.786995,177.89891,99.59169,91.23018,final,Bugesera
2024-10-01,2,1011444,RW57,41.0,33.585365,29.91057,76.39024,67.94472,104.19512,107.00488,110.52631,111.57799,97.491394,final,Bugesera
2024-10-11,2,1011444,RW57,41.0,54.292683,36.430893,126.65854,85.95122,157.85365,142.5821,143.11226,144.75732,110.34783,final,Bugesera
2024-10-21,2,1011444,RW57,41.0,20.439024,39.01382,108.31708,105.355286,177.46341,179.76505,57.797806,102.68387,98.754295,final,Bugesera
2024-11-01,2,1011444,RW57,41.0,67.731705,45.547966,142.46341,120.99268,243.65854,220.32033,143.8865,117.04125,110.357796,final,Bugesera
2024-11-11,2,1011444,RW57,41.0,75.12195,36.66585,163.29268,121.227646,314.9756,251.21138,192.29643,133.32474,124.887344,final,Bugesera
2024-11-21,2,1011444,RW57,41.0,95.07317,42.9252,237.92682,125.13902,400.5366,285.0301,208.81116,186.66716,139.82568,final,Bugesera
2024-12-01,2,1011444,RW57,41.0,18.170732,29.905691,188.36586,109.49675,407.2195,298.43414,66.38095,168.88327,135.8514,final,Bugesera
2024-12-11,2,1011444,RW57,41.0,18.829268,26.860163,132.07317,99.691055,422.0244,306.8699,74.793304,130.93112,136.9239,final,Bugesera
2024-12-21,2,1011444,RW57,41.0,36.560974,34.91301,73.560974,91.67886,419.80487,322.17316,104.12888,81.25972,129.84099,final,Bugesera
2025-01-01,2,1011444,RW57,41.0,4.3170733,25.669106,59.707317,87.15691,390.5366,315.18942,30.379347,70.21429,123.53206,final,Bugesera
2025-01-11,2,1011444,RW57,41.0,28.829268,24.311382,69.70731,85.86016,365.07315,303.26178,115.41343,82.2223,120.05159,final,Bugesera
2025-01-21,2,1011444,RW57,41.0,40.634148,27.619513,73.78049,77.6,385.26828,291.4,139.8983,95.37589,131.66946,final,Bugesera
2025-02-01,2,1011444,RW57,41.0,30.121952,25.347967,99.58537,77.27886,347.65854,271.66016,115.73082,127.11086,127.46995,final,Bugesera
2025-02-11,2,1011444,RW57,41.0,13.829268,29.209757,84.58537,82.17724,286.36584,263.81546,55.040646,102.762344,108.388794,final,Bugesera
2025-02-21,2,1011444,RW57,41.0,2.8292682,23.110569,46.78049,77.66829,194.12195,243.69186,27.851688,62.63646,80.06773,final,Bugesera
2025-03-01,2,1011444,RW57,41.0,11.195122,43.055283,27.853659,95.37561,187.14633,259.81137,33.701023,32.73072,72.5597,final,Bugesera
2025-03-11,2,1011444,RW57,41.0,29.487804,36.798374,43.512196,102.964226,197.80489,271.00162,82.50992,44.933586,73.4796,final,Bugesera
2025-03-21,2,1011444,RW57,41.0,27.926828,53.117073,68.60976,132.97073,189.17075,288.239,56.656033,53.35172,66.21586,final,Bugesera
2025-04-01,2,1011444,RW57,41.0,55.09756,54.00488,112.51219,143.92032,239.95123,316.5748,101.851845,78.90944,76.1724,final,Bugesera
2025-04-11,2,1011444,RW57,41.0,62.243904,48.057724,145.2683,155.17967,273.36588,340.32114,126.73726,93.81234,80.610725,final,Bugesera
2025-04-21,2,1011444,RW57,41.0,89.34146,42.608944,206.68292,144.67154,322.07318,355.31058,198.1591,141.43164,90.775345,final,Bugesera
2025-05-01,2,1011444,RW57,41.0,43.707317,33.930893,195.29268,124.597565,335.6585,363.8935,125.11224,154.54973,92.34603,final,Bugesera
2025-05-11,2,1011444,RW57,41.0,25.634146,28.591871,158.68292,105.13171,347.4634,363.2756,91.195114,148.62471,95.70642,final,Bugesera
2025-05-21,2,1011444,RW57,41.0,24.878048,22.96992,94.21951,85.49268,369.5122,363.13498,106.822075,109.643684,101.7323,final,Bugesera
2025-06-01,2,1011444,RW57,41.0,7.878049,7.510569,58.39024,59.072357,366.19513,327.59024,102.93736,98.935394,111.60734,final,Bugesera
2025-06-11,2,1011444,RW57,41.0,11.804878,3.5219512,44.560974,34.002438,348.5122,294.3138,197.19519,127.07147,118.107544,final,Bugesera
2025-06-21,2,1011444,RW57,41.0,2.5609756,2.6227643,22.243902,13.655285,323.14633,243.8195,99.189415,146.03851,131.88127,final,Bugesera
2025-07-01,2,1011444,RW57,41.0,1.3658537,1.692683,15.731708,7.8373985,269.4146,191.50731,95.116615,161.49463,139.64601,final,Bugesera
2025-07-11,2,1011444,RW57,41.0,1.0731708,0.85365856,5.0,5.1691055,208.2439,144.30325,103.74999,98.33707,142.82602,final,Bugesera
2025-07-21,2,1011444,RW57,41.0,0.9512195,1.8308944,3.390244,4.377236,119.85366,103.5252,87.122116,89.474594,115.04578,final,Bugesera
2025-08-01,2,1011444,RW57,41.0,5.4634147,4.992683,7.487805,7.6772356,81.60975,74.58699,104.71077,98.50574,108.824005,final,Bugesera
2025-08-11,2,1011444,RW57,41.0,12.170732,5.774797,18.585365,12.598374,68.14633,51.769917,159.36012,134.02014,128.84698,final,Bugesera
2025-08-21,2,1011444,RW57,41.0,3.487805,9.106504,21.12195,19.873983,46.7561,37.906506,60.16944,105.01716,120.62529,final,Bugesera
2025-09-01,2,1011444,RW57,41.0,6.365854,16.501627,22.024391,31.382927,45.2439,46.89756,52.86044,74.27767,96.81361,final,Bugesera
2025-09-11,2,1011444,RW57,41.0,17.853659,18.42439,27.707317,44.03252,51.29268,61.8,97.563515,66.70536,84.27047,final,Bugesera
2025-09-21,2,1011444,RW57,41.0,7.8536587,19.609756,32.073174,54.535774,56.585365,78.786995,52.229927,62.270416,73.5023,final,Bugesera
2025-10-01,2,1011444,RW57,41.0,37.707317,29.91057,63.414635,67.94472,92.926834,107.00488,122.33349,93.7897,87.43086,final,Bugesera
2025-10-11,2,1011444,RW57,41.0,22.780487,36.430893,68.34146,85.95122,114.63414,142.5821,67.05259,80.638245,81.06277,final,Bugesera
2025-10-21,2,1011444,RW57,41.0,77.439026,39.01382,137.92683,105.355286,191.12195,179.76505,187.30258,129.51517,106.14667,final,Bugesera
2025-11-01,2,1011444,RW57,41.0,47.658535,45.547966,147.87805,120.99268,233.31708,220.32033,104.17538,121.33883,105.76812,final,Bugesera
2025-11-11,2,1011444,RW57,41.0,27.487804,36.66585,152.58537,121.227646,248.63416,251.21138,77.97226,124.8422,98.9941,final,Bugesera
2025-11-21,2,1011444,RW57,41.0,16.853659,42.9252,92.0,125.13902,262.0,285.0301,45.599514,74.535675,92.05942,final,Bugesera
2025-12-01,2,1011444,RW57,41.0,25.0,29.905691,69.34146,109.49675,280.63416,298.43414,85.94586,64.92889,94.13383,final,Bugesera
2025-12-11,2,1011444,RW57,41.0,31.146341,26.860163,73.0,99.691055,293.92682,306.8699,113.45309,74.50493,95.849846,final,Bugesera
2025-12-21,2,1011444,RW57,41.0,64.85366,34.91301,121.0,91.67886,350.92685,322.17316,175.01477,130.32838,108.78853,final,Bugesera
2026-01-01,2,1011444,RW57,41.0,54.317074,25.669106,150.31708,87.15691,367.5366,315.18942,193.40987,168.53546,116.348816,final,Bugesera
2026-01-11,2,1011444,RW57,41.0,29.609756,24.311382,148.78049,85.86016,374.36584,303.26178,118.07617,169.24963,123.066124,final,Bugesera
2026-01-21,2,1011444,RW57,41.0,61.02439,27.619513,144.95123,77.6,357.9512,291.4,202.40765,181.53902,122.45318,final,Bugesera
2026-02-01,2,1011444,RW57,41.0,28.609756,25.347967,119.243904,77.27886,338.90247,271.66016,110.74797,151.00343,124.30502,final,Bugesera
2026-02-11,2,1011444,RW57,41.0,25.95122,29.209757,115.585365,82.17724,337.3659,263.81546,90.47484,138.32208,127.36094,final,Bugesera
2026-02-21,2,1011444,RW57,41.0,14.756098,23.110569,69.31707,77.66829,335.2683,243.69186,70.27996,89.89792,136.82326,final,Bugesera
2026-03-01,2,1011444,RW57,41.0,46.560974,43.055283,87.268295,95.37561,356.82928,259.81137,107.29512,91.92302,136.63661,prelim,Bugesera
2026-03-11,2,1011444,RW57,41.0,38.682926,36.798374,100.0,102.964226,364.36584,271.00162,104.508675,97.25444,133.82742,prelim,Bugesera
2026-03-21,2,1011444,RW57,41.0,43.463413,53.117073,128.7073,132.97073,342.97562,288.239,83.38929,96.909904,118.66621,prelim,Bugesera
2026-04-01,2,1011444,RW57,41.0,20.975609,54.00488,103.12195,143.92032,309.63416,316.5748,44.022816,72.6039,97.84167,prelim,Bugesera
2026-04-11,2,1011444,RW57,41.0,53.048782,48.057724,117.48781,155.17967,333.07318,340.32114,109.40684,76.46901,97.9011,forecast,Bugesera
2022-01-01,2,1011448,RW53,51.0,15.784314,22.300653,100.82353,81.973854,307.09802,321.8281,76.131195,121.672806,95.49302,final,Gatsibo
2022-01-11,2,1011448,RW53,51.0,38.117645,21.72026,98.666664,78.88824,314.68628,306.1026,161.36685,123.57712,102.75911,final,Gatsibo
2022-01-21,2,1011448,RW53,51.0,23.313726,23.628757,77.21568,67.64967,270.4902,282.82614,98.8996,113.16731,95.714096,final,Gatsibo
2022-02-01,2,1011448,RW53,51.0,35.901962,24.501307,97.333336,69.85033,275.09802,262.26144,138.64458,136.71729,104.803,final,Gatsibo
2022-02-11,2,1011448,RW53,51.0,54.098038,28.305882,113.31373,76.43594,305.41174,252.02876,177.44025,145.28441,120.76927,final,Gatsibo
2022-02-21,2,1011448,RW53,51.0,39.64706,24.863398,129.64706,77.670586,307.47058,234.48889,149.50429,162.8718,130.47394,final,Gatsibo
2022-03-01,2,1011448,RW53,51.0,36.862743,43.901962,130.60785,97.07124,328.76468,248.89543,85.605446,132.85606,131.45753,final,Gatsibo
2022-03-11,2,1011448,RW53,51.0,40.72549,37.517647,117.23529,106.283005,329.2157,261.60718,107.54473,109.841835,125.35886,final,Gatsibo
2022-03-21,2,1011448,RW53,51.0,33.35294,55.683006,110.94118,137.10262,317.80392,282.42288,63.202106,81.58976,112.30975,final,Gatsibo
2022-04-01,2,1011448,RW53,51.0,22.333334,55.860783,96.411766,149.06143,324.35294,315.983,44.91124,65.82554,102.6076,final,Gatsibo
2022-04-11,2,1011448,RW53,51.0,73.09804,53.673203,128.7843,165.217,359.33337,347.93594,133.10683,78.59632,103.22932,final,Gatsibo
2022-04-21,2,1011448,RW53,51.0,102.15686,41.951633,197.58823,151.48563,438.17645,366.25882,228.22818,129.46124,119.37129,final,Gatsibo
2022-05-01,2,1011448,RW53,51.0,16.37255,39.54379,191.62744,135.16862,418.64706,381.3013,47.980984,140.2792,109.66753,final,Gatsibo
2022-05-11,2,1011448,RW53,51.0,11.3529415,29.101961,129.88235,110.59739,375.90195,382.09738,47.953083,116.68288,98.39951,final,Gatsibo
2022-05-21,2,1011448,RW53,51.0,67.27451,26.279085,95.0,94.924835,403.52942,383.51306,231.06339,100.07522,105.15205,final,Gatsibo
2022-06-01,2,1011448,RW53,51.0,3.3921568,9.005229,82.019615,64.38628,370.0588,348.61633,59.921593,125.4133,106.063774,final,Gatsibo
2022-06-11,2,1011448,RW53,51.0,2.0980392,4.385621,72.76471,39.669933,331.43137,315.4843,75.62674,174.08737,104.97593,final,Gatsibo
2022-06-21,2,1011448,RW53,51.0,2.0392158,3.2562091,7.5294123,16.647058,300.11765,263.05753,85.25966,57.880436,113.82544,final,Gatsibo
2022-07-01,2,1011448,RW53,51.0,1.372549,2.1594772,5.509804,9.801308,279.15686,209.3562,89.00858,71.00592,132.56294,final,Gatsibo
2022-07-11,2,1011448,RW53,51.0,0.98039216,1.3928105,4.392157,6.808497,207.0392,157.07582,93.54871,79.53728,130.82716,final,Gatsibo
2022-07-21,2,1011448,RW53,51.0,6.1764708,3.3673203,8.529412,6.919608,111.05882,118.4915,133.57289,113.50551,93.981224,final,Gatsibo
2022-08-01,2,1011448,RW53,51.0,8.039216,9.144444,15.196079,13.904575,102.725494,88.092155,92.18613,106.8317,115.7192,final,Gatsibo
2022-08-11,2,1011448,RW53,51.0,17.039215,10.684314,31.254902,23.19608,108.411766,69.67451,140.51756,128.58136,151.8748,final,Gatsibo
2022-08-21,2,1011448,RW53,51.0,28.588236,16.596079,53.666664,36.424835,69.725494,59.991505,155.52933,141.62196,114.97733,final,Gatsibo
2022-09-01,2,1011448,RW53,51.0,14.90196,24.369934,60.52941,51.650326,81.2353,75.35621,67.76305,115.67349,107.31628,final,Gatsibo
2022-09-11,2,1011448,RW53,51.0,23.843138,24.167974,67.333336,65.13399,102.9804,95.138565,98.88632,103.13592,107.830986,final,Gatsibo
2022-09-21,2,1011448,RW53,51.0,25.039215,24.611765,63.784313,73.14967,125.98039,116.49412,101.44352,88.01613,107.80801,final,Gatsibo
2022-10-01,2,1011448,RW53,51.0,23.039215,36.9366,71.92157,85.71634,147.64706,151.27124,66.86096,84.79351,97.68084,final,Gatsibo
2022-10-11,2,1011448,RW53,51.0,17.666666,37.72222,65.745094,99.270584,164.33334,187.60066,53.05592,67.8476,87.919395,final,Gatsibo
2022-10-21,2,1011448,RW53,51.0,46.372547,45.86536,87.07843,120.524185,204.52942,230.0987,100.997116,73.35513,89.12402,final,Gatsibo
2022-11-01,2,1011448,RW53,51.0,29.137255,45.420914,93.17647,129.0085,225.62746,266.37515,67.70455,73.261375,84.98474,final,Gatsibo
2022-11-11,2,1011448,RW53,51.0,52.862743,38.14902,128.37254,129.43529,261.45096,293.83987,134.09978,99.20947,89.16178,final,Gatsibo
2022-11-21,2,1011448,RW53,51.0,41.235294,42.17059,123.23529,125.740524,274.09805,319.41437,98.01721,98.08381,86.03135,final,Gatsibo
2022-12-01,2,1011448,RW53,51.0,46.92157,32.16601,141.0196,112.48562,306.11765,327.21045,139.70175,124.287224,93.65077,final,Gatsibo
2022-12-11,2,1011448,RW53,51.0,27.313726,25.969934,115.47059,100.30653,309.58823,329.01242,104.33903,114.399925,94.184586,final,Gatsibo
2022-12-21,2,1011448,RW53,51.0,26.549019,34.08693,100.78432,92.22288,311.09802,338.48758,80.71501,108.80599,92.02605,final,Gatsibo
2023-01-01,2,1011448,RW53,51.0,20.470589,22.300653,74.333336,81.973854,308.5294,321.8281,93.29663,91.21516,95.93098,final,Gatsibo
2023-01-11,2,1011448,RW53,51.0,58.333332,21.72026,105.352936,78.88824,349.19608,306.1026,237.02364,131.54758,113.85186,final,Gatsibo
2023-01-21,2,1011448,RW53,51.0,36.490196,23.628757,115.29412,67.64967,339.31372,282.82614,144.9249,165.5811,119.625595,final,Gatsibo
2023-02-01,2,1011448,RW53,51.0,5.470588,24.501307,100.29412,69.85033,315.64706,262.26144,35.49195,140.6729,119.97505,final,Gatsibo
2023-02-11,2,1011448,RW53,51.0,3.8039215,28.305882,45.764706,76.43594,266.58823,252.02876,26.433533,62.336975,105.66453,final,Gatsibo
2023-02-21,2,1011448,RW53,51.0,18.882353,24.863398,28.156862,77.670586,244.23529,234.48889,79.971985,40.1072,104.069664,final,Gatsibo
2023-03-01,2,1011448,RW53,51.0,16.470589,43.901962,39.15686,97.07124,213.7843,248.89543,43.905373,43.260826,86.17103,final,Gatsibo
2023-03-11,2,1011448,RW53,51.0,80.72549,37.517647,116.07843,106.283005,267.19608,261.60718,201.62332,108.80227,102.096306,final,Gatsibo
2023-03-21,2,1011448,RW53,51.0,55.60784,55.683006,152.80392,137.10262,296.2549,282.42288,99.87614,111.04927,104.81243,final,Gatsibo
2023-04-01,2,1011448,RW53,51.0,54.294117,55.860783,190.62744,149.06143,330.07846,315.983,97.42582,126.98015,104.391335,final,Gatsibo
2023-04-11,2,1011448,RW53,51.0,72.39216,53.673203,182.29413,165.217,344.13727,347.93594,131.90376,110.03257,98.9237,final,Gatsibo
2023-04-21,2,1011448,RW53,51.0,51.431374,41.951633,178.11765,151.48563,359.07843,366.25882,120.190445,117.01883,98.06593,final,Gatsibo
2023-05-01,2,1011448,RW53,51.0,79.94118,39.54379,203.76471,135.16862,433.549,381.3013,190.6914,148.93826,113.525116,final,Gatsibo
2023-05-11,2,1011448,RW53,51.0,7.0588236,29.101961,138.43138,110.59739,436.80396,382.09738,35.361088,124.07839,114.132515,final,Gatsibo
2023-05-21,2,1011448,RW53,51.0,7.5882354,26.279085,94.588234,94.924835,425.5098,383.51306,40.2449,99.66315,110.809616,final,Gatsibo
2023-06-01,2,1011448,RW53,51.0,2.7058823,9.005229,17.352942,64.38628,411.7451,348.61633,55.021465,32.21522,117.85233,final,Gatsibo
2023-06-11,2,1011448,RW53,51.0,4.019608,4.385621,14.313726,39.669933,335.03925,315.4843,96.10027,43.236523,106.10168,final,Gatsibo
2023-06-21,2,1011448,RW53,51.0,1.3529412,3.2562091,8.078432,16.647058,280.78433,263.05753,76.94743,60.416668,106.61307,final,Gatsibo
2023-07-01,2,1011448,RW53,51.0,1.4313725,2.1594772,6.8039217,9.801308,227.92157,209.3562,89.8302,79.749176,108.66098,final,Gatsibo
2023-07-11,2,1011448,RW53,51.0,0.8039216,1.3928105,3.5882354,6.808497,156.33334,157.07582,90.78827,72.72929,99.54189,final,Gatsibo
2023-07-21,2,1011448,RW53,51.0,0.98039216,3.3673203,3.2156863,6.919608,105.882355,118.4915,71.473206,68.92582,89.78946,final,Gatsibo
2023-08-01,2,1011448,RW53,51.0,1.9019607,9.144444,3.6862745,13.904575,27.843136,88.092155,48.796265,45.948,35.28024,final,Gatsibo
2023-08-11,2,1011448,RW53,51.0,1.7843137,10.684314,4.6666665,23.19608,22.568626,69.67451,43.255405,34.283726,36.91839,final,Gatsibo
2023-08-21,2,1011448,RW53,51.0,2.0392158,16.596079,5.7254906,36.424835,17.019608,59.991505,32.59488,25.89145,33.88075,final,Gatsibo
2023-09-01,2,1011448,RW53,51.0,30.843138,24.369934,34.666668,51.650326,45.156864,75.35621,122.040245,70.020195,62.418156,final,Gatsibo
2023-09-11,2,1011448,RW53,51.0,46.372547,24.167974,79.2549,65.13399,87.5098,95.138565,176.12656,120.134186,92.38179,final,Gatsibo
2023-09-21,2,1011448,RW53,51.0,25.039215,24.611765,102.2549,73.14967,111.196075,116.49412,101.44352,137.24292,95.63926,final,Gatsibo
2023-10-01,2,1011448,RW53,51.0,26.137255,36.9366,97.54901,85.71634,135.90196,151.27124,74.248405,113.043594,90.165,final,Gatsibo
2023-10-11,2,1011448,RW53,51.0,37.862743,37.72222,89.039215,99.270584,172.96078,187.60066,100.32892,90.187675,92.39885,final,Gatsibo
2023-10-21,2,1011448,RW53,51.0,29.039215,45.86536,93.039215,120.524185,201.0196,230.0987,66.92023,78.10384,87.63112,final,Gatsibo
2023-11-01,2,1011448,RW53,51.0,38.568626,45.420914,105.47059,129.0085,237.68628,266.37515,86.40983,82.43551,89.42834,final,Gatsibo
2023-11-11,2,1011448,RW53,51.0,53.294117,38.14902,120.90196,129.43529,289.19608,293.83987,135.0995,93.652466,98.44606,final,Gatsibo
2023-11-21,2,1011448,RW53,51.0,61.60784,42.17059,153.47058,125.740524,348.7647,319.41437,141.2063,121.20999,109.04717,final,Gatsibo
2023-12-01,2,1011448,RW53,51.0,34.54902,32.16601,149.45099,112.48562,352.47058,327.21045,106.41179,131.46375,107.60366,final,Gatsibo
2023-12-11,2,1011448,RW53,51.0,24.039215,25.969934,120.196075,100.30653,330.13724,329.01242,93.76582,118.88728,100.336754,final,Gatsibo
2023-12-21,2,1011448,RW53,51.0,54.92157,34.08693,113.5098,92.22288,360.0196,338.48758,153.30334,121.89498,106.26865,final,Gatsibo
2024-01-01,2,1011448,RW53,51.0,11.960784,22.300653,90.92157,81.973854,345.84314,321.8281,62.125935,110.28782,107.347916,final,Gatsibo
2024-01-11,2,1011448,RW53,51.0,21.37255,21.72026,88.254906,78.88824,329.35294,306.1026,98.6987,111.16566,107.473526,final,Gatsibo
2024-01-21,2,1011448,RW53,51.0,29.705883,23.628757,63.039215,67.64967,330.0196,282.82614,121.22735,93.65385,116.39651,final,Gatsibo
2024-02-01,2,1011448,RW53,51.0,23.82353,24.501307,74.90196,69.85033,315.2745,262.26144,97.70256,106.748985,119.83565,final,Gatsibo
2024-02-11,2,1011448,RW53,51.0,15.980392,28.305882,69.5098,76.43594,277.96075,252.02876,62.993057,91.49498,110.08915,final,Gatsibo
2024-02-21,2,1011448,RW53,51.0,14.431373,24.863398,54.2353,77.670586,230.78432,234.48889,65.06752,71.65221,98.45313,final,Gatsibo
2024-03-01,2,1011448,RW53,51.0,29.980392,43.901962,60.39216,97.07124,226.21568,248.89543,71.53168,64.06521,91.06729,final,Gatsibo
2024-03-11,2,1011448,RW53,51.0,18.490196,37.517647,62.901962,106.283005,220.66666,261.60718,55.24811,61.017372,84.643875,final,Gatsibo
2024-03-21,2,1011448,RW53,51.0,35.627453,55.683006,84.09804,137.10262,201.37257,282.42288,66.950294,62.699787,71.801025,final,Gatsibo
2024-04-01,2,1011448,RW53,51.0,49.862743,55.860783,103.98039,149.06143,239.27454,315.983,90.14466,70.738266,76.10202,final,Gatsibo
2024-04-11,2,1011448,RW53,51.0,59.627453,53.673203,145.11765,165.217,277.52942,347.93594,110.14817,88.191925,80.05119,final,Gatsibo
2024-04-21,2,1011448,RW53,51.0,67.588234,41.951633,177.07843,151.48563,315.41177,366.25882,154.60214,116.35473,86.30415,final,Gatsibo
2024-05-01,2,1011448,RW53,51.0,45.666668,39.54379,172.88235,135.16862,337.2549,381.3013,113.74575,126.90597,88.597916,final,Gatsibo
2024-05-11,2,1011448,RW53,51.0,4.470588,29.101961,117.72549,110.59739,325.7451,382.09738,27.771393,106.16631,85.442345,final,Gatsibo
2024-05-21,2,1011448,RW53,51.0,3.372549,26.279085,53.509804,94.924835,314.68628,383.51306,26.767244,58.553814,82.28456,final,Gatsibo
2024-06-01,2,1011448,RW53,51.0,1.3137255,9.005229,9.156862,64.38628,286.0196,348.61633,45.0812,20.402971,82.29812,final,Gatsibo
2024-06-11,2,1011448,RW53,51.0,1.2156863,4.385621,5.901961,39.669933,268.7451,315.4843,66.225624,24.40559,85.41607,final,Gatsibo
2024-06-21,2,1011448,RW53,51.0,1.372549,3.2562091,3.9019608,16.647058,234.49017,263.05753,77.18493,41.123188,89.34283,final,Gatsibo
2024-07-01,2,1011448,RW53,51.0,3.0588236,2.1594772,5.647059,9.801308,187.68625,209.3562,112.56162,71.93323,89.890686,final,Gatsibo
2024-07-11,2,1011448,RW53,51.0,0.8235294,1.3928105,5.254902,6.808497,128.88235,157.07582,91.09498,86.84342,82.60477,final,Gatsibo
2024-07-21,2,1011448,RW53,51.0,2.372549,3.3673203,6.254902,6.919608,63.666664,118.4915,88.11124,94.423416,55.604362,final,Gatsibo
2024-08-01,2,1011448,RW53,51.0,2.0392158,9.144444,5.2352943,13.904575,20.039215,88.092155,49.766647,54.14189,26.897234,final,Gatsibo
2024-08-11,2,1011448,RW53,51.0,7.8039217,10.684314,12.215687,23.19608,23.372551,69.67451,81.63521,61.057026,37.994965,final,Gatsibo
2024-08-21,2,1011448,RW53,51.0,9.980392,16.596079,19.82353,36.424835,29.980392,59.991505,69.36626,59.92427,53.823025,final,Gatsibo
2024-09-01,2,1011448,RW53,51.0,9.137255,24.369934,26.921568,51.650326,37.803925,75.35621,48.135124,56.348427,53.267723,final,Gatsibo
2024-09-11,2,1011448,RW53,51.0,8.666667,24.167974,27.784313,65.13399,45.2549,95.138565,46.855045,46.74526,50.185364,final,Gatsibo
2024-09-21,2,1011448,RW53,51.0,52.235294,24.611765,70.039215,73.14967,96.117645,116.49412,193.28566,96.01987,83.228424,final,Gatsibo
2024-10-01,2,1011448,RW53,51.0,31.960785,36.9366,92.86275,85.71634,125.01961,151.27124,88.13491,107.877754,83.20124,final,Gatsibo
2024-10-11,2,1011448,RW53,51.0,60.215687,37.72222,144.41176,99.270584,184.41176,187.60066,152.6505,143.29234,98.34429,final,Gatsibo
2024-10-21,2,1011448,RW53,51.0,19.90196,45.86536,112.07843,120.524185,201.94118,230.0987,48.95662,93.271614,88.02311,final,Gatsibo
2024-11-01,2,1011448,RW53,51.0,64.23529,45.420914,144.35294,129.0085,264.13727,266.37515,137.31464,111.45035,99.175354,final,Gatsibo
2024-11-11,2,1011448,RW53,51.0,78.45098,38.14902,162.58823,129.43529,334.7843,293.83987,193.4018,124.66089,113.701126,final,Gatsibo
2024-11-21,2,1011448,RW53,51.0,88.52941,42.17059,231.2157,125.740524,413.33334,319.41437,198.27908,180.6752,128.95032,final,Gatsibo
2024-12-01,2,1011448,RW53,51.0,22.27451,32.16601,189.2549,112.48562,426.47058,327.21045,73.38563,165.34355,129.8787,final,Gatsibo
2024-12-11,2,1011448,RW53,51.0,23.019608,25.969934,133.82353,100.30653,440.82355,329.01242,90.47357,131.82803,133.47514,final,Gatsibo
2024-12-21,2,1011448,RW53,51.0,37.568626,34.08693,82.86275,92.22288,426.1569,338.48758,108.90757,90.372505,125.523285,final,Gatsibo
2025-01-01,2,1011448,RW53,51.0,4.8235292,22.300653,65.411766,81.973854,399.0196,321.8281,35.982765,80.9574,123.61838,final,Gatsibo
2025-01-11,2,1011448,RW53,51.0,21.09804,21.72026,63.490196,78.88824,359.90195,306.1026,97.67136,81.64458,117.29312,final,Gatsibo
2025-01-21,2,1011448,RW53,51.0,29.82353,23.628757,55.745102,67.64967,369.82355,282.82614,121.6383,83.61373,130.22568,final,Gatsibo
2025-02-01,2,1011448,RW53,51.0,20.235294,24.501307,71.15686,69.85033,325.82352,262.26144,85.53958,101.74554,123.78273,final,Gatsibo
2025-02-11,2,1011448,RW53,51.0,12.607843,28.305882,62.666664,76.43594,259.98038,252.02876,52.867065,83.09189,103.09367,final,Gatsibo
2025-02-21,2,1011448,RW53,51.0,2.372549,24.863398,35.21569,77.670586,173.82353,234.48889,24.687576,48.645706,74.668816,final,Gatsibo
2025-03-01,2,1011448,RW53,51.0,12.137255,43.901962,27.117647,97.07124,163.68628,248.89543,35.044106,31.465908,66.43927,final,Gatsibo
2025-03-11,2,1011448,RW53,51.0,32.235294,37.517647,46.7451,106.283005,172.90196,261.60718,87.57609,46.498653,66.72812,final,Gatsibo
2025-03-21,2,1011448,RW53,51.0,31.392157,55.683006,75.76471,137.10262,166.72548,282.42288,59.97092,56.835484,59.746628,final,Gatsibo
2025-04-01,2,1011448,RW53,51.0,57.980392,55.860783,121.60784,149.06143,219.88234,315.983,103.48273,82.1801,70.06052,final,Gatsibo
2025-04-11,2,1011448,RW53,51.0,61.52941,53.673203,150.90196,165.217,260.31372,347.93594,113.38978,91.590126,75.17334,final,Gatsibo
2025-04-21,2,1011448,RW53,51.0,90.70588,41.951633,210.21568,151.48563,321.19608,366.25882,203.8393,137.53064,87.862175,final,Gatsibo
2025-05-01,2,1011448,RW53,51.0,60.588234,39.54379,212.82352,135.16862,361.549,381.3013,147.2444,155.40105,94.88682,final,Gatsibo
2025-05-11,2,1011448,RW53,51.0,28.078432,29.101961,179.37254,110.59739,377.0196,382.09738,96.99862,159.49542,98.68824,final,Gatsibo
2025-05-21,2,1011448,RW53,51.0,28.215687,26.279085,116.882355,94.924835,402.86273,383.51306,106.19136,121.97404,104.980446,final,Gatsibo
2025-06-01,2,1011448,RW53,51.0,7.8235292,9.005229,64.11765,64.38628,398.549,348.61633,91.56244,99.612854,114.120575,final,Gatsibo
2025-06-11,2,1011448,RW53,51.0,16.294117,4.385621,52.333332,39.669933,382.60785,315.4843,226.88022,128.34882,120.944405,final,Gatsibo
2025-06-21,2,1011448,RW53,51.0,10.019608,3.2562091,34.137253,16.647058,361.2353,263.05753,181.91893,180.7971,136.62564,final,Gatsibo
2025-07-01,2,1011448,RW53,51.0,2.6470587,2.1594772,28.960783,9.801308,305.90195,209.3562,106.810295,229.44447,145.03987,final,Gatsibo
2025-07-11,2,1011448,RW53,51.0,1.0784314,1.3928105,13.745097,6.808497,245.45097,157.07582,95.0823,158.74246,154.52704,final,Gatsibo
2025-07-21,2,1011448,RW53,51.0,1.0,3.3673203,4.72549,6.919608,155.7451,118.4915,71.70755,81.59237,130.16693,final,Gatsibo
2025-08-01,2,1011448,RW53,51.0,9.176471,9.144444,11.254902,13.904575,104.333336,88.092155,100.226425,85.983955,117.44635,final,Gatsibo
2025-08-11,2,1011448,RW53,51.0,26.882353,10.684314,37.058823,23.19608,103.13725,69.67451,203.27542,149.1655,144.81148,final,Gatsibo
2025-08-21,2,1011448,RW53,51.0,3.6862745,16.596079,39.7451,36.424835,78.60784,59.991505,40.221535,108.01515,128.64426,final,Gatsibo
2025-09-01,2,1011448,RW53,51.0,7.6666665,24.369934,38.235294,51.650326,78.45097,75.35621,43.128002,76.31959,103.8513,final,Gatsibo
2025-09-11,2,1011448,RW53,51.0,18.72549,24.167974,30.078432,65.13399,80.882355,95.138565,81.34089,50.016308,85.76351,final,Gatsibo
2025-09-21,2,1011448,RW53,51.0,8.039216,24.611765,34.431374,73.14967,78.90196,116.49412,44.0339,50.456226,69.05846,final,Gatsibo
2025-10-01,2,1011448,RW53,51.0,54.235294,36.9366,81.0,85.71634,130.49019,151.27124,141.24963,94.801,86.701935,final,Gatsibo
2025-10-11,2,1011448,RW53,51.0,34.568626,37.72222,96.84314,99.270584,163.98038,187.60066,92.61838,97.671974,87.73614,final,Gatsibo
2025-10-21,2,1011448,RW53,51.0,67.98039,45.86536,156.78432,120.524185,230.96077,230.0987,143.47758,128.88698,100.366684,final,Gatsibo
2025-11-01,2,1011448,RW53,51.0,52.117645,45.420914,154.66666,129.0085,273.90198,266.37515,113.281654,119.14667,102.77358,final,Gatsibo
2025-11-11,2,1011448,RW53,51.0,23.117647,38.14902,143.21568,129.43529,270.13727,293.83987,65.16404,110.25058,92.06846,final,Gatsibo
2025-11-21,2,1011448,RW53,51.0,12.843137,42.17059,88.07843,125.740524,279.29413,319.41437,37.826824,71.19325,87.633026,final,Gatsibo
2025-12-01,2,1011448,RW53,51.0,24.72549,32.16601,60.686275,112.48562,296.35294,327.21045,79.98031,55.910057,90.71146,final,Gatsibo
2025-12-11,2,1011448,RW53,51.0,32.235294,25.969934,69.803925,100.30653,309.86273,329.01242,120.23046,71.034454,94.26677,final,Gatsibo
2025-12-21,2,1011448,RW53,51.0,81.882355,34.08693,138.84314,92.22288,383.70587,338.48758,222.27982,147.95195,113.16446,final,Gatsibo
2026-01-01,2,1011448,RW53,51.0,31.019608,22.300653,145.13725,81.973854,360.49017,321.8281,131.9368,172.62343,111.82948,final,Gatsibo
2026-01-11,2,1011448,RW53,51.0,18.156862,21.72026,131.05882,78.88824,344.07843,306.1026,86.664055,162.19058,112.206856,final,Gatsibo
2026-01-21,2,1011448,RW53,51.0,49.019608,23.628757,98.196075,67.64967,325.1176,282.82614,188.69002,142.04617,114.69341,final,Gatsibo
2026-02-01,2,1011448,RW53,51.0,31.549019,24.501307,98.72549,69.85033,304.549,262.26144,123.889496,138.5772,115.82254,final,Gatsibo
2026-02-11,2,1011448,RW53,51.0,38.45098,28.305882,119.01961,76.43594,319.88235,252.02876,130.46039,152.29099,126.39923,final,Gatsibo
2026-02-21,2,1011448,RW53,51.0,29.235294,24.863398,99.23529,77.670586,336.2745,234.48889,114.63965,126.085106,142.50119,final,Gatsibo
2026-03-01,2,1011448,RW53,51.0,57.901962,43.901962,125.58824,97.07124,369.451,248.89543,128.62871,127.93833,147.48238,prelim,Gatsibo
2026-03-11,2,1011448,RW53,51.0,39.058823,37.517647,126.196075,106.283005,376.27454,261.60718,103.624794,117.89407,143.00986,prelim,Gatsibo
2026-03-21,2,1011448,RW53,51.0,44.705883,55.683006,141.66667,137.10262,339.09802,282.42288,81.91071,103.21181,119.71838,prelim,Gatsibo
2026-04-01,2,1011448,RW53,51.0,23.019608,55.860783,106.78432,149.06143,331.09802,315.983,46.038853,72.55827,104.708984,prelim,Gatsibo
2026-04-11,2,1011448,RW53,51.0,50.372547,53.673203,118.09804,165.217,363.31372,347.93594,94.374504,72.3183,104.3571,forecast,Gatsibo
2022-01-01,2,1011454,RW54,62.0,14.354838,22.640322,103.69354,85.78495,296.37094,315.65323,70.02393,119.72639,93.98656,final,Kayonza
2022-01-11,2,1011454,RW54,62.0,43.48387,22.509678,104.37097,82.1457,312.70966,303.86505,176.24297,125.50358,102.86359,final,Kayonza
2022-01-21,2,1011454,RW54,62.0,26.193548,23.486559,84.03226,68.63656,285.7742,285.95108,109.502686,120.907684,99.93921,final,Kayonza
2022-02-01,2,1011454,RW54,62.0,30.532259,23.772043,100.20968,69.76828,288.4839,265.68494,123.49577,140.71432,108.42268,final,Kayonza
2022-02-11,2,1011454,RW54,62.0,50.532257,26.839247,107.258064,74.09785,315.7258,255.12527,174.41447,141.92303,123.29667,final,Kayonza
2022-02-21,2,1011454,RW54,62.0,35.564518,23.527958,116.62903,74.13925,304.6613,235.73817,142.19215,153.68988,128.62991,final,Kayonza
2022-03-01,2,1011454,RW54,62.0,36.35484,44.95269,122.451614,95.31989,326.35483,250.87312,82.78802,127.045204,129.49966,final,Kayonza
2022-03-11,2,1011454,RW54,62.0,43.241936,37.76559,115.16129,106.24624,326.7903,262.48978,112.8055,108.01381,124.038506,final,Kayonza
2022-03-21,2,1011454,RW54,62.0,32.33871,56.596237,111.935486,139.31451,312.59677,282.09033,60.618496,81.02822,110.626076,final,Kayonza
2022-04-01,2,1011454,RW54,62.0,27.32258,54.215054,102.90322,148.57689,325.5645,313.66507,54.585068,70.26006,103.73416,final,Kayonza
2022-04-11,2,1011454,RW54,62.0,71.32258,51.2457,130.98387,162.05699,353.40323,342.4011,135.69496,81.39969,103.166985,final,Kayonza
2022-04-21,2,1011454,RW54,62.0,123.46774,41.753765,222.1129,147.21452,450.67743,360.66827,274.77518,149.20581,124.614975,final,Kayonza
2022-05-01,2,1011454,RW54,62.0,12.82258,38.455914,207.6129,131.45538,432.96774,375.35214,41.013016,155.8113,115.14796,final,Kayonza
2022-05-11,2,1011454,RW54,62.0,11.274194,30.491936,147.56453,110.701614,393.7097,379.00482,45.853214,131.86032,103.829346,final,Kayonza
2022-05-21,2,1011454,RW54,62.0,63.80645,26.762903,87.90323,95.710754,421.95163,382.23978,216.62518,92.247574,110.25511,final,Kayonza
2022-06-01,2,1011454,RW54,62.0,2.596774,7.7639785,77.677414,65.018814,388.19354,345.0511,59.51729,118.07885,112.324615,final,Kayonza
2022-06-11,2,1011454,RW54,62.0,2.032258,2.9473119,68.43548,37.474194,346.9839,310.2328,88.486,172.89435,111.658394,final,Kayonza
2022-06-21,2,1011454,RW54,62.0,1.1935484,1.8795699,5.8225803,12.59086,315.8387,255.51613,90.02813,61.523884,123.15504,final,Kayonza
2022-07-01,2,1011454,RW54,62.0,1.0967742,1.7919354,4.322581,6.6188173,289.61288,203.09302,89.7649,80.23691,141.5775,final,Kayonza
2022-07-11,2,1011454,RW54,62.0,0.7741935,0.88064516,3.0645163,4.5521507,219.06451,152.72797,98.189804,84.426186,142.05757,final,Kayonza
2022-07-21,2,1011454,RW54,62.0,4.677419,2.2634408,6.548387,4.9360213,100.27419,113.23763,133.23465,116.22747,89.03611,final,Kayonza
2022-08-01,2,1011454,RW54,62.0,4.419355,5.432258,9.870968,8.5763445,91.870964,80.213974,90.29066,109.53587,113.67967,final,Kayonza
2022-08-11,2,1011454,RW54,62.0,10.032258,6.0978494,19.129032,13.793549,90.62903,55.819893,135.452,128.38998,157.23314,final,Kayonza
2022-08-21,2,1011454,RW54,62.0,18.951612,10.694086,33.403225,22.224194,45.774193,39.751076,152.61552,141.06285,113.45916,final,Kayonza
2022-09-01,2,1011454,RW54,62.0,10.16129,17.918818,39.14516,34.710754,53.33871,49.905914,66.15215,111.16676,106.252144,final,Kayonza
2022-09-11,2,1011454,RW54,62.0,21.209677,19.081182,50.32258,47.694084,72.51613,66.03979,108.83883,104.98822,109.11649,final,Kayonza
2022-09-21,2,1011454,RW54,62.0,21.435484,19.275269,52.80645,56.27527,92.758064,83.435486,108.898834,94.33896,110.54168,final,Kayonza
2022-10-01,2,1011454,RW54,62.0,20.951612,32.33656,63.59677,70.69301,112.6129,113.98011,69.50724,90.62498,98.85089,final,Kayonza
2022-10-11,2,1011454,RW54,62.0,13.403226,34.439785,55.79032,86.05161,125.241936,147.53925,46.661575,66.76468,85.38258,final,Kayonza
2022-10-21,2,1011454,RW54,62.0,43.5,40.465054,77.85484,107.241394,164.06451,185.74086,106.67534,73.818436,88.635704,final,Kayonza
2022-11-01,2,1011454,RW54,62.0,24.661291,44.36613,81.564514,119.270966,184.30646,224.67473,60.084297,69.657875,82.42372,final,Kayonza
2022-11-11,2,1011454,RW54,62.0,54.403225,37.001614,122.564514,121.832794,228.67743,255.57849,141.43082,100.57691,89.67641,final,Kayonza
2022-11-21,2,1011454,RW54,62.0,43.419353,42.460754,122.48387,123.82849,253.14516,287.34515,102.019775,98.95627,88.3015,final,Kayonza
2022-12-01,2,1011454,RW54,62.0,47.35484,32.818817,145.17741,112.28118,290.3387,302.24515,138.43594,128.04903,96.12478,final,Kayonza
2022-12-11,2,1011454,RW54,62.0,32.241936,27.254301,123.01613,102.533875,301.37097,310.41827,115.46346,119.04726,97.13165,final,Kayonza
2022-12-21,2,1011454,RW54,62.0,22.532259,35.957527,102.12903,96.03065,302.46774,327.10052,67.22149,106.03617,92.58273,final,Kayonza
2023-01-01,2,1011454,RW54,62.0,16.612904,22.640322,71.3871,85.78495,298.12906,315.65323,78.19338,84.14071,94.53486,final,Kayonza
2023-01-11,2,1011454,RW54,62.0,63.35484,22.509678,102.5,82.1457,348.08066,303.86505,248.47562,123.35663,114.315506,final,Kayonza
2023-01-21,2,1011454,RW54,62.0,38.774193,23.486559,118.741936,68.63656,343.35486,285.95108,153.66612,168.04416,119.7297,final,Kayonza
2023-02-01,2,1011454,RW54,62.0,6.145161,23.772043,108.27419,69.76828,324.8387,265.68494,38.736076,151.50034,121.85336,final,Kayonza
2023-02-11,2,1011454,RW54,62.0,4.645161,26.839247,49.564514,74.09785,275.08066,255.12527,30.293306,68.98357,107.67145,final,Kayonza
2023-02-21,2,1011454,RW54,62.0,18.403225,23.527958,29.193546,74.13925,250.06451,235.73817,82.0361,43.20681,105.951,final,Kayonza
2023-03-01,2,1011454,RW54,62.0,17.887096,44.95269,40.935482,95.31989,220.59679,250.87312,45.817547,45.789005,88.16744,final,Kayonza
2023-03-11,2,1011454,RW54,62.0,84.46774,37.76559,120.758064,106.24624,272.82257,262.48978,209.20499,113.04478,103.86287,final,Kayonza
2023-03-21,2,1011454,RW54,62.0,59.370968,56.596237,161.72581,139.31451,309.6613,282.09033,104.504715,115.52949,109.603584,final,Kayonza
2023-04-01,2,1011454,RW54,62.0,44.01613,54.215054,187.85484,148.57689,337.0645,313.66507,82.77647,125.57543,107.34296,final,Kayonza
2023-04-11,2,1011454,RW54,62.0,52.774193,51.2457,156.16129,162.05699,326.4839,342.4011,102.71753,96.47084,95.418205,final,Kayonza
2023-04-21,2,1011454,RW54,62.0,58.16129,41.753765,154.95161,147.21452,345.87097,360.66827,135.09349,105.083015,95.953354,final,Kayonza
2023-05-01,2,1011454,RW54,62.0,47.33871,38.455914,158.2742,131.45538,387.0645,375.35214,120.44093,119.65391,103.07935,final,Kayonza
2023-05-11,2,1011454,RW54,62.0,11.048388,30.491936,116.548386,110.701614,393.46774,379.00482,45.217,105.053314,103.766335,final,Kayonza
2023-05-21,2,1011454,RW54,62.0,7.467742,26.762903,65.85484,95.710754,382.5323,382.23978,39.252525,70.3548,100.07555,final,Kayonza
2023-06-01,2,1011454,RW54,62.0,1.3548387,7.7639785,19.870968,65.018814,366.0,345.0511,49.787285,35.52041,105.984535,final,Kayonza
2023-06-11,2,1011454,RW54,62.0,2.6612904,2.9473119,11.4838705,37.474194,284.19354,310.2328,96.401024,38.809143,91.73968,final,Kayonza
2023-06-21,2,1011454,RW54,62.0,0.9516129,1.8795699,4.967742,12.59086,225.7742,255.51613,86.511406,56.66432,88.583466,final,Kayonza
2023-07-01,2,1011454,RW54,62.0,1.1451613,1.7919354,4.7580647,6.6188173,182.90323,203.09302,90.47732,83.98501,90.297714,final,Kayonza
2023-07-11,2,1011454,RW54,62.0,0.5,0.88064516,2.596774,4.5521507,130.62903,152.72797,93.52715,79.529465,85.989204,final,Kayonza
2023-07-21,2,1011454,RW54,62.0,0.61290324,2.2634408,2.2580645,4.9360213,73.08065,113.23763,77.276085,73.04799,66.037056,final,Kayonza
2023-08-01,2,1011454,RW54,62.0,1.3548387,5.432258,2.467742,8.5763445,27.096775,80.213974,60.91527,55.005543,37.666096,final,Kayonza
2023-08-11,2,1011454,RW54,62.0,2.112903,6.0978494,4.080645,13.793549,18.161291,55.819893,64.09263,48.317883,38.081768,final,Kayonza
2023-08-21,2,1011454,RW54,62.0,2.1451614,10.694086,5.6129036,22.224194,12.83871,39.751076,45.527733,38.983353,39.86208,final,Kayonza
2023-09-01,2,1011454,RW54,62.0,22.774193,17.918818,27.032257,34.710754,34.258064,49.905914,121.1851,80.66394,71.50061,final,Kayonza
2023-09-11,2,1011454,RW54,62.0,33.0,19.081182,57.919353,47.694084,64.59677,66.03979,157.79956,119.40497,97.96872,final,Kayonza
2023-09-21,2,1011454,RW54,62.0,22.467741,19.275269,78.241936,56.27527,86.1129,83.435486,113.15113,135.84915,103.027534,final,Kayonza
2023-10-01,2,1011454,RW54,62.0,27.82258,32.33656,83.29032,70.69301,112.79032,113.98011,87.91003,116.64264,99.000015,final,Kayonza
2023-10-11,2,1011454,RW54,62.0,30.17742,34.439785,80.46774,86.05161,142.46774,147.53925,89.19273,93.867355,96.675285,final,Kayonza
2023-10-21,2,1011454,RW54,62.0,23.580645,40.465054,81.58064,107.241394,165.43547,185.74086,62.862885,77.137886,89.35446,final,Kayonza
2023-11-01,2,1011454,RW54,62.0,48.48387,44.36613,102.241936,119.270966,212.56451,224.67473,108.34123,86.29686,94.727234,final,Kayonza
2023-11-11,2,1011454,RW54,62.0,51.419353,37.001614,123.48387,121.832794,261.87094,255.57849,134.32663,101.30178,102.414795,final,Kayonza
2023-11-21,2,1011454,RW54,62.0,65.370964,42.460754,165.2742,123.82849,325.09677,287.34515,148.27191,132.17122,112.91337,final,Kayonza
2023-12-01,2,1011454,RW54,62.0,38.467743,32.818817,155.25806,112.28118,340.7903,302.24515,114.93681,136.6443,112.54541,final,Kayonza
2023-12-11,2,1011454,RW54,62.0,20.564516,27.254301,124.40322,102.533875,328.35483,310.41827,79.25924,120.33717,105.68659,final,Kayonza
2023-12-21,2,1011454,RW54,62.0,55.274193,35.957527,114.30645,96.03065,361.1613,327.10052,147.16267,118.08936,110.25616,final,Kayonza
2024-01-01,2,1011454,RW54,62.0,11.903226,22.640322,87.741936,85.78495,345.24194,315.65323,61.15423,102.155624,109.22763,final,Kayonza
2024-01-11,2,1011454,RW54,62.0,20.806452,22.509678,87.98387,82.1457,335.87097,303.86505,93.808624,106.699326,110.362434,final,Kayonza
2024-01-21,2,1011454,RW54,62.0,29.693548,23.486559,62.40323,68.63656,341.9839,285.95108,121.78919,91.53501,119.2585,final,Kayonza
2024-02-01,2,1011454,RW54,62.0,24.241936,23.772043,74.741936,69.76828,317.74194,265.68494,101.633156,106.65209,119.23158,final,Kayonza
2024-02-11,2,1011454,RW54,62.0,14.709678,26.839247,68.645164,74.09785,281.03226,255.12527,61.90372,93.10641,109.95943,final,Kayonza
2024-02-21,2,1011454,RW54,62.0,12.241936,23.527958,51.19355,74.13925,227.9032,235.73817,60.43873,71.00592,96.74544,final,Kayonza
2024-03-01,2,1011454,RW54,62.0,31.112904,44.95269,58.064518,95.31989,220.54836,250.87312,72.29421,62.863422,88.14851,final,Kayonza
2024-03-11,2,1011454,RW54,62.0,16.080645,37.76559,59.435486,106.24624,216.06451,262.48978,49.293472,57.921497,82.6441,final,Kayonza
2024-03-21,2,1011454,RW54,62.0,39.225807,56.596237,86.41936,139.31451,200.01614,282.09033,71.79953,63.347305,71.41172,final,Kayonza
2024-04-01,2,1011454,RW54,62.0,61.64516,54.215054,116.951614,148.57689,249.75807,313.66507,112.54766,79.40753,79.945404,final,Kayonza
2024-04-11,2,1011454,RW54,62.0,57.048386,51.2457,157.91936,162.05699,286.0,342.4011,110.31667,97.52322,83.764854,final,Kayonza
2024-04-21,2,1011454,RW54,62.0,49.69355,41.753765,168.38708,147.21452,306.0,360.66827,116.982124,113.90968,85.04976,final,Kayonza
2024-05-01,2,1011454,RW54,62.0,39.69355,38.455914,146.43549,131.45538,321.4516,375.35214,102.84803,110.97802,85.82878,final,Kayonza
2024-05-11,2,1011454,RW54,62.0,7.064516,30.491936,96.451614,110.701614,313.80646,379.00482,33.99227,87.68384,83.02148,final,Kayonza
2024-05-21,2,1011454,RW54,62.0,4.645161,26.762903,51.403225,95.710754,306.2097,382.23978,30.366117,56.00517,80.36615,final,Kayonza
2024-06-01,2,1011454,RW54,62.0,1.2096775,7.7639785,12.919354,65.018814,276.30646,345.0511,48.650013,25.5922,80.36154,final,Kayonza
2024-06-11,2,1011454,RW54,62.0,0.7903226,2.9473119,6.645161,37.474194,261.01614,310.2328,72.85888,27.417025,84.38721,final,Kayonza
2024-06-21,2,1011454,RW54,62.0,0.9032258,1.8795699,2.903226,12.59086,222.69353,255.51613,85.80806,44.928024,87.40094,final,Kayonza
2024-07-01,2,1011454,RW54,62.0,1.7258065,1.7919354,3.419355,6.6188173,162.77419,203.09302,99.02636,72.463104,80.62461,final,Kayonza
2024-07-11,2,1011454,RW54,62.0,0.5483871,0.88064516,3.1774192,4.5521507,106.2742,152.72797,94.34997,85.60815,70.54818,final,Kayonza
2024-07-21,2,1011454,RW54,62.0,2.2903225,2.2634408,4.564516,4.9360213,58.870964,113.23763,100.37009,96.26102,54.019146,final,Kayonza
2024-08-01,2,1011454,RW54,62.0,1.2903225,5.432258,4.129032,8.5763445,20.467743,80.213974,60.29684,67.242195,29.886814,final,Kayonza
2024-08-11,2,1011454,RW54,62.0,2.983871,6.0978494,6.564516,13.793549,16.387096,55.819893,71.940704,61.5345,35.16464,final,Kayonza
2024-08-21,2,1011454,RW54,62.0,6.967742,10.694086,11.241936,22.224194,18.709679,39.751076,76.256386,59.659935,52.98125,final,Kayonza
2024-09-01,2,1011454,RW54,62.0,9.17742,17.918818,19.129032,34.710754,26.67742,49.905914,61.8593,60.76196,57.694,final,Kayonza
2024-09-11,2,1011454,RW54,62.0,7.129032,19.081182,23.274193,47.694084,33.01613,66.03979,50.36726,53.657246,53.513855,final,Kayonza
2024-09-21,2,1011454,RW54,62.0,41.774193,19.275269,58.080643,56.27527,73.8871,83.435486,192.6825,102.94633,89.202995,final,Kayonza
2024-10-01,2,1011454,RW54,62.0,28.758064,32.33656,77.661285,70.69301,100.91935,113.98011,90.41557,109.20597,89.022736,final,Kayonza
2024-10-11,2,1011454,RW54,62.0,52.612904,34.439785,123.14516,86.05161,152.98387,147.53925,146.07814,140.73903,103.56933,final,Kayonza
2024-10-21,2,1011454,RW54,62.0,15.564516,40.465054,96.935486,107.241394,166.25806,185.74086,45.23148,90.818085,89.78572,final,Kayonza
2024-11-01,2,1011454,RW54,62.0,57.14516,44.36613,125.322586,119.270966,222.1129,224.67473,125.88622,104.8697,98.88458,final,Kayonza
2024-11-11,2,1011454,RW54,62.0,76.8871,37.001614,149.59677,121.832794,296.0161,255.57849,194.96179,121.89022,115.5184,final,Kayonza
2024-11-21,2,1011454,RW54,62.0,84.82258,42.460754,218.85483,123.82849,373.87097,287.34515,189.25653,173.76189,129.59714,final,Kayonza
2024-12-01,2,1011454,RW54,62.0,26.387096,32.818817,188.09679,112.28118,391.08063,302.24515,82.99333,164.6443,128.91354,final,Kayonza
2024-12-11,2,1011454,RW54,62.0,26.790323,27.254301,138.0,102.533875,410.7419,310.41827,98.56149,132.98135,131.80653,final,Kayonza
2024-12-21,2,1011454,RW54,62.0,36.322582,35.957527,89.5,96.03065,405.29028,327.10052,100.891304,93.53597,123.544,final,Kayonza
2025-01-01,2,1011454,RW54,62.0,4.629032,22.640322,67.74194,85.78495,381.16125,315.65323,34.836903,80.12555,120.42955,final,Kayonza
2025-01-11,2,1011454,RW54,62.0,25.935484,22.509678,66.8871,82.1457,354.48383,303.86505,112.453094,82.49071,116.38864,final,Kayonza
2025-01-21,2,1011454,RW54,62.0,30.016129,23.486559,60.580643,68.63656,368.9355,285.95108,122.921585,89.0599,128.52177,final,Kayonza
2025-02-01,2,1011454,RW54,62.0,20.080645,23.772043,76.03226,69.76828,331.871,265.68494,87.17019,108.37785,124.451324,final,Kayonza
2025-02-11,2,1011454,RW54,62.0,11.032258,26.839247,61.12903,74.09785,266.01614,255.12527,50.35376,83.60408,104.186775,final,Kayonza
2025-02-21,2,1011454,RW54,62.0,2.1774194,23.527958,33.29032,74.13925,183.37096,235.73817,25.159248,48.383476,78.24723,final,Kayonza
2025-03-01,2,1011454,RW54,62.0,10.951612,44.95269,24.16129,95.31989,167.93549,250.87312,31.933441,29.068302,67.586426,final,Kayonza
2025-03-11,2,1011454,RW54,62.0,31.403225,37.76559,44.532257,106.24624,172.54839,262.48978,85.122696,44.52488,66.37576,final,Kayonza
2025-03-21,2,1011454,RW54,62.0,32.387096,56.596237,74.74193,139.31451,168.6129,282.09033,60.69705,55.255653,60.473263,final,Kayonza
2025-04-01,2,1011454,RW54,62.0,52.112904,54.215054,115.90323,148.57689,216.09677,313.66507,96.449974,78.724884,69.38218,final,Kayonza
2025-04-11,2,1011454,RW54,62.0,75.435486,51.2457,159.93549,162.05699,265.59677,342.4011,143.00735,98.73007,77.89175,final,Kayonza
2025-04-21,2,1011454,RW54,62.0,88.69355,41.753765,216.24194,147.21452,324.2742,360.66827,200.39787,145.34877,90.04725,final,Kayonza
2025-05-01,2,1011454,RW54,62.0,77.40323,38.455914,241.53226,131.45538,381.59677,375.35214,189.6249,180.66878,101.6418,final,Kayonza
2025-05-11,2,1011454,RW54,62.0,28.274193,30.491936,194.37097,110.701614,398.8387,379.00482,93.75142,172.31477,105.165016,final,Kayonza
2025-05-21,2,1011454,RW54,62.0,25.161291,26.762903,130.83871,95.710754,421.82257,382.23978,94.9576,134.88005,110.22178,final,Kayonza
2025-06-01,2,1011454,RW54,62.0,4.935484,7.7639785,58.37097,65.018814,415.80646,345.0511,77.84002,90.50564,120.21287,final,Kayonza
2025-06-11,2,1011454,RW54,62.0,8.241936,2.9473119,38.33871,37.474194,392.64517,310.2328,166.62157,102.03539,126.14333,final,Kayonza
2025-06-21,2,1011454,RW54,62.0,4.693548,1.8795699,17.870968,12.59086,364.95163,255.51613,140.9034,130.01619,142.0072,final,Kayonza
2025-07-01,2,1011454,RW54,62.0,1.4032258,1.7919354,14.33871,6.6188173,314.24194,203.09302,94.27689,166.44302,153.41309,final,Kayonza
2025-07-11,2,1011454,RW54,62.0,0.9677419,0.88064516,7.064516,4.5521507,239.7742,152.72797,101.48107,126.30156,155.18758,final,Kayonza
2025-07-21,2,1011454,RW54,62.0,0.7903226,2.2634408,3.1612902,4.9360213,151.87099,113.23763,79.71873,82.138405,132.67433,final,Kayonza
2025-08-01,2,1011454,RW54,62.0,5.951613,5.432258,7.7096777,8.5763445,80.419365,80.213974,104.97835,93.61635,100.24103,final,Kayonza
2025-08-11,2,1011454,RW54,62.0,12.080646,6.0978494,18.822582,13.793549,64.22581,55.819893,153.90953,126.75936,113.82099,final,Kayonza
2025-08-21,2,1011454,RW54,62.0,3.0,10.694086,21.032259,22.224194,42.064514,39.751076,50.974613,95.62178,105.16957,final,Kayonza
2025-09-01,2,1011454,RW54,62.0,7.016129,17.918818,22.096775,34.710754,44.14516,49.905914,52.429092,68.23536,89.50796,final,Kayonza
2025-09-11,2,1011454,RW54,62.0,11.193548,19.081182,21.209677,47.694084,47.09677,66.03979,67.24565,49.739315,73.33464,final,Kayonza
2025-09-21,2,1011454,RW54,62.0,8.709678,19.275269,26.919353,56.27527,51.112907,83.435486,56.475906,52.091743,63.45067,final,Kayonza
2025-10-01,2,1011454,RW54,62.0,44.322582,32.33656,64.22581,70.69301,94.03226,113.98011,132.10265,91.45602,83.2343,final,Kayonza
2025-10-11,2,1011454,RW54,62.0,36.16129,34.439785,89.19355,86.05161,129.2258,147.53925,104.3649,103.450714,87.99427,final,Kayonza
2025-10-21,2,1011454,RW54,62.0,60.467743,40.465054,140.95161,107.241394,188.90323,185.74086,143.99574,130.03369,101.657936,final,Kayonza
2025-11-01,2,1011454,RW54,62.0,55.467743,44.36613,152.09677,119.270966,238.41936,224.67473,122.48832,126.4147,105.98439,final,Kayonza
2025-11-11,2,1011454,RW54,62.0,26.306452,37.001614,142.24194,121.832794,252.64517,255.57849,74.53631,116.091385,98.874306,final,Kayonza
2025-11-21,2,1011454,RW54,62.0,12.048388,42.460754,93.82258,123.82849,261.69357,287.34515,35.92102,76.70864,91.225586,final,Kayonza
2025-12-01,2,1011454,RW54,62.0,20.306452,32.818817,58.661293,112.28118,274.9839,302.24515,66.91498,54.280914,91.12719,final,Kayonza
2025-12-11,2,1011454,RW54,62.0,39.01613,27.254301,71.37097,102.533875,302.80646,310.41827,136.46591,71.020386,97.586754,final,Kayonza
2025-12-21,2,1011454,RW54,62.0,87.33871,35.957527,146.66129,96.03065,381.43552,327.10052,225.44989,150.11414,116.36101,final,Kayonza
2026-01-01,2,1011454,RW54,62.0,28.306452,22.640322,154.66129,85.78495,365.41937,315.65323,120.499504,175.86757,115.52024,final,Kayonza
2026-01-11,2,1011454,RW54,62.0,15.919354,22.509678,131.56451,82.1457,345.17743,303.86505,76.04362,156.70827,113.37554,final,Kayonza
2026-01-21,2,1011454,RW54,62.0,50.30645,23.486559,94.53226,68.63656,335.0161,285.95108,194.14928,135.1669,116.86367,final,Kayonza
2026-02-01,2,1011454,RW54,62.0,35.177418,23.772043,101.40323,69.76828,314.72583,265.68494,139.64047,142.31065,118.11733,final,Kayonza
2026-02-11,2,1011454,RW54,62.0,37.419353,26.839247,122.90323,74.09785,325.8387,255.12527,133.22977,161.70255,127.18438,final,Kayonza
2026-02-21,2,1011454,RW54,62.0,28.612904,23.527958,101.20967,74.13925,342.40323,235.73817,117.824425,134.20605,144.3075,final,Kayonza
2026-03-01,2,1011454,RW54,62.0,53.14516,44.95269,119.177414,95.31989,375.24194,250.87312,116.40046,123.78144,148.60565,prelim,Kayonza
2026-03-11,2,1011454,RW54,62.0,39.177418,37.76559,120.935486,106.24624,375.40326,262.48978,103.30131,113.20426,142.21227,prelim,Kayonza
2026-03-21,2,1011454,RW54,62.0,47.258064,56.596237,139.58064,139.31451,335.32257,282.09033,84.8397,100.1844,118.54198,prelim,Kayonza
2026-04-01,2,1011454,RW54,62.0,23.435484,54.215054,109.87097,148.57689,330.4516,313.66507,48.020702,74.79704,105.26776,prelim,Kayonza
2026-04-11,2,1011454,RW54,62.0,46.903225,51.2457,117.59677,162.05699,361.4355,342.4011,92.27945,73.3862,105.47909,forecast,Kayonza
2022-01-01,2,1011456,RW55,38.0,13.631579,26.22193,135.89474,105.19035,314.5263,331.08246,59.674664,127.86486,95.073784,final,Kirehe
2022-01-11,2,1011456,RW55,38.0,53.63158,25.442104,132.13158,96.10877,337.89478,324.03333,192.60028,135.62778,104.21278,final,Kirehe
2022-01-21,2,1011456,RW55,38.0,32.36842,27.81228,99.63158,79.47632,330.44736,313.35614,113.885475,123.85906,105.368576,final,Kirehe
2022-02-01,2,1011456,RW55,38.0,26.605263,24.739473,112.60526,77.99386,336.10526,295.7228,106.27378,141.70357,113.42846,final,Kirehe
2022-02-11,2,1011456,RW55,38.0,49.210526,28.78772,108.184204,81.33948,366.3158,288.9079,160.44446,131.09206,126.33747,final,Kirehe
2022-02-21,2,1011456,RW55,38.0,35.210526,23.082457,111.02631,76.60965,351.9737,268.98685,143.18736,142.1723,130.28862,final,Kirehe
2022-03-01,2,1011456,RW55,38.0,36.789474,46.499123,121.210526,98.3693,369.7105,281.5535,81.145996,122.09672,130.76459,final,Kirehe
2022-03-11,2,1011456,RW55,38.0,48.92105,39.84386,120.92105,109.42544,361.23685,286.8737,120.241776,110.04637,125.47786,final,Kirehe
2022-03-21,2,1011456,RW55,38.0,32.605263,58.076317,118.31579,144.4193,328.97366,300.50528,59.61867,82.53003,109.31846,final,Kirehe
2022-04-01,2,1011456,RW55,38.0,34.736843,61.080704,116.26315,159.00089,350.07895,335.36404,60.13381,73.940544,104.32328,final,Kirehe
2022-04-11,2,1011456,RW55,38.0,62.68421,55.41228,130.0263,174.56929,359.13156,365.3342,112.03717,75.19454,98.32513,final,Kirehe
2022-04-21,2,1011456,RW55,38.0,102.1579,47.06842,199.57895,163.5614,428.92105,384.59033,205.80208,121.36761,111.3788,final,Kirehe
2022-05-01,2,1011456,RW55,38.0,11.894737,35.616665,176.73685,138.09737,414.21054,395.46753,41.59558,127.00223,104.68029,final,Kirehe
2022-05-11,2,1011456,RW55,38.0,7.763158,26.005264,121.815796,108.69035,372.76315,392.6851,41.164486,111.54491,94.990524,final,Kirehe
2022-05-21,2,1011456,RW55,38.0,60.18421,23.574562,79.8421,85.196495,397.73685,393.1772,228.11974,94.06364,101.145134,final,Kirehe
2022-06-01,2,1011456,RW55,38.0,2.2105262,5.9780703,70.1579,55.557896,363.1579,352.65613,65.68118,124.10916,102.93628,final,Kirehe
2022-06-11,2,1011456,RW55,38.0,1.5789474,2.0578947,63.973686,31.610527,315.8158,314.87018,93.21402,188.3985,100.29562,final,Kirehe
2022-06-21,2,1011456,RW55,38.0,1.2368422,1.25,5.0263157,9.285965,284.4474,258.04385,99.789474,70.182976,110.0377,final,Kirehe
2022-07-01,2,1011456,RW55,38.0,1.0526316,1.3517544,3.8684213,4.6596494,250.76315,198.31491,95.2907,91.808945,125.796555,final,Kirehe
2022-07-11,2,1011456,RW55,38.0,0.68421054,0.6403509,2.9736843,3.2421052,188.76315,143.54298,100.77761,96.74329,130.44247,final,Kirehe
2022-07-21,2,1011456,RW55,38.0,3.5526316,1.622807,5.2894735,3.6149123,90.1579,98.09737,129.13907,119.43794,92.29906,final,Kirehe
2022-08-01,2,1011456,RW55,38.0,3.1842105,3.2929826,7.421053,5.5561404,81.44738,65.77368,98.68839,117.6666,122.146225,final,Kirehe
2022-08-11,2,1011456,RW55,38.0,6.1578946,4.0368423,12.894737,8.952632,79.84212,43.805264,123.47116,128.25348,173.83804,final,Kirehe
2022-08-21,2,1011456,RW55,38.0,15.552631,7.0710526,24.894737,14.400877,35.210526,27.301754,170.2638,154.08961,124.484024,final,Kirehe
2022-09-01,2,1011456,RW55,38.0,8.078947,15.048245,29.789473,26.15614,41.07895,36.37193,65.237366,111.6617,111.37732,final,Kirehe
2022-09-11,2,1011456,RW55,38.0,18.657894,15.998245,42.289474,38.117542,58.157894,50.31228,112.66606,109.67572,114.18423,final,Kirehe
2022-09-21,2,1011456,RW55,38.0,18.973684,16.66842,45.710526,47.714912,75.89474,65.730705,110.638824,96.197685,114.37003,final,Kirehe
2022-10-01,2,1011456,RW55,38.0,19.526316,28.135088,57.15789,60.801754,94.368416,92.51404,74.01917,94.46236,101.90165,final,Kirehe
2022-10-11,2,1011456,RW55,38.0,14.684211,32.79474,53.18421,77.59824,108.368416,124.66843,52.081882,70.44243,87.42947,final,Kirehe
2022-10-21,2,1011456,RW55,38.0,34.55263,37.72807,68.76315,98.6579,139.36842,160.77368,92.56826,71.16019,87.08766,final,Kirehe
2022-11-01,2,1011456,RW55,38.0,25.789474,42.99298,75.02632,113.51579,161.97368,200.47368,64.15412,67.52376,81.26281,final,Kirehe
2022-11-11,2,1011456,RW55,38.0,58.86842,35.32807,119.210526,116.049126,214.68422,231.76491,158.37212,102.611664,92.7858,final,Kirehe
2022-11-21,2,1011456,RW55,38.0,43.157894,42.335087,127.815796,120.65614,242.28947,267.02896,101.738266,105.69781,90.90557,final,Kirehe
2022-12-01,2,1011456,RW55,38.0,49.394737,38.436844,151.42105,116.1,283.60526,290.41754,125.22719,129.16685,97.694016,final,Kirehe
2022-12-11,2,1011456,RW55,38.0,46.263157,35.63772,138.81578,116.40965,311.21054,310.057,126.14674,118.45498,100.36614,final,Kirehe
2022-12-21,2,1011456,RW55,38.0,27.605263,42.588596,123.26316,116.663155,319.8421,335.9772,68.51486,105.42481,95.26798,final,Kirehe
2023-01-01,2,1011456,RW55,38.0,17.105263,26.22193,90.97369,105.19035,317.42105,331.08246,70.80044,87.09808,95.9351,final,Kirehe
2023-01-11,2,1011456,RW55,38.0,63.973682,25.442104,108.684204,96.10877,366.7105,324.03333,226.5733,112.43752,112.970474,final,Kirehe
2023-01-21,2,1011456,RW55,38.0,46.05263,27.81228,127.13158,79.47632,378.21054,313.35614,155.59003,156.41257,120.37165,final,Kirehe
2023-02-01,2,1011456,RW55,38.0,7.736842,24.739473,117.76315,77.99386,360.1579,295.7228,42.828068,147.91835,121.426735,final,Kirehe
2023-02-11,2,1011456,RW55,38.0,5.631579,28.78772,59.421055,81.33948,306.92105,288.9079,31.465807,74.61366,106.128845,final,Kirehe
2023-02-21,2,1011456,RW55,38.0,21.31579,23.082457,34.68421,76.60965,285.07895,268.98685,93.70901,48.62686,105.873314,final,Kirehe
2023-03-01,2,1011456,RW55,38.0,20.026316,46.499123,46.973686,98.3693,255.71054,281.5535,48.595615,50.279617,90.98145,final,Kirehe
2023-03-11,2,1011456,RW55,38.0,85.81579,39.84386,127.1579,109.42544,295.26315,286.8737,202.51555,115.496956,102.87435,final,Kirehe
2023-03-21,2,1011456,RW55,38.0,61.263157,58.076317,167.10526,144.4193,328.92105,300.50528,105.05235,115.18275,109.30123,final,Kirehe
2023-04-01,2,1011456,RW55,38.0,59.026318,61.080704,206.10527,159.00089,370.8421,335.36404,96.8911,128.72203,110.42357,final,Kirehe
2023-04-11,2,1011456,RW55,38.0,48.763157,55.41228,169.05263,174.56929,355.63156,365.3342,88.99375,96.92783,97.38003,final,Kirehe
2023-04-21,2,1011456,RW55,38.0,69.052635,47.06842,176.8421,163.5614,378.63156,384.59033,142.22179,107.87885,98.470505,final,Kirehe
2023-05-01,2,1011456,RW55,38.0,46.92105,35.616665,164.73685,138.09737,417.8158,395.46753,127.83189,118.61633,105.58054,final,Kirehe
2023-05-11,2,1011456,RW55,38.0,11.842105,26.005264,127.81579,108.69035,424.02634,392.6851,54.320152,116.822395,107.88093,final,Kirehe
2023-05-21,2,1011456,RW55,38.0,7.3157897,23.574562,66.07895,85.196495,410.02634,393.1772,43.10054,78.80456,104.231575,final,Kirehe
2023-06-01,2,1011456,RW55,38.0,1.0263158,5.9780703,20.18421,55.557896,391.0263,352.65613,54.894127,41.586994,110.728226,final,Kirehe
2023-06-11,2,1011456,RW55,38.0,1.6052631,2.0578947,9.947369,31.610527,306.81577,314.87018,93.586876,40.82806,97.48197,final,Kirehe
2023-06-21,2,1011456,RW55,38.0,0.55263156,1.25,3.1842105,9.285965,246.10527,258.04385,88.8421,57.288467,95.461365,final,Kirehe
2023-07-01,2,1011456,RW55,38.0,0.8947368,1.3517544,3.0526314,4.6596494,187.9737,198.31491,92.80486,83.3636,94.9137,final,Kirehe
2023-07-11,2,1011456,RW55,38.0,0.15789473,0.6403509,1.6052631,3.2421052,139.36842,143.54298,91.44634,80.14048,97.18966,final,Kirehe
2023-07-21,2,1011456,RW55,38.0,0.18421052,1.622807,1.2368422,3.6149123,70.50001,98.09737,78.278145,72.39589,73.23175,final,Kirehe
2023-08-01,2,1011456,RW55,38.0,1.0789474,3.2929826,1.4210527,5.5561404,24.657892,65.77368,73.30231,60.827656,41.90526,final,Kirehe
2023-08-11,2,1011456,RW55,38.0,1.6052631,4.0368423,2.868421,8.952632,14.421053,43.805264,73.092606,56.393814,39.79295,final,Kirehe
2023-08-21,2,1011456,RW55,38.0,1.8684211,7.0710526,4.5526314,14.400877,8.973684,27.301754,56.899937,49.238144,43.25983,final,Kirehe
2023-09-01,2,1011456,RW55,38.0,10.973684,15.048245,14.447369,26.15614,18.921053,36.37193,79.67622,62.419056,57.819527,final,Kirehe
2023-09-11,2,1011456,RW55,38.0,25.18421,15.998245,38.026314,38.117542,42.5,50.31228,143.74634,99.78842,85.876045,final,Kirehe
2023-09-21,2,1011456,RW55,38.0,15.789474,16.66842,51.94737,47.714912,57.736843,65.730705,95.94366,108.028946,88.69817,final,Kirehe
2023-10-01,2,1011456,RW55,38.0,25.263159,28.135088,66.23684,60.801754,82.10526,92.51404,91.332664,108.25979,89.32587,final,Kirehe
2023-10-11,2,1011456,RW55,38.0,32.44737,32.79474,73.5,77.59824,114.394745,124.66843,99.0809,95.038345,92.07696,final,Kirehe
2023-10-21,2,1011456,RW55,38.0,19.5,37.72807,77.210526,98.6579,133.71053,160.77368,57.33936,79.30946,83.67464,final,Kirehe
2023-11-01,2,1011456,RW55,38.0,44.263157,42.99298,96.210526,113.51579,176.89473,200.47368,102.64659,85.398346,88.52459,final,Kirehe
2023-11-11,2,1011456,RW55,38.0,40.42105,35.32807,104.184204,116.049126,215.71053,231.76491,112.62887,90.19826,93.21928,final,Kirehe
2023-11-21,2,1011456,RW55,38.0,55.0,42.335087,139.6842,120.65614,268.8421,267.02896,126.75587,115.14297,100.66652,final,Kirehe
2023-12-01,2,1011456,RW55,38.0,39.605263,38.436844,135.0263,116.1,297.47366,290.41754,102.68992,115.62866,102.38853,final,Kirehe
2023-12-11,2,1011456,RW55,38.0,20.605263,35.63772,115.210526,116.40965,292.8947,310.057,63.008614,99.01233,94.552635,final,Kirehe
2023-12-21,2,1011456,RW55,38.0,77.8421,42.588596,138.05263,116.663155,354.94736,335.9772,174.07974,117.58089,105.56346,final,Kirehe
2024-01-01,2,1011456,RW55,38.0,16.447369,26.22193,114.89473,105.19035,346.13156,331.08246,68.69328,108.80692,104.4778,final,Kirehe
2024-01-11,2,1011456,RW55,38.0,24.5,25.442104,118.789474,96.10877,338.18417,324.03333,96.90526,122.431984,104.300735,final,Kirehe
2024-01-21,2,1011456,RW55,38.0,30.289474,27.81228,71.23685,79.47632,348.97363,313.35614,107.5496,90.246414,111.187935,final,Kirehe
2024-02-01,2,1011456,RW55,38.0,18.31579,24.739473,73.10526,77.99386,323.0263,295.7228,78.40015,94.10969,109.07929,final,Kirehe
2024-02-11,2,1011456,RW55,38.0,18.973684,28.78772,67.57895,81.33948,301.57898,288.9079,70.95384,84.062294,104.31124,final,Kirehe
2024-02-21,2,1011456,RW55,38.0,10.131579,23.082457,47.421055,76.60965,256.71054,268.98685,53.882675,64.233894,95.51938,final,Kirehe
2024-03-01,2,1011456,RW55,38.0,33.07895,46.499123,62.18421,98.3693,250.1842,281.5535,73.94097,64.99436,89.0529,final,Kirehe
2024-03-11,2,1011456,RW55,38.0,14.763158,39.84386,57.973686,109.42544,244.3421,286.8737,44.07104,55.03469,85.428085,final,Kirehe
2024-03-21,2,1011456,RW55,38.0,38.657894,58.076317,86.5,144.4193,205.1579,300.50528,69.2144,61.237072,68.79027,final,Kirehe
2024-04-01,2,1011456,RW55,38.0,79.0,61.080704,132.42105,159.00089,267.7105,335.36404,127.11729,83.79287,80.123184,final,Kirehe
2024-04-11,2,1011456,RW55,38.0,74.052635,55.41228,191.71054,174.56929,317.26315,365.3342,130.85524,109.54575,87.019554,final,Kirehe
2024-04-21,2,1011456,RW55,38.0,73.31579,47.06842,226.36844,163.5614,360.2895,384.59033,150.40938,137.26062,93.76247,final,Kirehe
2024-05-01,2,1011456,RW55,38.0,30.552631,35.616665,177.92105,138.09737,372.52634,395.46753,87.53213,127.82978,94.2714,final,Kirehe
2024-05-11,2,1011456,RW55,38.0,9.657895,26.005264,113.52632,108.69035,363.21054,392.6851,47.275505,104.253624,92.58847,final,Kirehe
2024-05-21,2,1011456,RW55,38.0,5.6578946,23.574562,45.86842,85.196495,358.73688,393.1772,37.29854,56.397335,91.35051,final,Kirehe
2024-06-01,2,1011456,RW55,38.0,1.0526316,5.9780703,16.368422,55.557896,326.71057,352.65613,55.13384,35.28594,92.74567,final,Kirehe
2024-06-11,2,1011456,RW55,38.0,0.68421054,2.0578947,7.3947372,31.610527,312.63162,314.87018,80.53691,33.855663,99.30017,final,Kirehe
2024-06-21,2,1011456,RW55,38.0,0.68421054,1.25,2.4210527,9.285965,274.65793,258.04385,90.94737,51.94646,106.316086,final,Kirehe
2024-07-01,2,1011456,RW55,38.0,1.0,1.3517544,2.368421,4.6596494,196.65788,198.31491,94.4621,76.28042,99.185,final,Kirehe
2024-07-11,2,1011456,RW55,38.0,0.5,0.6403509,2.1842105,3.2421052,123.10528,143.54298,97.511665,87.16476,86.24122,final,Kirehe
2024-07-21,2,1011456,RW55,38.0,1.2894737,1.622807,2.7894735,3.6149123,51.07895,98.09737,94.96688,90.418495,54.39416,final,Kirehe
2024-08-01,2,1011456,RW55,38.0,1.0263158,3.2929826,2.8157895,5.5561404,21.552631,65.77368,72.667656,74.04021,37.517662,final,Kirehe
2024-08-11,2,1011456,RW55,38.0,1.7105263,4.0368423,4.0263157,8.952632,13.605264,43.805264,74.25743,64.692566,38.121426,final,Kirehe
2024-08-21,2,1011456,RW55,38.0,5.2105265,7.0710526,7.9473686,14.400877,13.157895,27.301754,84.586876,66.73599,56.213337,final,Kirehe
2024-09-01,2,1011456,RW55,38.0,7.131579,15.048245,14.052631,26.15614,19.236841,36.37193,60.511925,61.152096,58.582817,final,Kirehe
2024-09-11,2,1011456,RW55,38.0,4.2105265,15.998245,16.552631,38.117542,22.763157,50.31228,43.863316,49.98576,50.193478,final,Kirehe
2024-09-21,2,1011456,RW55,38.0,35.94737,16.66842,47.289474,47.714912,58.026318,65.730705,188.97255,99.19295,89.10744,final,Kirehe
2024-10-01,2,1011456,RW55,38.0,30.552631,28.135088,70.710526,60.801754,87.57895,92.51404,107.29603,115.05852,94.9391,final,Kirehe
2024-10-11,2,1011456,RW55,38.0,51.263157,32.79474,117.76315,77.59824,138.3421,124.66843,148.86505,148.62683,110.54511,final,Kirehe
2024-10-21,2,1011456,RW55,38.0,17.105263,37.72807,98.92105,98.6579,154.1579,160.77368,51.734756,100.25387,96.00915,final,Kirehe
2024-11-01,2,1011456,RW55,38.0,58.105263,42.99298,126.47369,113.51579,211.23682,200.47368,131.48853,110.93348,105.23821,final,Kirehe
2024-11-11,2,1011456,RW55,38.0,77.63158,35.32807,152.8421,116.049126,287.1579,231.76491,204.8984,130.39508,123.395775,final,Kirehe
2024-11-21,2,1011456,RW55,38.0,88.447365,42.335087,224.1842,120.65614,370.39468,267.02896,197.4167,182.38997,137.99806,final,Kirehe
2024-12-01,2,1011456,RW55,38.0,29.447369,38.436844,195.52632,116.1,392.7105,290.41754,79.30449,165.58739,134.62657,final,Kirehe
2024-12-11,2,1011456,RW55,38.0,29.157894,35.63772,147.05263,116.40965,417.65784,310.057,84.05466,125.23933,134.15282,final,Kirehe
2024-12-21,2,1011456,RW55,38.0,46.42105,42.588596,105.02631,116.663155,428.13156,335.9772,108.0533,90.435196,127.02654,final,Kirehe
2025-01-01,2,1011456,RW55,38.0,5.0,26.22193,80.57895,105.19035,402.57892,331.08246,32.02877,77.66465,121.27348,final,Kirehe
2025-01-11,2,1011456,RW55,38.0,36.18421,25.442104,87.60526,96.10877,387.49997,324.03333,135.28702,91.589745,119.28881,final,Kirehe
2025-01-21,2,1011456,RW55,38.0,37.94737,27.81228,79.13158,79.47632,408.34207,313.35614,130.8881,99.5919,129.83638,final,Kirehe
2025-02-01,2,1011456,RW55,38.0,26.947369,24.739473,101.07895,77.99386,377.1842,295.7228,107.424126,127.81542,127.08853,final,Kirehe
2025-02-11,2,1011456,RW55,38.0,8.894737,28.78772,73.789474,81.33948,308.44736,288.9079,41.12363,91.25545,106.64816,final,Kirehe
2025-02-21,2,1011456,RW55,38.0,2.0526316,23.082457,37.894737,76.60965,222.05263,268.98685,25.114012,52.560867,82.869896,final,Kirehe
2025-03-01,2,1011456,RW55,38.0,9.315789,46.499123,20.263157,98.3693,201.92107,281.5535,27.798122,24.439709,72.21027,final,Kirehe
2025-03-11,2,1011456,RW55,38.0,30.631578,39.84386,42.0,109.42544,203.39474,286.8737,79.45698,41.074783,71.39895,final,Kirehe
2025-03-21,2,1011456,RW55,38.0,34.44737,58.076317,74.39474,144.4193,191.42107,300.50528,62.539112,53.135532,64.29384,final,Kirehe
2025-04-01,2,1011456,RW55,38.0,53.13158,61.080704,118.210526,159.00089,239.55264,335.36404,87.97058,75.12797,71.85032,final,Kirehe
2025-04-11,2,1011456,RW55,38.0,77.8421,55.41228,165.42105,174.56929,281.2105,365.3342,137.12791,94.90546,77.284386,final,Kirehe
2025-04-21,2,1011456,RW55,38.0,94.23684,47.06842,225.21051,163.5614,337.5,384.59033,190.5893,136.57368,87.91286,final,Kirehe
2025-05-01,2,1011456,RW55,38.0,56.05263,35.616665,228.13158,138.09737,366.60526,395.46753,150.31424,162.91815,92.792854,final,Kirehe
2025-05-11,2,1011456,RW55,38.0,24.236841,26.005264,174.52632,108.69035,381.9474,392.6851,94.29638,157.90814,97.29995,final,Kirehe
2025-05-21,2,1011456,RW55,38.0,23.631578,23.574562,103.92105,85.196495,403.52634,393.1772,100.19953,120.759735,102.59913,final,Kirehe
2025-06-01,2,1011456,RW55,38.0,4.4210525,5.9780703,52.28947,55.557896,398.6316,352.65613,85.817024,94.60281,112.85466,final,Kirehe
2025-06-11,2,1011456,RW55,38.0,6.6578946,2.0578947,34.710526,31.610527,374.65793,314.87018,165.17523,108.46751,118.69125,final,Kirehe
2025-06-21,2,1011456,RW55,38.0,2.2105262,1.25,13.289474,9.285965,342.42108,258.04385,115.36842,128.02408,132.07726,final,Kirehe
2025-07-01,2,1011456,RW55,38.0,1.0526316,1.3517544,9.921052,4.6596494,290.34213,198.31491,95.2907,154.46785,145.26338,final,Kirehe
2025-07-11,2,1011456,RW55,38.0,0.7894737,0.6403509,4.0526314,3.2421052,213.28947,143.54298,102.64386,109.83397,146.95374,final,Kirehe
2025-07-21,2,1011456,RW55,38.0,0.65789473,1.622807,2.5,3.6149123,119.71053,98.09737,85.43046,87.05835,120.96384,final,Kirehe
2025-08-01,2,1011456,RW55,38.0,4.5,3.2929826,5.9473686,5.5561404,68.15789,65.77368,114.55469,103.706154,103.36878,final,Kirehe
2025-08-11,2,1011456,RW55,38.0,8.263158,4.0368423,13.421053,8.952632,52.184208,43.805264,146.76761,132.02565,117.16811,final,Kirehe
2025-08-21,2,1011456,RW55,38.0,2.7105262,7.0710526,15.473684,14.400877,31.263157,27.301754,63.876175,105.52969,112.26374,final,Kirehe
2025-09-01,2,1011456,RW55,38.0,7.5526314,15.048245,18.526316,26.15614,34.394737,36.37193,62.61212,75.51101,95.22093,final,Kirehe
2025-09-11,2,1011456,RW55,38.0,11.368421,15.998245,21.631578,38.117542,39.10526,50.31228,77.95137,61.765068,79.73864,final,Kirehe
2025-09-21,2,1011456,RW55,38.0,6.131579,16.66842,25.05263,47.714912,43.026318,65.730705,51.372356,57.00973,67.90024,final,Kirehe
2025-10-01,2,1011456,RW55,38.0,35.842106,28.135088,53.342106,60.801754,77.815796,92.51404,123.25939,88.663445,84.927055,final,Kirehe
2025-10-11,2,1011456,RW55,38.0,27.394737,32.79474,69.36842,77.59824,104.42106,124.66843,85.712296,90.03632,84.38528,final,Kirehe
2025-10-21,2,1011456,RW55,38.0,62.18421,37.72807,125.42105,98.6579,165.94737,160.77368,157.23671,125.818726,103.12093,final,Kirehe
2025-11-01,2,1011456,RW55,38.0,48.44737,42.99298,138.02632,113.51579,209.89474,200.47368,111.364975,120.68124,104.58505,final,Kirehe
2025-11-11,2,1011456,RW55,38.0,27.342106,35.32807,137.97368,116.049126,228.97368,231.76491,80.1975,118.112114,98.8211,final,Kirehe
2025-11-21,2,1011456,RW55,38.0,14.473684,42.335087,90.26316,120.65614,240.73685,267.02896,41.14006,75.81258,90.33481,final,Kirehe
2025-12-01,2,1011456,RW55,38.0,21.421053,38.436844,63.23684,116.1,254.60526,290.41754,60.826366,56.34751,87.877396,final,Kirehe
2025-12-11,2,1011456,RW55,38.0,39.526318,35.63772,75.42105,116.40965,282.76315,310.057,109.56894,66.239426,91.33685,final,Kirehe
2025-12-21,2,1011456,RW55,38.0,100.60526,42.588596,161.55264,116.663155,377.23682,335.9772,221.91296,136.89655,112.100395,final,Kirehe
2026-01-01,2,1011456,RW55,38.0,35.605263,26.22193,175.73685,105.19035,377.0,331.08246,130.05367,164.02238,113.662575,final,Kirehe
2026-01-11,2,1011456,RW55,38.0,23.552631,25.442104,159.76315,96.10877,373.1579,324.03333,93.79323,162.95633,114.92998,final,Kirehe
2026-01-21,2,1011456,RW55,38.0,62.657894,27.81228,121.81579,79.47632,373.6316,313.35614,206.19688,150.11992,118.93334,final,Kirehe
2026-02-01,2,1011456,RW55,38.0,34.31579,24.739473,120.52631,77.99386,359.5,295.7228,132.20068,151.24771,121.20796,final,Kirehe
2026-02-11,2,1011456,RW55,38.0,33.05263,28.78772,130.0263,81.33948,365.2105,288.9079,112.622665,156.39,125.961395,final,Kirehe
2026-02-21,2,1011456,RW55,38.0,19.894737,23.082457,87.26316,76.60965,370.6316,268.98685,88.64872,113.05423,137.0984,final,Kirehe
2026-03-01,2,1011456,RW55,38.0,49.289474,46.499123,102.23685,98.3693,398.5,281.5535,105.41825,103.74148,140.8114,prelim,Kirehe
2026-03-11,2,1011456,RW55,38.0,40.07895,39.84386,109.26316,109.42544,399.05264,286.8737,100.52423,99.858185,138.43408,prelim,Kirehe
2026-03-21,2,1011456,RW55,38.0,50.763157,58.076317,140.13158,144.4193,349.2105,300.50528,88.40585,97.13041,115.94251,prelim,Kirehe
2026-04-01,2,1011456,RW55,38.0,25.236841,61.080704,116.07894,159.00089,338.8421,335.36404,45.757446,73.828224,101.021866,prelim,Kirehe
2026-04-11,2,1011456,RW55,38.0,51.657894,55.41228,127.6579,174.56929,366.9474,365.3342,93.78539,73.8756,100.4356,forecast,Kirehe
2022-01-01,2,1011459,RW56,29.0,10.655172,27.391954,114.724144,96.2,320.44827,346.8931,48.330437,118.30449,92.48498,final,Ngoma
2022-01-11,2,1011459,RW56,29.0,54.03448,24.874712,126.0,91.92069,335.34482,330.74252,197.60686,135.16205,101.37077,final,Ngoma
2022-01-21,2,1011459,RW56,29.0,29.51724,27.597702,94.206894,79.86437,314.68967,312.2724,105.88858,116.90053,100.76189,final,Ngoma
2022-02-01,2,1011459,RW56,29.0,30.137932,25.286207,113.68965,77.75862,324.31036,288.91034,116.019585,143.41667,112.0445,final,Ngoma
2022-02-11,2,1011459,RW56,29.0,49.24138,29.05977,108.89655,81.94368,344.62067,279.1632,159.25351,131.00038,123.03517,final,Ngoma
2022-02-21,2,1011459,RW56,29.0,36.41379,23.749426,115.793106,78.095406,328.48276,257.2885,144.05084,145.36676,127.14349,final,Ngoma
2022-03-01,2,1011459,RW56,29.0,38.068966,47.588505,123.72414,100.3977,352.1379,274.35632,81.89806,122.13182,127.84314,final,Ngoma
2022-03-11,2,1011459,RW56,29.0,49.827587,41.14253,124.31035,112.48046,359.2069,286.34482,118.82224,110.06967,125.00888,final,Ngoma
2022-03-21,2,1011459,RW56,29.0,28.689655,58.86437,116.58621,147.5954,326.5862,305.55518,52.75188,79.67882,106.77208,final,Ngoma
2022-04-01,2,1011459,RW56,29.0,33.482758,60.3023,112.0,160.30919,349.4138,338.4655,58.930172,70.77646,103.187584,final,Ngoma
2022-04-11,2,1011459,RW56,29.0,65.48276,54.166668,127.65517,173.33333,360.8621,367.75748,119.125786,74.38608,98.15017,final,Ngoma
2022-04-21,2,1011459,RW56,29.0,93.68965,47.410343,192.65517,161.87932,425.0345,387.57013,188.30186,118.44198,109.54336,final,Ngoma
2022-05-01,2,1011459,RW56,29.0,15.310345,36.198853,174.48276,137.77586,410.20688,398.48276,49.298325,125.70945,102.90572,final,Ngoma
2022-05-11,2,1011459,RW56,29.0,5.9310346,28.4023,114.93104,112.0115,366.8965,397.8253,32.725395,102.49509,92.32204,final,Ngoma
2022-05-21,2,1011459,RW56,29.0,60.172413,25.368965,81.41379,89.970116,390.65518,399.44482,214.60202,90.99051,97.82674,final,Ngoma
2022-06-01,2,1011459,RW56,29.0,2.724138,8.188506,68.82758,61.95977,355.31036,360.04483,58.567196,110.25662,98.70304,final,Ngoma
2022-06-11,2,1011459,RW56,29.0,2.0344827,3.7609196,64.93103,37.31839,307.51724,322.6632,80.293884,165.24974,95.37758,final,Ngoma
2022-06-21,2,1011459,RW56,29.0,2.310345,3.0689654,7.068966,15.018391,281.13794,266.86783,90.59828,60.28939,105.24892,final,Ngoma
2022-07-01,2,1011459,RW56,29.0,1.0689656,2.1367817,5.413793,8.966666,248.72414,208.7023,85.03784,74.56177,118.72784,final,Ngoma
2022-07-11,2,1011459,RW56,29.0,0.9310345,1.0563219,4.310345,6.262069,184.17242,155.59195,97.9313,82.66992,117.79696,final,Ngoma
2022-07-21,2,1011459,RW56,29.0,3.8965516,2.3183908,5.8965516,5.511494,94.37931,110.5,121.56431,103.66321,86.042694,final,Ngoma
2022-08-01,2,1011459,RW56,29.0,3.724138,5.526437,8.551724,8.90115,82.793106,79.82759,82.878365,97.48636,103.49593,final,Ngoma
2022-08-11,2,1011459,RW56,29.0,6.0689654,6.275862,13.689655,14.120689,82.93103,57.70115,98.165146,97.74572,140.23831,final,Ngoma
2022-08-21,2,1011459,RW56,29.0,17.51724,9.302299,27.310345,21.104597,40.275864,41.634483,157.43791,123.77262,97.08666,final,Ngoma
2022-09-01,2,1011459,RW56,29.0,7.1034484,15.77931,30.689655,31.357471,44.65517,49.22529,58.247597,98.16319,91.57198,final,Ngoma
2022-09-11,2,1011459,RW56,29.0,16.275862,17.775862,40.896553,42.85747,58.896553,63.24023,93.41408,95.90259,93.63472,final,Ngoma
2022-09-21,2,1011459,RW56,29.0,19.655172,18.748276,43.034485,52.303448,76.24138,78.91954,103.81879,83.82477,96.808655,final,Ngoma
2022-10-01,2,1011459,RW56,29.0,19.793104,34.643677,55.724136,71.167816,94.96552,111.42644,62.53987,79.72414,85.861534,final,Ngoma
2022-10-11,2,1011459,RW56,29.0,14.75862,41.242527,54.206898,94.63448,108.793106,151.61264,42.72825,59.424103,72.65896,final,Ngoma
2022-10-21,2,1011459,RW56,29.0,40.551723,45.26552,75.10345,121.151726,145.44827,194.55977,90.62221,63.497704,75.39008,final,Ngoma
2022-11-01,2,1011459,RW56,29.0,28.793104,49.394253,84.10345,135.9023,170.51724,238.42758,62.126244,63.23775,72.10245,final,Ngoma
2022-11-11,2,1011459,RW56,29.0,62.24138,38.59885,131.58621,133.25862,226.68967,270.75058,154.22742,98.790375,84.02146,final,Ngoma
2022-11-21,2,1011459,RW56,29.0,46.068966,45.31839,137.10345,133.3115,255.2414,306.76666,101.49165,102.74161,83.47313,final,Ngoma
2022-12-01,2,1011459,RW56,29.0,38.172413,34.18161,146.48276,118.09885,286.31036,325.16898,110.185394,123.057816,88.23069,final,Ngoma
2022-12-11,2,1011459,RW56,29.0,39.75862,30.252874,124.0,109.75288,309.7931,337.64597,126.96445,112.41548,91.87124,final,Ngoma
2022-12-21,2,1011459,RW56,29.0,28.0,37.757473,105.93103,102.191956,318.13794,356.65518,77.17949,103.488205,89.34973,final,Ngoma
2023-01-01,2,1011459,RW56,29.0,15.344828,27.391954,83.10345,96.2,313.68964,346.8931,62.80828,87.05875,90.56433,final,Ngoma
2023-01-11,2,1011459,RW56,29.0,57.896553,24.874712,101.24138,91.92069,356.82758,330.74252,210.53442,109.61681,107.769356,final,Ngoma
2023-01-21,2,1011459,RW56,29.0,46.689655,27.597702,119.93103,79.86437,362.9655,312.2724,158.5684,147.21257,115.97779,final,Ngoma
2023-02-01,2,1011459,RW56,29.0,6.7586207,25.286207,111.34483,77.75862,340.93103,288.91034,38.825005,140.58334,117.69952,final,Ngoma
2023-02-11,2,1011459,RW56,29.0,5.3448277,29.05977,58.793106,81.94368,284.0345,279.1632,30.372572,73.37291,101.71426,final,Ngoma
2023-02-21,2,1011459,RW56,29.0,23.0,23.749426,35.103447,78.095406,260.9655,257.2885,97.39325,48.261932,101.401886,final,Ngoma
2023-03-01,2,1011459,RW56,29.0,22.241379,47.588505,50.586205,100.3977,245.03448,274.35632,51.801014,52.73949,89.503784,final,Ngoma
2023-03-11,2,1011459,RW56,29.0,86.72414,41.14253,131.96552,112.48046,292.0,286.34482,198.78438,116.58578,101.94106,final,Ngoma
2023-03-21,2,1011459,RW56,29.0,63.517242,58.86437,172.48276,147.5954,327.51724,305.55518,107.28556,116.30938,107.07188,final,Ngoma
2023-04-01,2,1011459,RW56,29.0,63.724136,60.3023,213.96552,160.30919,375.89655,338.4655,105.24,132.45816,110.89804,final,Ngoma
2023-04-11,2,1011459,RW56,29.0,59.172413,54.166668,186.41379,173.33333,377.17242,367.75748,108.4604,107.33484,102.52576,final,Ngoma
2023-04-21,2,1011459,RW56,29.0,66.034485,47.410343,188.93103,161.87932,396.51727,387.57013,135.53525,116.21034,102.27911,final,Ngoma
2023-05-01,2,1011459,RW56,29.0,51.275864,36.198853,176.48276,137.77586,441.0345,398.48276,136.5957,127.11025,110.54611,final,Ngoma
2023-05-11,2,1011459,RW56,29.0,12.24138,28.4023,129.55173,112.0115,447.9311,397.8253,51.617344,114.99017,112.4386,final,Ngoma
2023-05-21,2,1011459,RW56,29.0,7.62069,25.368965,71.13793,89.970116,432.55173,399.44482,41.55785,80.17041,108.18577,final,Ngoma
2023-06-01,2,1011459,RW56,29.0,1.2068965,8.188506,21.068966,61.95977,411.5173,360.04483,47.062923,38.93228,114.10031,final,Ngoma
2023-06-11,2,1011459,RW56,29.0,1.5517242,3.7609196,10.379311,37.31839,326.34485,322.6632,74.78352,36.341908,101.123604,final,Ngoma
2023-06-21,2,1011459,RW56,29.0,1.0,3.0689654,3.7586207,15.018391,263.8276,266.86783,74.35897,43.752872,98.88173,final,Ngoma
2023-07-01,2,1011459,RW56,29.0,1.0,2.1367817,3.5517242,8.966666,201.10345,208.7023,84.07151,61.229534,96.44419,final,Ngoma
2023-07-11,2,1011459,RW56,29.0,0.62068963,1.0563219,2.6206896,6.262069,142.55174,155.59195,92.80698,67.66686,91.87991,final,Ngoma
2023-07-21,2,1011459,RW56,29.0,0.8965517,2.3183908,2.5172415,5.511494,77.413795,110.5,80.57169,71.514496,71.353935,final,Ngoma
2023-08-01,2,1011459,RW56,29.0,1.7241379,5.526437,3.2413793,8.90115,27.862068,79.82759,63.87857,59.28559,38.739834,final,Ngoma
2023-08-11,2,1011459,RW56,29.0,2.0344827,6.275862,4.6551723,14.120689,17.655172,57.70115,62.385326,50.49594,36.13199,final,Ngoma
2023-08-21,2,1011459,RW56,29.0,2.1724138,9.302299,5.9310346,21.104597,12.206897,41.634483,50.148678,41.87398,36.89737,final,Ngoma
2023-09-01,2,1011459,RW56,29.0,9.586206,15.77931,13.793103,31.357471,20.586206,49.22529,70.195816,51.689793,47.185005,final,Ngoma
2023-09-11,2,1011459,RW56,29.0,27.827587,17.775862,39.58621,42.85747,46.86207,63.24023,144.13324,93.164566,75.99925,final,Ngoma
2023-09-21,2,1011459,RW56,29.0,19.827587,18.748276,57.241383,52.303448,65.68965,78.91954,104.54479,108.61717,84.23503,final,Ngoma
2023-10-01,2,1011459,RW56,29.0,23.793104,34.643677,71.44828,71.167816,88.48276,111.42644,72.62975,100.36821,80.29341,final,Ngoma
2023-10-11,2,1011459,RW56,29.0,37.103447,41.242527,80.72414,94.63448,124.96552,151.61264,91.049194,86.03862,82.98533,final,Ngoma
2023-10-21,2,1011459,RW56,29.0,24.275862,45.26552,85.17242,121.151726,148.34482,194.55977,58.242435,71.47934,76.84155,final,Ngoma
2023-11-01,2,1011459,RW56,29.0,41.103447,49.394253,102.48276,135.9023,187.72412,238.42758,84.757935,76.28176,79.17103,final,Ngoma
2023-11-11,2,1011459,RW56,29.0,38.793102,38.59885,104.17241,133.25862,224.48277,270.75058,100.44554,78.96246,83.22114,final,Ngoma
2023-11-21,2,1011459,RW56,29.0,60.103447,45.31839,140.0,133.3115,282.4138,306.76666,129.38301,104.83583,92.18875,final,Ngoma
2023-12-01,2,1011459,RW56,29.0,26.0,34.18161,124.896545,118.09885,298.82758,325.16898,79.11875,105.52214,92.02184,final,Ngoma
2023-12-11,2,1011459,RW56,29.0,20.310345,30.252874,106.41379,109.75288,291.31033,337.64597,71.79654,97.09019,86.47711,final,Ngoma
2023-12-21,2,1011459,RW56,29.0,61.275864,37.757473,107.58621,102.191956,332.7586,356.65518,155.00417,105.03233,93.39244,final,Ngoma
2024-01-01,2,1011459,RW56,29.0,16.0,27.391954,97.58621,96.2,324.9655,346.8931,64.83092,101.369774,93.76868,final,Ngoma
2024-01-11,2,1011459,RW56,29.0,24.896551,24.874712,102.17242,91.92069,312.7586,330.74252,100.0731,110.57744,94.64354,final,Ngoma
2024-01-21,2,1011459,RW56,29.0,25.862068,27.597702,66.75862,79.86437,314.34482,312.2724,94.6756,84.55683,100.6532,final,Ngoma
2024-02-01,2,1011459,RW56,29.0,17.0,25.286207,67.75862,77.75862,290.24136,288.91034,72.64033,87.916664,100.452866,final,Ngoma
2024-02-11,2,1011459,RW56,29.0,16.241379,29.05977,59.103447,81.94368,267.68964,279.1632,62.365013,73.72986,95.962326,final,Ngoma
2024-02-21,2,1011459,RW56,29.0,9.586206,23.749426,42.827583,78.095406,217.17241,257.2885,50.735645,57.557434,84.70535,final,Ngoma
2024-03-01,2,1011459,RW56,29.0,31.827587,47.588505,57.655174,100.3977,223.00002,274.35632,70.02973,59.446438,81.616196,final,Ngoma
2024-03-11,2,1011459,RW56,29.0,16.551723,41.14253,57.96552,112.48046,219.2414,286.34482,46.706856,53.596584,76.9677,final,Ngoma
2024-03-21,2,1011459,RW56,29.0,37.206898,58.86437,85.58621,147.5954,195.17241,305.55518,66.08833,59.36366,64.45631,final,Ngoma
2024-04-01,2,1011459,RW56,29.0,66.24138,60.3023,120.0,160.30919,245.41379,338.4655,109.09475,75.61588,72.90798,final,Ngoma
2024-04-11,2,1011459,RW56,29.0,70.37931,54.166668,173.82758,173.33333,290.89655,367.75748,127.40165,100.27715,79.38045,final,Ngoma
2024-04-21,2,1011459,RW56,29.0,63.24138,47.410343,199.86208,161.87932,328.27588,387.57013,130.20595,122.76062,84.89588,final,Ngoma
2024-05-01,2,1011459,RW56,29.0,35.24138,36.198853,168.86208,137.77586,346.51727,398.48276,97.675964,121.77273,87.120766,final,Ngoma
2024-05-11,2,1011459,RW56,29.0,8.896552,28.4023,107.37931,112.0115,339.17242,397.8253,41.60358,96.04126,85.43963,final,Ngoma
2024-05-21,2,1011459,RW56,29.0,5.6896553,25.368965,49.827587,89.970116,335.2759,399.44482,35.199276,57.731407,84.13407,final,Ngoma
2024-06-01,2,1011459,RW56,29.0,1.4482758,8.188506,16.034483,61.95977,304.89655,360.04483,48.893147,31.413612,84.89274,final,Ngoma
2024-06-11,2,1011459,RW56,29.0,1.0689656,3.7609196,8.206897,37.31839,289.4138,322.6632,69.273155,31.20841,89.85256,final,Ngoma
2024-06-21,2,1011459,RW56,29.0,1.3103448,3.0689654,3.8275862,15.018391,253.51724,266.86783,78.205124,44.09738,95.08931,final,Ngoma
2024-07-01,2,1011459,RW56,29.0,1.0344827,2.1367817,3.413793,8.966666,188.31035,208.7023,84.55468,60.241962,90.45777,final,Ngoma
2024-07-11,2,1011459,RW56,29.0,0.6896552,1.0563219,3.034483,6.262069,118.62069,155.59195,93.94572,71.34109,76.978134,final,Ngoma
2024-07-21,2,1011459,RW56,29.0,1.3103448,2.3183908,3.0344827,5.511494,56.689655,110.5,86.22585,76.43521,53.410957,final,Ngoma
2024-08-01,2,1011459,RW56,29.0,1.6206896,5.526437,3.6206896,8.90115,23.068966,79.82759,62.89583,62.014217,33.089428,final,Ngoma
2024-08-11,2,1011459,RW56,29.0,2.8965516,6.275862,5.827586,14.120689,17.068966,57.70115,70.03058,56.627594,35.197067,final,Ngoma
2024-08-21,2,1011459,RW56,29.0,8.103448,9.302299,12.620689,21.104597,19.482758,41.634483,91.617775,67.50033,52.49926,final,Ngoma
2024-09-01,2,1011459,RW56,29.0,9.034483,15.77931,20.034483,31.357471,27.068964,49.22529,67.54066,68.8565,59.140236,final,Ngoma
2024-09-11,2,1011459,RW56,29.0,4.5172415,17.775862,21.655174,42.85747,30.517239,63.24023,41.78653,55.696995,52.04736,final,Ngoma
2024-09-21,2,1011459,RW56,29.0,39.86207,18.748276,53.41379,52.303448,69.06897,78.91954,188.90663,101.93765,88.26189,final,Ngoma
2024-10-01,2,1011459,RW56,29.0,30.0,34.643677,74.37931,71.167816,98.034485,111.42644,88.28647,104.21634,88.497505,final,Ngoma
2024-10-11,2,1011459,RW56,29.0,62.689655,41.242527,132.55173,94.63448,160.03448,151.61264,146.37965,138.05635,105.377495,final,Ngoma
2024-10-21,2,1011459,RW56,29.0,19.37931,45.26552,112.06896,121.151726,178.10345,194.55977,48.50106,92.800125,91.75369,final,Ngoma
2024-11-01,2,1011459,RW56,29.0,63.41379,49.394253,145.48276,135.9023,239.89655,238.42758,125.77393,106.79936,100.60345,final,Ngoma
2024-11-11,2,1011459,RW56,29.0,90.37931,38.59885,173.17242,133.25862,327.3793,270.75058,218.76567,128.86894,120.53621,final,Ngoma
2024-11-21,2,1011459,RW56,29.0,106.24138,45.31839,260.0345,133.3115,425.5172,306.76666,221.07498,191.62144,138.08957,final,Ngoma
2024-12-01,2,1011459,RW56,29.0,21.068966,34.18161,217.68967,118.09885,437.5517,325.16898,66.533676,180.90312,134.03793,final,Ngoma
2024-12-11,2,1011459,RW56,29.0,25.862068,30.252874,153.17242,109.75288,458.89655,337.64597,87.54482,137.83743,135.38655,final,Ngoma
2024-12-21,2,1011459,RW56,29.0,36.0,37.757473,82.93103,102.191956,455.0345,356.65518,95.88967,82.03137,127.202515,final,Ngoma
2025-01-01,2,1011459,RW56,29.0,5.206897,27.391954,67.06896,96.2,430.2414,346.8931,31.510595,71.214386,123.685684,final,Ngoma
2025-01-11,2,1011459,RW56,29.0,32.86207,24.874712,74.06897,91.92069,400.41382,330.74252,126.736176,81.5811,120.7514,final,Ngoma
2025-01-21,2,1011459,RW56,29.0,40.24138,27.597702,78.31035,79.86437,421.27588,312.2724,138.78702,98.168816,134.35643,final,Ngoma
2025-02-01,2,1011459,RW56,29.0,25.896551,25.286207,99.0,77.75862,383.7586,288.91034,102.01526,125.666664,132.27116,final,Ngoma
2025-02-11,2,1011459,RW56,29.0,12.344828,29.05977,78.48276,81.94368,305.72415,279.1632,50.924675,96.01935,109.34707,final,Ngoma
2025-02-21,2,1011459,RW56,29.0,2.3793104,23.749426,40.62069,78.095406,201.86205,257.2885,25.667679,54.901577,78.86813,final,Ngoma
2025-03-01,2,1011459,RW56,29.0,10.413794,47.588505,25.137932,100.3977,191.20688,274.35632,29.310196,28.594488,70.23535,final,Ngoma
2025-03-11,2,1011459,RW56,29.0,31.103449,41.14253,43.896553,112.48046,196.44827,286.34482,78.243324,41.62101,69.14428,final,Ngoma
2025-03-21,2,1011459,RW56,29.0,34.58621,58.86437,76.103455,147.5954,195.0345,305.55518,61.984814,53.14934,64.4119,final,Ngoma
2025-04-01,2,1011459,RW56,29.0,49.86207,60.3023,115.55173,160.30919,239.68967,338.4655,84.01246,72.925,71.24141,final,Ngoma
2025-04-11,2,1011459,RW56,29.0,76.06896,54.166668,160.51724,173.33333,282.89655,367.75748,137.01796,92.81341,77.23428,final,Ngoma
2025-04-21,2,1011459,RW56,29.0,113.51724,47.410343,239.44827,161.87932,356.17242,387.57013,226.1333,146.48206,92.002014,final,Ngoma
2025-05-01,2,1011459,RW56,29.0,61.689655,36.198853,251.27586,137.77586,391.96555,398.48276,161.87259,179.49524,98.384766,final,Ngoma
2025-05-11,2,1011459,RW56,29.0,25.62069,28.4023,200.82758,112.0115,405.2414,397.8253,91.6724,175.90372,101.84102,final,Ngoma
2025-05-21,2,1011459,RW56,29.0,27.103449,25.368965,114.413795,89.970116,429.96555,399.44482,105.711365,125.73829,107.546326,final,Ngoma
2025-06-01,2,1011459,RW56,29.0,5.6896553,8.188506,58.41379,61.95977,425.24142,360.04483,81.05282,94.704315,117.859886,final,Ngoma
2025-06-11,2,1011459,RW56,29.0,13.413794,3.7609196,46.2069,37.31839,407.55176,322.6632,210.18108,121.0039,125.90726,final,Ngoma
2025-06-21,2,1011459,RW56,29.0,2.7586207,3.0689654,21.86207,15.018391,375.72415,266.86783,96.15385,134.18697,140.04016,final,Ngoma
2025-07-01,2,1011459,RW56,29.0,1.1724138,2.1367817,17.34483,8.966666,327.0345,208.7023,86.48736,159.98685,155.37244,final,Ngoma
2025-07-11,2,1011459,RW56,29.0,1.5517242,1.0563219,5.4827585,6.262069,252.51723,155.59195,108.17992,93.08021,160.355,final,Ngoma
2025-07-21,2,1011459,RW56,29.0,1.0,2.3183908,3.724138,5.511494,140.0,110.5,81.98524,82.99618,125.54113,final,Ngoma
2025-08-01,2,1011459,RW56,29.0,6.275862,5.526437,8.827586,8.90115,84.58621,79.82759,107.11945,99.47081,105.60975,final,Ngoma
2025-08-11,2,1011459,RW56,29.0,9.75862,6.275862,17.034483,14.120689,68.724144,57.70115,130.88686,115.23895,117.58021,final,Ngoma
2025-08-21,2,1011459,RW56,29.0,3.6551723,9.302299,19.689655,21.104597,45.275864,41.634483,60.515953,94.57972,107.80834,final,Ngoma
2025-09-01,2,1011459,RW56,29.0,8.275862,15.77931,21.689655,31.357471,47.86207,49.22529,63.88981,73.409,97.48601,final,Ngoma
2025-09-11,2,1011459,RW56,29.0,14.4827585,17.775862,26.413792,42.85747,48.931034,63.24023,85.54125,65.640305,79.03114,final,Ngoma
2025-09-21,2,1011459,RW56,29.0,7.3448277,18.748276,30.103449,52.303448,53.517242,78.91954,51.982,61.258877,69.73017,final,Ngoma
2025-10-01,2,1011459,RW56,29.0,47.931034,34.643677,69.75862,71.167816,100.27586,111.42644,133.51697,98.14989,90.422646,final,Ngoma
2025-10-11,2,1011459,RW56,29.0,32.41379,41.242527,87.68965,94.63448,131.13792,151.61264,80.90775,93.02969,86.92653,final,Ngoma
2025-10-21,2,1011459,RW56,29.0,70.24138,45.26552,150.58621,121.151726,200.3793,194.55977,149.68787,123.33261,102.91618,final,Ngoma
2025-11-01,2,1011459,RW56,29.0,50.931034,49.394253,153.5862,135.9023,245.03447,238.42758,102.82526,112.550476,102.71411,final,Ngoma
2025-11-11,2,1011459,RW56,29.0,28.37931,38.59885,149.55173,133.25862,263.65515,270.75058,76.56007,111.784515,97.426865,final,Ngoma
2025-11-21,2,1011459,RW56,29.0,16.586206,45.31839,95.89655,133.3115,276.5862,306.76666,42.89924,72.948784,90.319534,final,Ngoma
2025-12-01,2,1011459,RW56,29.0,20.689655,34.18161,65.65517,118.09885,289.0,325.16898,65.56559,57.3971,89.04532,final,Ngoma
2025-12-11,2,1011459,RW56,29.0,31.862068,30.252874,69.13793,109.75288,306.3793,337.64597,104.56471,64.6066,90.87493,final,Ngoma
2025-12-21,2,1011459,RW56,29.0,84.93104,37.757473,137.48276,102.191956,383.9655,356.65518,210.32825,132.92299,107.55148,final,Ngoma
2026-01-01,2,1011459,RW56,29.0,43.206898,27.391954,160.0,96.2,379.2414,346.8931,148.82368,163.04349,109.19264,final,Ngoma
2026-01-11,2,1011459,RW56,29.0,24.793104,24.874712,152.93105,91.92069,371.6207,330.74252,99.72683,162.94875,112.17545,final,Ngoma
2026-01-21,2,1011459,RW56,29.0,63.551723,27.597702,131.55173,79.86437,364.93103,312.2724,210.2962,160.90584,116.5973,final,Ngoma
2026-02-01,2,1011459,RW56,29.0,28.137932,25.286207,116.48276,77.75862,342.13794,288.91034,109.415924,146.79166,118.110146,final,Ngoma
2026-02-11,2,1011459,RW56,29.0,28.275862,29.05977,119.965515,81.94368,342.0345,279.1632,97.69844,143.73157,122.12505,final,Ngoma
2026-02-21,2,1011459,RW56,29.0,16.241379,23.749426,72.655174,78.095406,341.68964,257.2885,73.88454,93.45303,132.17874,final,Ngoma
2026-03-01,2,1011459,RW56,29.0,48.724136,47.588505,93.24138,100.3977,369.72412,274.35632,102.15946,93.210175,134.13841,prelim,Ngoma
2026-03-11,2,1011459,RW56,29.0,39.86207,41.14253,104.82758,112.48046,377.72412,286.34482,97.22498,93.48583,131.36465,prelim,Ngoma
2026-03-21,2,1011459,RW56,29.0,56.03448,58.86437,144.62068,147.5954,348.8276,305.55518,95.56892,98.05059,113.9339,prelim,Ngoma
2026-04-01,2,1011459,RW56,29.0,24.137932,60.3023,120.03448,160.30919,329.75864,338.4655,44.62007,75.63674,97.46499,prelim,Ngoma
2026-04-11,2,1011459,RW56,29.0,59.068966,54.166668,139.24138,173.33333,364.0345,367.75748,108.28558,80.88302,99.00123,forecast,Ngoma
2022-01-01,2,1011462,RW52,62.0,12.887096,18.73871,92.822586,71.38656,282.4355,300.0312,75.34991,128.06258,94.23151,final,Nyagatare
2022-01-11,2,1011462,RW52,62.0,26.919355,17.456451,84.30645,67.10538,283.41934,278.46182,142.13892,123.85546,101.74892,final,Nyagatare
2022-01-21,2,1011462,RW52,62.0,20.951612,19.81344,60.758064,56.008602,245.70969,253.14247,104.58692,107.784904,97.120674,final,Nyagatare
2022-02-01,2,1011462,RW52,62.0,39.51613,20.627956,87.3871,57.89785,254.53226,230.4672,173.70145,146.88435,110.22013,final,Nyagatare
2022-02-11,2,1011462,RW52,62.0,46.467743,22.653225,106.935486,63.094624,269.67743,217.17635,186.11841,164.38228,123.63037,final,Nyagatare
2022-02-21,2,1011462,RW52,62.0,24.983871,21.14516,110.96774,64.426346,265.59677,200.51236,114.682304,167.03708,131.66934,final,Nyagatare
2022-03-01,2,1011462,RW52,62.0,28.096775,38.167744,99.548386,81.966125,279.7581,211.25053,76.67015,120.21737,131.67972,final,Nyagatare
2022-03-11,2,1011462,RW52,62.0,34.919353,33.66344,88.0,92.97634,279.24194,223.17635,103.24832,94.920876,124.57117,final,Nyagatare
2022-03-21,2,1011462,RW52,62.0,37.69355,50.723656,100.70968,122.55484,272.4355,242.98979,76.61656,82.8739,111.87376,final,Nyagatare
2022-04-01,2,1011462,RW52,62.0,15.354838,46.67258,87.967735,131.05968,274.90323,270.92365,39.391953,68.32865,101.442276,final,Nyagatare
2022-04-11,2,1011462,RW52,62.0,52.677418,44.41774,105.72581,141.81398,300.6613,297.88495,116.71399,75.41911,100.91663,final,Nyagatare
2022-04-21,2,1011462,RW52,62.0,58.241936,34.964516,126.27419,126.05484,337.95163,313.036,158.24522,100.16738,107.834206,final,Nyagatare
2022-05-01,2,1011462,RW52,62.0,12.612904,39.593548,123.53226,118.97581,311.0484,332.00162,39.49653,103.67527,93.78246,final,Nyagatare
2022-05-11,2,1011462,RW52,62.0,16.838709,29.625807,87.69355,104.18387,281.41937,338.97418,63.070614,84.89674,83.26769,final,Nyagatare
2022-05-21,2,1011462,RW52,62.0,69.90323,24.477419,99.35484,93.69677,326.33868,342.30646,254.10376,105.73279,95.4024,final,Nyagatare
2022-06-01,2,1011462,RW52,62.0,2.983871,8.21828,89.72581,62.321507,301.2258,312.357,60.400223,140.7066,96.49254,final,Nyagatare
2022-06-11,2,1011462,RW52,62.0,1.2419355,3.4467742,74.129036,36.142475,267.54837,282.14032,73.89727,192.3293,94.91818,final,Nyagatare
2022-06-21,2,1011462,RW52,62.0,1.4354838,2.5634408,5.66129,14.228495,231.29033,233.98012,85.08672,55.445267,98.87447,final,Nyagatare
2022-07-01,2,1011462,RW52,62.0,1.1129032,1.9763441,3.7903223,7.9865594,217.04839,189.28387,87.62331,67.68785,114.29069,final,Nyagatare
2022-07-11,2,1011462,RW52,62.0,1.0,1.6505376,3.548387,6.190323,165.37096,146.51666,90.21827,76.39089,112.44371,final,Nyagatare
2022-07-21,2,1011462,RW52,62.0,7.645161,3.8360214,9.758064,7.462903,114.7742,115.38817,143.1092,118.41594,99.49001,final,Nyagatare
2022-08-01,2,1011462,RW52,62.0,8.225806,9.451612,16.870968,14.938172,110.3871,85.24624,91.51786,109.693954,127.85806,final,Nyagatare
2022-08-11,2,1011462,RW52,62.0,18.064516,11.401613,33.935486,24.689247,111.61291,67.02204,140.62346,131.14339,161.91281,final,Nyagatare
2022-08-21,2,1011462,RW52,62.0,22.370968,17.428495,48.66129,38.28172,64.08064,59.973118,122.036575,123.981415,106.32189,final,Nyagatare
2022-09-01,2,1011462,RW52,62.0,18.14516,25.7,58.580647,54.530106,79.241936,77.45484,75.3914,106.80419,102.16736,final,Nyagatare
2022-09-11,2,1011462,RW52,62.0,20.870968,24.775269,61.387096,67.90376,98.87097,98.78333,86.887436,91.06128,100.08445,final,Nyagatare
2022-09-21,2,1011462,RW52,62.0,27.483871,25.237635,66.5,75.712906,124.91936,121.45753,107.42861,88.58559,102.73755,final,Nyagatare
2022-10-01,2,1011462,RW52,62.0,27.096775,39.25215,75.451614,89.26505,150.90323,158.73334,72.531555,85.346176,95.21777,final,Nyagatare
2022-10-11,2,1011462,RW52,62.0,23.161291,39.403763,77.741936,103.89355,173.06451,196.48656,63.420956,75.98424,88.37538,final,Nyagatare
2022-10-21,2,1011462,RW52,62.0,58.20968,44.33925,108.46774,122.99516,223.62903,236.98979,128.11237,88.650024,94.47879,final,Nyagatare
2022-11-01,2,1011462,RW52,62.0,36.677418,43.768818,118.048386,127.511826,252.08064,271.30698,85.45915,92.85841,93.04167,final,Nyagatare
2022-11-11,2,1011462,RW52,62.0,50.774193,35.77204,145.66129,123.880104,284.7903,295.67743,136.7952,116.900345,96.379135,final,Nyagatare
2022-11-21,2,1011462,RW52,62.0,35.35484,37.835484,122.80646,117.37634,297.77417,316.0844,94.2089,104.43722,94.29737,final,Nyagatare
2022-12-01,2,1011462,RW52,62.0,40.14516,29.334946,126.274185,102.942474,319.7742,319.71936,131.48457,121.614944,100.01689,final,Nyagatare
2022-12-11,2,1011462,RW52,62.0,24.435484,23.008602,99.935486,90.17903,323.3387,317.9527,105.094444,110.25064,101.66774,final,Nyagatare
2022-12-21,2,1011462,RW52,62.0,28.096775,30.216667,92.677414,82.56021,323.9516,322.93173,93.98043,111.554565,100.311005,final,Nyagatare
2023-01-01,2,1011462,RW52,62.0,18.467741,18.73871,71.0,71.38656,315.32257,300.0312,98.858536,99.49394,105.01306,final,Nyagatare
2023-01-11,2,1011462,RW52,62.0,40.69355,17.456451,87.258064,67.10538,332.85483,278.46182,203.47626,127.94894,119.188835,final,Nyagatare
2023-01-21,2,1011462,RW52,62.0,28.741936,19.81344,87.90323,56.008602,303.38712,253.14247,135.9825,152.2789,119.463936,final,Nyagatare
2023-02-01,2,1011462,RW52,62.0,4.870968,20.627956,74.30646,57.89785,271.58066,230.4672,38.516407,126.087715,117.46038,final,Nyagatare
2023-02-11,2,1011462,RW52,62.0,3.3387096,22.653225,36.951614,63.094624,224.14517,217.17635,30.154566,61.607826,103.13662,final,Nyagatare
2023-02-21,2,1011462,RW52,62.0,18.709677,21.14516,26.919353,64.426346,207.50002,200.51236,90.68476,45.975853,103.40011,final,Nyagatare
2023-03-01,2,1011462,RW52,62.0,15.290322,38.167744,37.338707,81.966125,182.64517,211.25053,47.003433,48.684135,86.77212,final,Nyagatare
2023-03-11,2,1011462,RW52,62.0,73.20968,33.66344,107.20968,92.97634,231.41937,223.17635,202.2833,114.52732,103.612564,final,Nyagatare
2023-03-21,2,1011462,RW52,62.0,51.112904,50.723656,139.6129,122.55484,254.4355,242.98979,100.69853,113.373116,104.61539,final,Nyagatare
2023-04-01,2,1011462,RW52,62.0,60.967743,46.67258,185.29033,131.05968,296.9355,270.92365,127.66489,139.85799,109.42719,final,Nyagatare
2023-04-11,2,1011462,RW52,62.0,64.09677,44.41774,176.17741,141.81398,320.3387,297.88495,139.8218,123.4061,107.41331,final,Nyagatare
2023-04-21,2,1011462,RW52,62.0,48.903225,34.964516,173.96774,126.05484,340.5,313.036,134.87772,136.55943,108.6355,final,Nyagatare
2023-05-01,2,1011462,RW52,62.0,96.435486,39.593548,209.43549,118.97581,432.0645,332.00162,227.46672,172.96559,129.69211,final,Nyagatare
2023-05-11,2,1011462,RW52,62.0,6.048387,29.625807,151.3871,104.18387,434.7742,338.97418,31.907955,143.23279,127.85094,final,Nyagatare
2023-05-21,2,1011462,RW52,62.0,5.483871,24.477419,107.96774,93.69677,421.5484,342.30646,35.565773,114.459404,122.81615,final,Nyagatare
2023-06-01,2,1011462,RW52,62.0,1.3548387,8.21828,12.887096,62.321507,407.61288,312.357,48.07614,26.569664,130.01538,final,Nyagatare
2023-06-11,2,1011462,RW52,62.0,3.2580645,3.4467742,10.096774,36.142475,337.66125,282.14032,97.76589,36.69389,119.335815,final,Nyagatare
2023-06-21,2,1011462,RW52,62.0,1.1451613,2.5634408,5.7580643,14.228495,287.69354,233.98012,81.24822,55.94855,122.476105,final,Nyagatare
2023-07-01,2,1011462,RW52,62.0,1.1935484,1.9763441,5.596774,7.9865594,227.91936,189.28387,88.77928,81.598015,119.8861,final,Nyagatare
2023-07-11,2,1011462,RW52,62.0,0.983871,1.6505376,3.3225808,6.190323,164.80646,146.51666,89.97575,74.37302,112.071144,final,Nyagatare
2023-07-21,2,1011462,RW52,62.0,1.0,3.8360214,3.1774194,7.462903,116.90323,115.38817,67.90386,65.61409,101.258484,final,Nyagatare
2023-08-01,2,1011462,RW52,62.0,2.435484,9.451612,4.419355,14.938172,22.903225,85.24624,51.450897,47.242825,30.91899,final,Nyagatare
2023-08-11,2,1011462,RW52,62.0,1.3709677,11.401613,4.806452,24.689247,18.225807,67.02204,38.843544,33.030315,32.24819,final,Nyagatare
2023-08-21,2,1011462,RW52,62.0,1.7903225,17.428495,5.596774,38.28172,14.532258,59.973118,30.275425,24.483255,30.062061,final,Nyagatare
2023-09-01,2,1011462,RW52,62.0,26.774193,25.7,29.935482,54.530106,39.95161,77.45484,103.49899,58.685406,54.516644,final,Nyagatare
2023-09-11,2,1011462,RW52,62.0,39.29032,24.775269,67.854836,67.90376,75.98387,98.78333,148.74869,99.932884,78.03167,final,Nyagatare
2023-09-21,2,1011462,RW52,62.0,25.129032,25.237635,91.19354,75.712906,99.96774,121.45753,99.64083,119.17988,83.006325,final,Nyagatare
2023-10-01,2,1011462,RW52,62.0,30.435484,39.25215,94.85484,89.26505,129.20967,158.73334,80.0763,105.92986,81.968445,final,Nyagatare
2023-10-11,2,1011462,RW52,62.0,53.14516,39.403763,108.70967,103.89355,181.37096,196.48656,130.94647,104.42278,92.49796,final,Nyagatare
2023-10-21,2,1011462,RW52,62.0,31.435484,44.33925,115.01613,122.99516,211.80644,236.98979,73.846855,93.76614,89.593216,final,Nyagatare
2023-11-01,2,1011462,RW52,62.0,29.096775,43.768818,113.677414,127.511826,238.46773,271.30698,69.915115,89.55987,88.114944,final,Nyagatare
2023-11-11,2,1011462,RW52,62.0,57.29032,35.77204,117.82258,123.880104,294.3871,295.67743,152.77705,95.29988,99.570854,final,Nyagatare
2023-11-21,2,1011462,RW52,62.0,50.241936,37.835484,136.62903,117.37634,342.8387,316.0844,128.96303,115.73236,108.33248,final,Nyagatare
2023-12-01,2,1011462,RW52,62.0,31.370968,29.334946,138.90323,102.942474,347.4355,319.71936,105.929886,133.31474,108.53541,final,Nyagatare
2023-12-11,2,1011462,RW52,62.0,23.225807,23.008602,104.83871,90.17903,331.37097,317.9527,100.77549,115.40221,104.15488,final,Nyagatare
2023-12-21,2,1011462,RW52,62.0,59.064518,30.216667,113.66129,82.56021,365.30646,322.93173,181.91531,135.51965,112.921814,final,Nyagatare
2024-01-01,2,1011462,RW52,62.0,8.854838,18.73871,91.145164,71.38656,343.7258,300.0312,58.363903,125.86661,114.32464,final,Nyagatare
2024-01-11,2,1011462,RW52,62.0,15.17742,17.456451,83.09678,67.10538,305.75806,278.46182,89.851326,122.17782,109.62959,final,Nyagatare
2024-01-21,2,1011462,RW52,62.0,22.32258,19.81344,46.354836,56.008602,296.64514,253.14247,110.11202,84.176384,116.8522,final,Nyagatare
2024-02-01,2,1011462,RW52,62.0,17.35484,20.627956,54.85484,57.89785,284.9032,230.4672,87.22833,95.16198,123.11829,final,Nyagatare
2024-02-11,2,1011462,RW52,62.0,13.9838705,22.653225,53.661293,63.094624,241.59679,217.17635,68.64976,86.146736,110.99146,final,Nyagatare
2024-02-21,2,1011462,RW52,62.0,17.580645,21.14516,48.919357,64.426346,208.93549,200.51236,86.36644,77.664116,104.098595,final,Nyagatare
2024-03-01,2,1011462,RW52,62.0,26.870968,38.167744,58.435482,81.966125,204.4355,211.25053,73.83051,72.94275,96.84855,final,Nyagatare
2024-03-11,2,1011462,RW52,62.0,21.096775,33.66344,65.548386,92.97634,202.30646,223.17635,67.49729,72.00553,90.853615,final,Nyagatare
2024-03-21,2,1011462,RW52,62.0,29.467741,50.723656,77.435486,122.55484,172.70967,242.98979,61.85478,64.62749,71.66008,final,Nyagatare
2024-04-01,2,1011462,RW52,62.0,33.83871,46.67258,84.40323,131.05968,197.69354,270.92365,75.16309,65.70883,73.460014,final,Nyagatare
2024-04-11,2,1011462,RW52,62.0,49.467743,44.41774,112.77419,141.81398,231.98387,297.88495,110.21902,80.22002,78.2422,final,Nyagatare
2024-04-21,2,1011462,RW52,62.0,67.46774,34.964516,150.7742,126.05484,277.12903,313.036,181.33022,118.86184,88.70978,final,Nyagatare
2024-05-01,2,1011462,RW52,62.0,40.64516,39.593548,157.58064,118.97581,300.41937,332.00162,102.35822,131.139,90.628456,final,Nyagatare
2024-05-11,2,1011462,RW52,62.0,5.064516,29.625807,113.177414,104.18387,291.5,338.97418,29.066515,108.23706,86.19833,final,Nyagatare
2024-05-21,2,1011462,RW52,62.0,3.580645,24.477419,49.290325,93.69677,277.50003,342.30646,29.109213,55.007195,81.34028,final,Nyagatare
2024-06-01,2,1011462,RW52,62.0,1.2741935,8.21828,9.919354,62.321507,251.90323,312.357,47.46604,22.16135,80.95086,final,Nyagatare
2024-06-11,2,1011462,RW52,62.0,1.0,3.4467742,5.8548384,36.142475,231.80646,282.14032,71.03303,26.383533,82.470634,final,Nyagatare
2024-06-21,2,1011462,RW52,62.0,1.032258,2.5634408,3.3064516,14.228495,203.37097,233.98012,79.75547,43.19866,87.19176,final,Nyagatare
2024-07-01,2,1011462,RW52,62.0,3.3709676,1.9763441,5.403226,7.9865594,172.90323,189.28387,119.99075,80.10764,91.5687,final,Nyagatare
2024-07-11,2,1011462,RW52,62.0,1.0,1.6505376,5.403226,6.190323,124.43547,146.51666,90.21827,92.96627,85.42656,final,Nyagatare
2024-07-21,2,1011462,RW52,62.0,2.935484,3.8360214,7.306452,7.462903,59.90323,115.38817,89.80834,98.74467,53.911633,final,Nyagatare
2024-08-01,2,1011462,RW52,62.0,1.483871,9.451612,5.419355,14.938172,20.741936,85.24624,44.866074,52.25833,28.524109,final,Nyagatare
2024-08-11,2,1011462,RW52,62.0,8.419354,11.401613,12.838709,24.689247,24.096775,67.02204,81.81728,60.084747,40.39982,final,Nyagatare
2024-08-21,2,1011462,RW52,62.0,11.241936,17.428495,21.14516,38.28172,31.758064,59.973118,72.41652,60.406937,56.57427,final,Nyagatare
2024-09-01,2,1011462,RW52,62.0,9.241936,25.7,28.903225,54.530106,39.725807,77.45484,46.390667,56.951393,54.24279,final,Nyagatare
2024-09-11,2,1011462,RW52,62.0,7.0,24.775269,27.483871,67.90376,45.725807,98.78333,40.301903,44.557198,48.87664,final,Nyagatare
2024-09-21,2,1011462,RW52,62.0,60.258064,25.237635,76.5,75.712906,104.951614,121.45753,215.81735,100.97518,86.947464,final,Nyagatare
2024-10-01,2,1011462,RW52,62.0,41.096775,39.25215,108.35484,89.26505,142.67741,158.73334,104.16844,120.25119,90.193855,final,Nyagatare
2024-10-11,2,1011462,RW52,62.0,52.564518,39.403763,153.91936,103.89355,194.24193,196.48656,129.63882,145.9401,98.88596,final,Nyagatare
2024-10-21,2,1011462,RW52,62.0,23.048388,44.33925,116.70968,122.99516,214.35483,236.98979,56.848026,95.08928,90.64632,final,Nyagatare
2024-11-01,2,1011462,RW52,62.0,70.40323,43.768818,146.01614,127.511826,283.27417,271.30698,154.6136,113.96427,104.33112,final,Nyagatare
2024-11-11,2,1011462,RW52,62.0,70.451614,35.77204,163.90323,123.880104,345.30646,295.67743,185.05724,131.05455,116.505745,final,Nyagatare
2024-11-21,2,1011462,RW52,62.0,81.79032,37.835484,222.64517,117.37634,415.85483,316.0844,202.61314,186.02058,131.07295,final,Nyagatare
2024-12-01,2,1011462,RW52,62.0,24.17742,29.334946,176.41936,102.942474,430.7903,319.71936,84.97878,168.0704,134.20522,final,Nyagatare
2024-12-11,2,1011462,RW52,62.0,26.338709,23.008602,132.30646,90.17903,450.12903,317.9527,111.88959,144.26125,140.92746,final,Nyagatare
2024-12-21,2,1011462,RW52,62.0,33.241936,30.216667,83.758064,82.56021,423.1129,322.93173,108.59045,101.368034,130.54941,final,Nyagatare
2025-01-01,2,1011462,RW52,62.0,6.419355,18.73871,66.0,71.38656,388.43552,300.0312,48.104362,92.94829,128.98207,final,Nyagatare
2025-01-11,2,1011462,RW52,62.0,16.451612,17.456451,56.1129,67.10538,352.32257,278.46182,95.52539,84.75498,126.05669,final,Nyagatare
2025-01-21,2,1011462,RW52,62.0,23.435484,19.81344,46.30645,56.008602,352.70966,253.14247,114.59711,84.09708,138.57065,final,Nyagatare
2025-02-01,2,1011462,RW52,62.0,19.064516,20.627956,58.951614,57.89785,301.37097,230.4672,93.89947,101.675354,130.11195,final,Nyagatare
2025-02-11,2,1011462,RW52,62.0,12.4838705,22.653225,54.98387,63.094624,243.40324,217.17635,63.225437,88.089005,111.80454,final,Nyagatare
2025-02-21,2,1011462,RW52,62.0,2.532258,21.14516,34.080643,64.426346,164.14516,200.51236,28.809378,56.290794,82.30412,final,Nyagatare
2025-03-01,2,1011462,RW52,62.0,13.387096,38.167744,28.403225,81.966125,153.35484,211.25053,42.59453,38.409466,73.22749,final,Nyagatare
2025-03-11,2,1011462,RW52,62.0,28.112904,33.66344,44.032257,92.97634,155.12903,223.17635,85.64397,50.044994,70.17775,final,Nyagatare
2025-03-21,2,1011462,RW52,62.0,27.564516,50.723656,69.064514,122.55484,149.4516,242.98979,58.4393,58.064842,62.281437,final,Nyagatare
2025-04-01,2,1011462,RW52,62.0,47.903225,46.67258,103.58064,131.05968,190.93549,270.92365,102.38162,79.80369,71.010765,final,Nyagatare
2025-04-11,2,1011462,RW52,62.0,48.80645,44.41774,124.27419,141.81398,223.29031,297.88495,108.880844,88.05306,75.371956,final,Nyagatare
2025-04-21,2,1011462,RW52,62.0,55.80645,34.964516,152.51611,126.05484,255.66129,313.036,152.1511,120.19099,81.95968,final,Nyagatare
2025-05-01,2,1011462,RW52,62.0,47.14516,39.593548,151.75806,118.97581,283.74194,332.00162,116.93431,126.44246,85.679695,final,Nyagatare
2025-05-11,2,1011462,RW52,62.0,29.580645,29.625807,132.53226,104.18387,300.83875,338.97418,99.86956,125.963905,88.913284,final,Nyagatare
2025-05-21,2,1011462,RW52,62.0,34.419353,24.477419,111.14516,93.69677,332.72583,342.30646,133.7273,117.67879,97.24145,final,Nyagatare
2025-06-01,2,1011462,RW52,62.0,4.66129,8.21828,68.66129,62.321507,323.99997,312.357,73.09038,109.41719,103.668724,final,Nyagatare
2025-06-11,2,1011462,RW52,62.0,14.241936,3.4467742,53.32258,36.142475,310.12903,282.14032,227.80219,141.75758,109.7474,final,Nyagatare
2025-06-21,2,1011462,RW52,62.0,5.306452,2.5634408,24.209677,14.228495,287.87094,233.98012,136.26671,151.9083,122.55033,final,Nyagatare
2025-07-01,2,1011462,RW52,62.0,1.7096775,1.9763441,21.258064,7.9865594,241.67741,189.28387,96.17756,202.19417,126.967514,final,Nyagatare
2025-07-11,2,1011462,RW52,62.0,1.4354838,1.6505376,8.451613,6.190323,194.30644,146.51666,96.76637,120.20756,131.54094,final,Nyagatare
2025-07-21,2,1011462,RW52,62.0,1.0,3.8360214,4.145161,7.462903,139.5,115.38817,67.90386,73.37906,120.02841,final,Nyagatare
2025-08-01,2,1011462,RW52,62.0,7.483871,9.451612,9.919355,14.938172,99.838715,85.24624,86.383934,74.8281,116.16962,final,Nyagatare
2025-08-11,2,1011462,RW52,62.0,29.193548,11.401613,37.67742,24.689247,99.45161,67.02204,208.47676,143.74707,145.02728,final,Nyagatare
2025-08-21,2,1011462,RW52,62.0,3.096774,17.428495,39.774193,38.28172,68.12903,59.973118,36.100388,103.44827,112.55275,final,Nyagatare
2025-09-01,2,1011462,RW52,62.0,10.112904,25.7,42.403225,54.530106,73.58064,77.45484,49.227695,79.629,95.30143,final,Nyagatare
2025-09-11,2,1011462,RW52,62.0,25.241936,24.775269,38.451614,67.90376,84.58064,98.78333,101.56729,59.60133,86.31506,final,Nyagatare
2025-09-21,2,1011462,RW52,62.0,8.145162,25.237635,43.5,75.712906,87.41936,121.45753,43.47285,60.089523,73.08332,final,Nyagatare
2025-10-01,2,1011462,RW52,62.0,49.548386,39.25215,82.935486,89.26505,135.25806,158.73334,123.2672,93.285355,85.66249,final,Nyagatare
2025-10-11,2,1011462,RW52,62.0,31.67742,39.403763,89.370964,103.89355,165.5,196.48656,82.59981,86.663506,84.62103,final,Nyagatare
2025-10-21,2,1011462,RW52,62.0,70.629036,44.33925,151.85484,122.99516,235.12903,236.98979,153.28372,122.54747,99.23106,final,Nyagatare
2025-11-01,2,1011462,RW52,62.0,46.322582,43.768818,148.62904,127.511826,273.96774,271.30698,105.23647,115.936104,100.962975,final,Nyagatare
2025-11-11,2,1011462,RW52,62.0,24.258064,35.77204,141.20969,123.880104,269.03226,295.67743,71.76012,113.44628,91.13828,final,Nyagatare
2025-11-21,2,1011462,RW52,62.0,13.0,37.835484,83.58064,117.37634,278.9355,316.0844,42.021236,72.3838,88.43017,final,Nyagatare
2025-12-01,2,1011462,RW52,62.0,22.17742,29.334946,59.435486,102.942474,291.00003,319.71936,79.15382,59.694283,91.15565,final,Nyagatare
2025-12-11,2,1011462,RW52,62.0,27.193548,23.008602,62.37097,90.17903,292.95163,317.9527,114.94166,70.78342,92.2586,final,Nyagatare
2025-12-21,2,1011462,RW52,62.0,73.09677,30.216667,122.46774,82.56021,357.90323,322.93173,221.76082,145.57724,110.66426,final,Nyagatare
2026-01-01,2,1011462,RW52,62.0,19.419355,18.73871,119.70968,71.38656,327.7742,300.0312,102.86723,163.26128,109.095146,final,Nyagatare
2026-01-11,2,1011462,RW52,62.0,17.0,17.456451,109.51613,67.10538,313.09677,278.46182,97.96739,158.81773,112.21856,final,Nyagatare
2026-01-21,2,1011462,RW52,62.0,39.129032,19.81344,75.548386,56.008602,281.59677,253.14247,177.84326,132.02791,111.02272,final,Nyagatare
2026-02-01,2,1011462,RW52,62.0,27.758064,20.627956,83.8871,57.89785,263.03226,230.4672,127.8216,141.31978,113.82998,final,Nyagatare
2026-02-11,2,1011462,RW52,62.0,31.580645,22.653225,98.46774,63.094624,270.35486,217.17635,132.28346,151.94702,123.93527,final,Nyagatare
2026-02-21,2,1011462,RW52,62.0,23.774193,21.14516,83.1129,64.426346,281.12906,200.51236,110.05552,126.91566,139.22717,final,Nyagatare
2026-03-01,2,1011462,RW52,62.0,47.919353,38.167744,103.274185,81.966125,306.87094,211.25053,122.59004,124.501564,144.21742,prelim,Nyagatare
2026-03-11,2,1011462,RW52,62.0,37.20968,33.66344,108.90322,92.97634,316.8871,223.17635,109.17207,116.255844,141.06944,prelim,Nyagatare
2026-03-21,2,1011462,RW52,62.0,36.274193,50.723656,121.40322,122.55484,280.0645,242.98979,74.06943,99.09715,114.950096,prelim,Nyagatare
2026-04-01,2,1011462,RW52,62.0,17.451612,46.67258,90.935486,131.05968,278.09677,270.92365,43.44976,70.50986,102.59968,prelim,Nyagatare
2026-04-11,2,1011462,RW52,62.0,37.451614,44.41774,91.17742,141.81398,298.5484,297.88495,85.90359,65.50972,100.21905,forecast,Nyagatare
2022-01-01,2,1011473,RW51,22.0,9.954545,22.084848,106.86363,85.162125,299.54547,319.2606,55.213696,124.06943,93.919975,final,Rwamagana
2022-01-11,2,1011473,RW51,22.0,39.68182,20.09697,104.90909,79.22424,305.2273,302.0712,178.03671,130.49579,101.02781,final,Rwamagana
2022-01-21,2,1011473,RW51,22.0,22.5,22.593939,72.13637,64.77576,274.36365,281.32425,99.65957,110.54895,97.56898,final,Rwamagana
2022-02-01,2,1011473,RW51,22.0,30.5,23.959091,92.68182,66.65,286.0,260.1318,122.586716,136.33191,109.75673,final,Rwamagana
2022-02-11,2,1011473,RW51,22.0,54.363636,29.101515,107.36363,75.65455,313.27277,252.80151,174.07916,139.31468,123.45651,final,Rwamagana
2022-02-21,2,1011473,RW51,22.0,32.363636,23.613636,117.227264,76.67424,300.18182,234.1303,130.57983,149.65216,127.62157,final,Rwamagana
2022-03-01,2,1011473,RW51,22.0,36.5,44.489395,123.22727,97.204544,322.77274,249.01666,83.85635,125.46141,129.03592,final,Rwamagana
2022-03-11,2,1011473,RW51,22.0,44.590908,37.742424,113.454544,105.84545,325.72726,260.72424,116.02268,106.86459,124.46258,final,Rwamagana
2022-03-21,2,1011473,RW51,22.0,28.90909,55.9303,110.0,138.16212,299.36362,279.61212,55.652256,80.32851,106.93979,final,Rwamagana
2022-04-01,2,1011473,RW51,22.0,26.363636,57.14394,99.86363,150.81667,315.77274,314.6712,50.469337,67.29936,100.34459,final,Rwamagana
2022-04-11,2,1011473,RW51,22.0,69.13636,52.23788,124.40909,165.31212,345.22726,346.81213,129.52324,75.98349,99.549515,final,Rwamagana
2022-04-21,2,1011473,RW51,22.0,93.454544,46.522728,188.95454,155.90454,416.18182,370.7409,191.08954,120.54013,112.09369,final,Rwamagana
2022-05-01,2,1011473,RW51,22.0,21.045454,37.363636,183.63637,136.12424,406.72726,384.14545,61.480682,133.66689,105.80293,final,Rwamagana
2022-05-11,2,1011473,RW51,22.0,6.8636365,32.857574,121.36364,116.74394,359.22726,387.90152,31.337551,103.7946,92.70193,final,Rwamagana
2022-05-21,2,1011473,RW51,22.0,64.045456,27.603031,91.954544,97.82424,390.90906,391.8909,211.77618,94.29153,99.75262,final,Rwamagana
2022-06-01,2,1011473,RW51,22.0,2.2727273,8.154546,73.18182,68.61515,356.6818,355.55606,55.286797,106.20344,100.31222,final,Rwamagana
2022-06-11,2,1011473,RW51,22.0,1.2727273,2.8181818,67.59091,38.575756,313.36365,320.63184,80.23255,166.58556,97.767975,final,Rwamagana
2022-06-21,2,1011473,RW51,22.0,1.5,2.2166667,5.0454545,13.189394,285.95456,266.91818,90.06928,55.226986,107.00077,final,Rwamagana
2022-07-01,2,1011473,RW51,22.0,1.0,1.9833333,3.7727273,7.018182,260.5909,211.75758,85.918846,72.99546,122.52901,final,Rwamagana
2022-07-11,2,1011473,RW51,22.0,1.0,1.1863636,3.5,5.3863635,192.45453,160.70605,96.98751,81.83807,119.15951,final,Rwamagana
2022-07-21,2,1011473,RW51,22.0,4.8636365,2.4409091,6.8636365,5.610606,103.86364,116.624245,132.55956,111.80922,89.50818,final,Rwamagana
2022-08-01,2,1011473,RW51,22.0,4.0,5.8727274,9.863636,9.5,86.81819,85.13333,82.77592,102.50783,101.86929,final,Rwamagana
2022-08-11,2,1011473,RW51,22.0,8.454545,6.6954546,17.31818,15.009091,88.409096,58.97121,115.0408,111.5402,146.0174,final,Rwamagana
2022-08-21,2,1011473,RW51,22.0,22.272728,10.542424,34.727272,23.110605,46.636364,41.910606,175.47281,141.32486,110.07396,final,Rwamagana
2022-09-01,2,1011473,RW51,22.0,7.909091,16.94697,38.636364,34.18485,52.272728,50.70303,58.819466,111.3603,102.81798,final,Rwamagana
2022-09-11,2,1011473,RW51,22.0,19.5,19.628788,49.68182,47.118183,70.5,67.51363,99.47708,104.9189,104.11835,final,Rwamagana
2022-09-21,2,1011473,RW51,22.0,16.181818,19.671211,43.59091,56.24697,85.181816,84.96818,85.85642,79.33602,100.237465,final,Rwamagana
2022-10-01,2,1011473,RW51,22.0,14.5,32.886364,50.181816,72.18636,98.681816,115.871216,51.469707,71.49166,85.77875,final,Rwamagana
2022-10-11,2,1011473,RW51,22.0,10.181818,37.359093,40.863636,89.916664,107.86363,152.04395,35.84075,48.3199,71.867546,final,Rwamagana
2022-10-21,2,1011473,RW51,22.0,39.5,42.534847,64.181816,112.780304,142.5,192.13788,93.61553,58.738018,74.82073,final,Rwamagana
2022-11-01,2,1011473,RW51,22.0,23.363636,45.583332,73.045456,125.47727,161.86363,231.84848,56.073086,59.815365,70.45164,final,Rwamagana
2022-11-11,2,1011473,RW51,22.0,53.5,36.07879,116.36363,124.19697,206.90909,261.2318,142.40927,93.936905,79.5957,final,Rwamagana
2022-11-21,2,1011473,RW51,22.0,49.454544,42.169697,126.31818,123.83182,234.09091,292.8591,115.44391,101.929924,80.2698,final,Rwamagana
2022-12-01,2,1011473,RW51,22.0,41.227272,32.928787,144.18182,111.17728,267.4091,308.8409,121.87913,128.40878,86.79846,final,Rwamagana
2022-12-11,2,1011473,RW51,22.0,29.272728,27.110605,119.954544,102.20909,277.18182,316.32272,106.73337,116.552185,87.81882,final,Rwamagana
2022-12-21,2,1011473,RW51,22.0,24.772728,35.93182,95.27273,95.971214,285.77274,332.58334,72.737366,99.308235,86.13361,final,Rwamagana
2023-01-01,2,1011473,RW51,22.0,15.5,22.084848,69.545456,85.162125,286.77274,319.2606,75.68808,82.67935,89.98094,final,Rwamagana
2023-01-11,2,1011473,RW51,22.0,46.5,20.09697,86.77273,79.22424,323.0909,302.0712,205.20406,108.96237,106.84522,final,Rwamagana
2023-01-21,2,1011473,RW51,22.0,36.772728,22.593939,98.77273,64.77576,320.36365,281.32425,151.38371,148.72319,113.63468,final,Rwamagana
2023-02-01,2,1011473,RW51,22.0,5.3636365,23.959091,88.63637,66.65,302.36368,260.1318,35.78716,130.68578,115.928635,final,Rwamagana
2023-02-11,2,1011473,RW51,22.0,4.181818,29.101515,46.318184,75.65455,253.04546,252.80151,26.924955,63.62714,100.09463,final,Rwamagana
2023-02-21,2,1011473,RW51,22.0,19.59091,23.613636,29.136364,76.67424,223.18184,234.1303,85.94122,41.795753,95.421555,final,Rwamagana
2023-03-01,2,1011473,RW51,22.0,22.318182,44.489395,46.09091,97.204544,204.27272,249.01666,55.20007,49.988884,82.38543,final,Rwamagana
2023-03-11,2,1011473,RW51,22.0,80.045456,37.742424,121.954544,105.84545,255.04546,260.72424,198.972,114.532936,97.86291,final,Rwamagana
2023-03-21,2,1011473,RW51,22.0,58.81818,55.9303,161.18182,138.16212,289.0909,279.61212,104.73964,116.07946,103.33042,final,Rwamagana
2023-04-01,2,1011473,RW51,22.0,54.954544,57.14394,193.81818,150.81667,328.54547,314.6712,96.4769,127.597496,104.34017,final,Rwamagana
2023-04-11,2,1011473,RW51,22.0,61.136364,52.23788,174.90909,165.31212,343.18182,346.81213,115.5465,105.634926,98.96811,final,Rwamagana
2023-04-21,2,1011473,RW51,22.0,58.045456,46.522728,174.13637,155.90454,364.45453,370.7409,122.36436,111.33083,98.32694,final,Rwamagana
2023-05-01,2,1011473,RW51,22.0,59.636364,37.363636,178.81819,136.12424,418.72723,384.14545,152.57512,130.25275,108.8866,final,Rwamagana
2023-05-11,2,1011473,RW51,22.0,10.863636,32.857574,128.54546,116.74394,425.40906,387.90152,41.903465,109.69372,109.546295,final,Rwamagana
2023-05-21,2,1011473,RW51,22.0,6.9545455,27.603031,77.454544,97.82424,412.77274,391.8909,36.666977,80.18979,105.26135,final,Rwamagana
2023-06-01,2,1011473,RW51,22.0,1.0,8.154546,18.818182,68.61515,391.45456,355.55606,45.611607,32.355003,109.95643,final,Rwamagana
2023-06-11,2,1011473,RW51,22.0,1.5909091,2.8181818,9.545455,38.575756,313.00003,320.63184,84.30232,33.379696,97.65631,final,Rwamagana
2023-06-21,2,1011473,RW51,22.0,1.0,2.2166667,3.590909,13.189394,255.18182,266.91818,83.14088,47.23032,95.68387,final,Rwamagana
2023-07-01,2,1011473,RW51,22.0,1.1363636,1.9833333,3.7272725,7.018182,201.36365,211.75758,87.87155,72.61724,95.20481,final,Rwamagana
2023-07-11,2,1011473,RW51,22.0,0.95454544,1.1863636,3.090909,5.3863635,141.18182,160.70605,96.252754,77.899345,88.21755,final,Rwamagana
2023-07-21,2,1011473,RW51,22.0,1.0,2.4409091,3.090909,5.610606,84.13636,116.624245,80.6353,76.25304,73.288315,final,Rwamagana
2023-08-01,2,1011473,RW51,22.0,1.2727273,5.8727274,3.2272727,9.5,25.77273,85.13333,57.692307,56.739815,34.141342,final,Rwamagana
2023-08-11,2,1011473,RW51,22.0,1.4545455,6.6954546,3.7272727,15.009091,16.363636,58.97121,55.188496,43.61654,33.395706,final,Rwamagana
2023-08-21,2,1011473,RW51,22.0,1.9545455,10.542424,4.681818,23.110605,11.363636,41.910606,44.745564,34.44187,34.88259,final,Rwamagana
2023-09-01,2,1011473,RW51,22.0,14.636364,16.94697,18.045456,34.18485,25.0,50.70303,89.47187,58.81216,53.857033,final,Rwamagana
2023-09-11,2,1011473,RW51,22.0,32.363636,19.628788,48.954544,47.118183,55.772728,67.51363,151.70715,103.52346,83.80869,final,Rwamagana
2023-09-21,2,1011473,RW51,22.0,18.90909,19.671211,65.90909,56.24697,73.681816,84.96818,96.91089,115.775665,87.45516,final,Rwamagana
2023-10-01,2,1011473,RW51,22.0,22.5,32.886364,73.77273,72.18636,95.045456,115.871216,72.58548,102.05524,82.77029,final,Rwamagana
2023-10-11,2,1011473,RW51,22.0,30.681818,37.359093,72.090904,89.916664,124.77272,152.04395,84.236496,81.21957,82.63465,final,Rwamagana
2023-10-21,2,1011473,RW51,22.0,23.272728,42.534847,76.454544,112.780304,147.04544,192.13788,59.477894,69.158035,77.12645,final,Rwamagana
2023-11-01,2,1011473,RW51,22.0,39.727272,45.583332,93.681816,125.47727,185.5,231.84848,88.42295,75.631424,80.43117,final,Rwamagana
2023-11-11,2,1011473,RW51,22.0,44.0,36.07879,107.0,124.19697,228.04544,261.2318,119.282974,86.68935,87.53478,final,Rwamagana
2023-11-21,2,1011473,RW51,22.0,66.681816,42.169697,150.40909,123.83182,292.77274,292.8591,151.96582,120.62943,99.971,final,Rwamagana
2023-12-01,2,1011473,RW51,22.0,29.727272,32.928787,140.40909,111.17728,307.86362,308.8409,91.55914,125.161385,99.6886,final,Rwamagana
2023-12-11,2,1011473,RW51,22.0,20.272728,27.110605,116.681816,102.20909,295.77274,316.32272,78.70524,113.499535,93.60457,final,Rwamagana
2023-12-21,2,1011473,RW51,22.0,49.18182,35.93182,99.18182,95.971214,326.04547,332.58334,132.3709,103.179726,98.06333,final,Rwamagana
2024-01-01,2,1011473,RW51,22.0,10.363636,22.084848,79.81818,85.162125,313.90912,319.2606,56.724094,94.07295,98.34964,final,Rwamagana
2024-01-11,2,1011473,RW51,22.0,17.90909,20.09697,77.454544,79.22424,301.13638,302.0712,91.282295,97.89883,99.69557,final,Rwamagana
2024-01-21,2,1011473,RW51,22.0,24.954546,22.593939,53.227272,64.77576,302.8182,281.32425,108.5548,83.44914,107.50686,final,Rwamagana
2024-02-01,2,1011473,RW51,22.0,17.545454,23.959091,60.40909,66.65,280.63635,260.1318,77.85277,91.28973,107.73371,final,Rwamagana
2024-02-11,2,1011473,RW51,22.0,10.045455,29.101515,52.545456,75.65455,246.68181,252.80151,44.119606,71.34806,97.6262,final,Rwamagana
2024-02-21,2,1011473,RW51,22.0,7.409091,23.613636,35.0,76.67424,187.40909,234.1303,43.367752,48.97505,80.46203,final,Rwamagana
2024-03-01,2,1011473,RW51,22.0,27.772728,44.489395,45.227272,97.204544,185.45453,249.01666,66.22172,49.143875,74.97718,final,Rwamagana
2024-03-11,2,1011473,RW51,22.0,17.545454,37.742424,52.727272,105.84545,182.72728,260.72424,52.74725,52.079063,70.64741,final,Rwamagana
2024-03-21,2,1011473,RW51,22.0,36.81818,55.9303,82.13637,138.16212,170.36363,279.61212,68.63281,60.865517,61.614956,final,Rwamagana
2024-04-01,2,1011473,RW51,22.0,60.545456,57.14394,114.90909,150.81667,220.54546,314.6712,105.47362,76.95524,70.55545,final,Rwamagana
2024-04-11,2,1011473,RW51,22.0,63.045456,52.23788,160.40909,165.31212,265.68182,346.81213,118.88186,97.12115,76.93931,final,Rwamagana
2024-04-21,2,1011473,RW51,22.0,65.681816,46.522728,189.27274,155.90454,306.4091,370.7409,137.1857,120.737885,82.87868,final,Rwamagana
2024-05-01,2,1011473,RW51,22.0,41.909092,37.363636,170.63635,136.12424,330.77274,384.14545,110.72962,124.45513,86.28464,final,Rwamagana
2024-05-11,2,1011473,RW51,22.0,8.772727,32.857574,116.36364,116.74394,329.5,387.90152,36.380375,99.68762,85.13583,final,Rwamagana
2024-05-21,2,1011473,RW51,22.0,6.3636365,27.603031,57.045456,97.82424,328.45456,391.8909,34.854538,60.341274,84.01668,final,Rwamagana
2024-06-01,2,1011473,RW51,22.0,1.0,8.154546,16.136364,68.61515,301.68182,355.55606,45.611607,28.711975,85.058014,final,Rwamagana
2024-06-11,2,1011473,RW51,22.0,0.90909094,2.8181818,8.272727,38.575756,285.04547,320.63184,75.5814,30.458971,89.071594,final,Rwamagana
2024-06-21,2,1011473,RW51,22.0,1.0,2.2166667,2.909091,13.189394,249.22726,266.91818,83.14088,43.481884,93.494026,final,Rwamagana
2024-07-01,2,1011473,RW51,22.0,1.2272727,1.9833333,3.1363637,7.018182,189.90907,211.75758,89.173355,67.700455,89.9203,final,Rwamagana
2024-07-11,2,1011473,RW51,22.0,1.0,1.1863636,3.2272727,5.3863635,127.86364,160.70605,96.98751,79.21226,80.18032,final,Rwamagana
2024-07-21,2,1011473,RW51,22.0,1.7272727,2.4409091,3.9545455,5.610606,63.909092,116.624245,90.40929,84.3924,56.657364,final,Rwamagana
2024-08-01,2,1011473,RW51,22.0,2.090909,5.8727274,4.818182,9.5,24.090908,85.13333,65.217384,67.7116,32.275417,final,Rwamagana
2024-08-11,2,1011473,RW51,22.0,5.7272725,6.6954546,9.545454,15.009091,21.045454,58.97121,91.72172,72.69423,40.714336,final,Rwamagana
2024-08-21,2,1011473,RW51,22.0,9.181818,10.542424,17.0,23.110605,23.863636,41.910606,91.24586,78.262276,61.529015,final,Rwamagana
2024-09-01,2,1011473,RW51,22.0,5.5,16.94697,20.40909,34.18485,28.363636,50.70303,47.842594,64.84417,59.89555,final,Rwamagana
2024-09-11,2,1011473,RW51,22.0,6.2272725,19.628788,20.90909,47.118183,33.681816,67.51363,45.585968,49.71219,53.344196,final,Rwamagana
2024-09-21,2,1011473,RW51,22.0,44.772728,19.671211,56.5,56.24697,77.454544,84.96818,201.74416,100.41313,91.64857,final,Rwamagana
2024-10-01,2,1011473,RW51,22.0,23.954546,32.886364,74.954544,72.18636,100.181816,115.871216,76.42472,103.586365,87.019745,final,Rwamagana
2024-10-11,2,1011473,RW51,22.0,61.772728,37.359093,130.5,89.916664,160.95454,152.04395,157.63493,142.7568,105.67396,final,Rwamagana
2024-10-21,2,1011473,RW51,22.0,16.227272,42.534847,101.954544,112.780304,175.45453,192.13788,44.65623,90.80852,91.53722,final,Rwamagana
2024-11-01,2,1011473,RW51,22.0,62.136364,45.583332,140.13637,125.47727,235.49998,231.84848,132.72429,111.234985,101.54171,final,Rwamagana
2024-11-11,2,1011473,RW51,22.0,78.90909,36.07879,157.27272,124.19697,308.68182,261.2318,204.26378,125.60104,117.822815,final,Rwamagana
2024-11-21,2,1011473,RW51,22.0,93.63636,42.169697,234.68182,123.83182,393.13635,292.8591,209.10959,186.04242,133.666,final,Rwamagana
2024-12-01,2,1011473,RW51,22.0,19.545454,32.928787,192.0909,111.17728,407.1818,308.8409,64.71458,169.64668,131.33463,final,Rwamagana
2024-12-11,2,1011473,RW51,22.0,26.681818,27.110605,139.86363,102.20909,427.63632,316.32272,98.66466,135.12253,134.6423,final,Rwamagana
2024-12-21,2,1011473,RW51,22.0,33.590908,35.93182,79.81818,95.971214,416.45453,332.58334,94.280945,84.002335,124.84459,final,Rwamagana
2025-01-01,2,1011473,RW51,22.0,4.409091,22.084848,64.681816,85.162125,396.9091,319.2606,34.739315,77.28502,123.94632,final,Rwamagana
2025-01-11,2,1011473,RW51,22.0,24.272728,20.09697,62.272728,79.22424,359.4091,302.0712,116.6385,79.87335,118.6725,final,Rwamagana
2025-01-21,2,1011473,RW51,22.0,33.863636,22.593939,62.545456,64.77576,377.04547,281.32425,140.84122,96.80362,133.43106,final,Rwamagana
2025-02-01,2,1011473,RW51,22.0,21.272728,23.959091,79.40909,66.65,336.18185,260.1318,90.723595,117.80752,128.68387,final,Rwamagana
2025-02-11,2,1011473,RW51,22.0,14.590909,29.101515,69.72727,75.65455,271.86362,252.80151,57.448788,92.65103,107.3941,final,Rwamagana
2025-02-21,2,1011473,RW51,22.0,2.2727273,23.613636,38.136364,76.67424,180.49998,234.1303,25.416998,52.81514,77.57277,final,Rwamagana
2025-03-01,2,1011473,RW51,22.0,11.590909,44.489395,28.454544,97.204544,172.54546,249.01666,33.524166,32.73293,69.8952,final,Rwamagana
2025-03-11,2,1011473,RW51,22.0,29.0,37.742424,42.863636,105.84545,174.86363,260.72424,79.546265,43.18051,67.68808,final,Rwamagana
2025-03-21,2,1011473,RW51,22.0,31.59091,55.9303,72.181816,138.16212,172.86365,279.61212,60.05372,53.912174,62.493347,final,Rwamagana
2025-04-01,2,1011473,RW51,22.0,56.954544,57.14394,117.545456,150.81667,225.4091,314.6712,99.69523,78.64721,72.076904,final,Rwamagana
2025-04-11,2,1011473,RW51,22.0,73.27273,52.23788,161.81818,165.31212,274.4091,346.81213,136.74988,97.9485,79.41997,final,Rwamagana
2025-04-21,2,1011473,RW51,22.0,116.5,46.522728,246.72726,155.90454,357.04547,370.7409,235.81827,156.4451,96.35509,final,Rwamagana
2025-05-01,2,1011473,RW51,22.0,65.818184,37.363636,255.59091,136.12424,401.5909,384.14545,167.16739,184.65355,104.48302,final,Rwamagana
2025-05-11,2,1011473,RW51,22.0,25.227272,32.857574,207.54544,116.74394,412.22726,387.90152,79.84471,174.584,106.191315,final,Rwamagana
2025-05-21,2,1011473,RW51,22.0,33.5,27.603031,124.545456,97.82424,443.45453,391.8909,118.08718,125.98727,112.99189,final,Rwamagana
2025-06-01,2,1011473,RW51,22.0,5.590909,8.154546,64.318184,68.61515,437.45453,355.55606,80.511406,94.162926,122.714485,final,Rwamagana
2025-06-11,2,1011473,RW51,22.0,11.954545,2.8181818,51.045452,38.575756,420.4091,320.63184,216.86044,128.61613,130.64113,final,Rwamagana
2025-06-21,2,1011473,RW51,22.0,2.4545455,2.2166667,20.0,13.189394,391.27274,266.91818,103.29624,137.44273,145.73235,final,Rwamagana
2025-07-01,2,1011473,RW51,22.0,1.6363636,1.9833333,16.045454,7.018182,335.95456,211.75758,95.03145,175.11346,157.29764,final,Rwamagana
2025-07-11,2,1011473,RW51,22.0,1.0,1.1863636,5.090909,5.3863635,263.68182,160.70605,96.98751,97.15536,162.14363,final,Rwamagana
2025-07-21,2,1011473,RW51,22.0,1.0,2.4409091,3.6363635,5.610606,148.18182,116.624245,80.6353,81.39369,125.946785,final,Rwamagana
2025-08-01,2,1011473,RW51,22.0,6.3636365,5.8727274,8.363636,9.5,88.72727,85.13333,104.51504,92.16301,103.98736,final,Rwamagana
2025-08-11,2,1011473,RW51,22.0,13.909091,6.6954546,21.272728,15.009091,77.40909,58.97121,161.67899,131.30396,128.82214,final,Rwamagana
2025-08-21,2,1011473,RW51,22.0,3.590909,10.542424,23.863636,23.110605,47.5,41.910606,55.273933,102.67881,111.91499,final,Rwamagana
2025-09-01,2,1011473,RW51,22.0,7.4545455,16.94697,24.954546,34.18485,49.363632,50.70303,56.74836,76.44421,97.59547,final,Rwamagana
2025-09-11,2,1011473,RW51,22.0,13.318182,19.628788,24.363636,47.118183,50.727272,67.51363,74.37711,56.34048,76.850746,final,Rwamagana
2025-09-21,2,1011473,RW51,22.0,6.2727275,19.671211,27.045456,56.24697,54.545456,84.96818,45.69183,52.321697,66.18502,final,Rwamagana
2025-10-01,2,1011473,RW51,22.0,50.772728,32.886364,70.36364,72.18636,103.681816,115.871216,147.21056,97.63854,89.91538,final,Rwamagana
2025-10-11,2,1011473,RW51,22.0,31.454546,37.359093,88.5,89.916664,134.13637,152.04395,86.06073,98.50746,88.59709,final,Rwamagana
2025-10-21,2,1011473,RW51,22.0,64.545456,42.534847,146.77274,112.780304,197.68182,192.13788,146.30415,128.86089,102.81222,final,Rwamagana
2025-11-01,2,1011473,RW51,22.0,45.954544,45.583332,141.95454,125.47727,237.27272,231.84848,100.733864,112.62847,102.29018,final,Rwamagana
2025-11-11,2,1011473,RW51,22.0,24.727272,36.07879,135.22726,124.19697,248.09091,261.2318,72.36648,108.53759,95.06412,final,Rwamagana
2025-11-21,2,1011473,RW51,22.0,15.227273,42.169697,85.90909,123.83182,259.72726,292.8591,42.88192,70.564156,88.87668,final,Rwamagana
2025-12-01,2,1011473,RW51,22.0,22.59091,32.928787,62.545456,111.17728,274.86365,308.8409,72.74398,58.13999,89.17373,final,Rwamagana
2025-12-11,2,1011473,RW51,22.0,33.136364,27.110605,70.954544,102.20909,294.6818,316.32272,118.76564,70.847115,93.26505,final,Rwamagana
2025-12-21,2,1011473,RW51,22.0,75.181816,35.93182,130.90909,95.971214,363.59094,332.58334,195.89116,134.60182,109.18517,final,Rwamagana
2026-01-01,2,1011473,RW51,22.0,42.545456,22.084848,150.86363,85.162125,355.36365,319.2606,175.54263,172.8704,111.13397,final,Rwamagana
2026-01-11,2,1011473,RW51,22.0,15.590909,20.09697,133.31818,79.22424,339.50003,302.0712,82.045395,164.22607,112.18897,final,Rwamagana
2026-01-21,2,1011473,RW51,22.0,48.0,22.593939,106.13637,64.77576,322.95456,281.32425,192.07117,159.27647,114.539566,final,Rwamagana
2026-02-01,2,1011473,RW51,22.0,28.90909,23.959091,92.5,66.65,305.9091,260.1318,117.09306,136.07816,117.265854,final,Rwamagana
2026-02-11,2,1011473,RW51,22.0,28.227272,29.101515,105.13636,75.65455,309.4091,252.80151,97.43635,136.55319,121.95782,final,Rwamagana
2026-02-21,2,1011473,RW51,22.0,19.454546,23.613636,76.590904,76.67424,313.63638,234.1303,85.46465,99.897964,133.24802,final,Rwamagana
2026-03-01,2,1011473,RW51,22.0,48.090908,44.489395,95.77272,97.204544,339.13638,249.01666,107.27734,98.59906,135.47787,prelim,Rwamagana
2026-03-11,2,1011473,RW51,22.0,34.636364,37.742424,102.18182,105.84545,340.63635,260.72424,92.73307,96.69483,130.07332,prelim,Rwamagana
2026-03-21,2,1011473,RW51,22.0,49.090908,55.9303,131.81818,138.16212,314.54547,279.61212,88.775055,95.568695,112.27402,prelim,Rwamagana
2026-04-01,2,1011473,RW51,22.0,22.5,57.14394,106.22727,150.81667,294.5,314.6712,44.2521,71.38342,93.69002,prelim,Rwamagana
2026-04-11,2,1011473,RW51,22.0,56.636364,52.23788,128.22728,165.31212,335.54544,346.81213,107.68456,78.225365,96.79752,forecast,Rwamagana
