date,adm_level,adm_id,PCODE,n_pixels,rfh,rfh_avg,r1h,r1h_avg,r3h,r3h_avg,rfq,r1q,r3q,version
2022-01-01,1,900110,RW1,23.0,10.869565,22.782608,100.69565,82.57536,314.56522,319.27682,57.120502,120.69107,98.54704,final
2022-01-11,1,900110,RW1,23.0,43.47826,21.605797,108.0,79.46232,315.86957,303.0493,182.20938,133.78748,104.161766,final
2022-01-21,1,900110,RW1,23.0,24.217392,24.972464,78.565216,69.36087,280.1739,283.12753,97.48078,112.377945,98.974884,final
2022-02-01,1,900110,RW1,23.0,35.434784,26.692753,103.13043,73.27101,295.60867,264.5884,127.583694,138.14876,111.50652,final
2022-02-11,1,900110,RW1,23.0,64.652176,32.3029,124.30435,83.96812,328.34784,259.30435,186.72055,145.33786,126.12273,final
2022-02-21,1,900110,RW1,23.0,38.52174,26.014492,138.6087,85.01015,320.5652,241.76231,140.3271,159.54724,131.93472,final
2022-03-01,1,900110,RW1,23.0,39.434784,46.34348,142.6087,104.660866,346.43478,260.50726,86.54416,134.60472,132.36354,final
2022-03-11,1,900110,RW1,23.0,48.347828,38.99565,126.30435,111.35362,358.6087,274.78406,121.25704,112.84939,129.96048,final
2022-03-21,1,900110,RW1,23.0,30.304348,57.15507,118.08696,142.4942,335.2609,296.8652,56.80043,83.45207,112.71949,final
2022-04-01,1,900110,RW1,23.0,25.782608,55.54493,104.434784,151.69565,350.17395,329.62753,50.84259,69.83907,106.14009,final
2022-04-11,1,900110,RW1,23.0,62.782608,50.430435,118.86957,163.13043,369.47827,358.45218,122.2841,73.67468,103.03371,final
2022-04-21,1,900110,RW1,23.0,78.695656,45.13768,167.26086,151.11304,423.9565,378.6174,166.93166,110.34367,111.81884,final
2022-05-01,1,900110,RW1,23.0,22.086956,39.47246,163.56523,135.04057,410.6087,391.3971,60.907257,120.36885,104.84656,final
2022-05-11,1,900110,RW1,23.0,8.782609,34.126087,109.565216,118.73623,354.73914,393.22028,35.226135,92.58826,90.33672,final
2022-05-21,1,900110,RW1,23.0,67.91304,26.60145,98.78261,100.2,384.13043,393.80725,230.72688,98.65267,97.57356,final
2022-06-01,1,900110,RW1,23.0,2.9565217,9.214493,79.65217,69.94203,347.6522,356.67825,55.974716,112.956856,97.504395,final
2022-06-11,1,900110,RW1,23.0,2.1304348,3.6405797,72.99999,39.45652,301.43478,321.32318,82.52265,175.45232,93.905304,final
2022-06-21,1,900110,RW1,23.0,2.7826087,2.7608695,7.869565,15.615942,273.91302,266.929,100.28012,62.42531,102.56833,final
2022-07-01,1,900110,RW1,23.0,1.1304348,2.0304348,6.043478,8.431884,249.26088,213.41449,87.19852,82.21838,116.412094,final
2022-07-11,1,900110,RW1,23.0,1.4782609,1.4739131,5.3913045,6.2652173,187.95651,164.45798,100.06716,92.24238,113.866875,final
2022-07-21,1,900110,RW1,23.0,4.478261,2.931884,7.0869565,6.4362316,113.73913,122.252174,119.49571,105.690025,93.3101,final
2022-08-01,1,900110,RW1,23.0,5.2173915,7.994203,11.173914,12.4,96.86956,90.77391,78.63038,92.95353,106.36462,final
2022-08-11,1,900110,RW1,23.0,12.0,10.465218,21.695652,21.391304,100.08695,67.113045,109.92409,101.15322,145.7253,final
2022-08-21,1,900110,RW1,23.0,36.739132,14.107246,53.956524,32.566666,68.91304,54.61884,218.44661,156.9384,123.97598,final
2022-09-01,1,900110,RW1,23.0,9.826087,23.22029,58.56522,47.792755,75.782616,68.62463,52.536976,120.4052,109.72227,final
2022-09-11,1,900110,RW1,23.0,27.782608,23.74058,74.347824,61.068115,101.434784,88.72464,114.063835,120.10002,113.56116,final
2022-09-21,1,900110,RW1,23.0,14.217391,24.755072,51.826088,71.71594,112.86957,110.71884,64.585266,74.07337,101.85858,final
2022-10-01,1,900110,RW1,23.0,15.521739,32.669567,57.52174,81.165215,127.26087,141.35797,54.4783,72.5603,90.368065,final
2022-10-11,1,900110,RW1,23.0,12.782609,38.260868,42.52174,95.68551,138.56522,178.14493,41.105526,47.198193,78.388855,final
2022-10-21,1,900110,RW1,23.0,41.95652,43.946377,70.260864,114.876816,176.04349,219.15942,95.934616,62.781834,80.7655,final
2022-11-01,1,900110,RW1,23.0,26.565218,45.453625,81.304344,127.66087,197.3913,256.61884,62.562836,65.056366,77.36113,final
2022-11-11,1,900110,RW1,23.0,59.652172,37.068115,128.1739,126.46812,245.04347,283.22174,153.68451,101.2975,86.75386,final
2022-11-21,1,900110,RW1,23.0,48.52174,43.45652,134.73914,125.978264,256.82608,312.571,110.453125,106.6888,82.446465,final
2022-12-01,1,900110,RW1,23.0,41.913044,30.723188,150.08696,111.247826,288.91306,320.0739,131.32378,133.41063,90.41422,final
2022-12-11,1,900110,RW1,23.0,30.391304,25.852175,120.82609,100.03188,291.52173,322.18552,114.71251,119.79799,90.62801,final
2022-12-21,1,900110,RW1,23.0,35.130436,34.14058,107.434784,90.71594,312.43478,331.571,102.52898,117.46714,94.314354,final
2023-01-01,1,900110,RW1,23.0,17.47826,22.782608,83.0,82.57536,314.3913,319.27682,80.90767,100.484886,98.49341,final
2023-01-11,1,900110,RW1,23.0,45.52174,21.605797,98.13043,79.46232,347.13043,303.0493,189.88997,122.102295,114.30978,final
2023-01-21,1,900110,RW1,23.0,37.652172,24.972464,100.652176,69.36087,342.82608,283.12753,142.30453,142.08034,120.71949,final
2023-02-01,1,900110,RW1,23.0,5.2173915,26.692753,88.391304,73.27101,321.47824,264.5884,32.23889,119.31786,121.10248,final
2023-02-11,1,900110,RW1,23.0,4.2173915,32.3029,47.086956,83.96812,266.04346,259.30435,24.709587,58.545643,102.54976,final
2023-02-21,1,900110,RW1,23.0,20.73913,26.014492,30.173912,85.01015,238.26088,241.76231,82.990654,39.07772,98.581055,final
2023-03-01,1,900110,RW1,23.0,21.217392,46.34348,46.173912,104.660866,217.56523,260.50726,51.06275,46.665607,83.826416,final
2023-03-11,1,900110,RW1,23.0,80.21739,38.99565,122.17391,111.35362,267.3913,274.78406,193.69504,109.299484,97.35769,final
2023-03-21,1,900110,RW1,23.0,56.695652,57.15507,158.13043,142.4942,288.95654,296.8652,99.26085,110.60125,97.380066,final
2023-04-01,1,900110,RW1,23.0,56.826088,55.54493,193.73914,151.69565,328.30435,329.62753,102.11605,126.83131,99.60458,final
2023-04-11,1,900110,RW1,23.0,61.869564,50.430435,175.39131,163.13043,344.65216,358.45218,120.63692,107.29249,96.20307,final
2023-04-21,1,900110,RW1,23.0,56.086956,45.13768,174.78261,151.11304,363.08694,378.6174,121.83842,115.16181,95.95158,final
2023-05-01,1,900110,RW1,23.0,68.304344,39.47246,186.26086,135.04057,426.17392,391.3971,164.83086,136.57532,108.77323,final
2023-05-11,1,900110,RW1,23.0,9.434783,34.126087,133.82608,118.73623,431.3913,393.22028,36.89299,112.19518,109.5854,final
2023-05-21,1,900110,RW1,23.0,12.826087,26.60145,90.565216,100.2,423.47824,393.80725,56.409084,90.84146,107.43993,final
2023-06-01,1,900110,RW1,23.0,1.5217391,9.214493,23.78261,69.94203,403.7826,356.67825,45.880913,38.406498,113.02383,final
2023-06-11,1,900110,RW1,23.0,1.7391304,3.6405797,16.086956,39.45652,325.30435,321.32318,77.993965,47.432762,101.22001,final
2023-06-21,1,900110,RW1,23.0,1.0,2.7608695,4.2608695,15.615942,269.60867,266.929,77.31093,44.920914,100.98543,final
2023-07-01,1,900110,RW1,23.0,1.0434783,2.0304348,3.7826087,8.431884,213.82608,213.41449,85.961655,65.38628,100.188446,final
2023-07-11,1,900110,RW1,23.0,0.9130435,1.4739131,2.9565217,6.2652173,152.86955,164.45798,91.336464,70.629105,93.161476,final
2023-07-21,1,900110,RW1,23.0,1.0,2.931884,2.9565217,6.4362316,97.7826,122.252174,75.64407,69.57294,80.770805,final
2023-08-01,1,900110,RW1,23.0,1.173913,7.994203,3.0869565,12.4,30.652176,90.77391,47.512825,46.47676,37.225353,final
2023-08-11,1,900110,RW1,23.0,1.2608696,10.465218,3.4347825,21.391304,22.478262,67.113045,40.48355,31.96046,38.104427,final
2023-08-21,1,900110,RW1,23.0,1.6086956,14.107246,4.043478,32.566666,11.26087,54.61884,34.587376,24.073145,27.27472,final
2023-09-01,1,900110,RW1,23.0,16.173914,23.22029,19.04348,47.792755,25.913044,68.62463,75.030815,45.543144,41.987366,final
2023-09-11,1,900110,RW1,23.0,42.826088,23.74058,60.608696,61.068115,67.0,88.72464,166.40613,99.30463,76.82078,final
2023-09-21,1,900110,RW1,23.0,16.565218,24.755072,75.565216,71.71594,82.565216,110.71884,72.47578,105.01756,75.67066,final
2023-10-01,1,900110,RW1,23.0,18.217392,32.669567,77.608696,81.165215,99.739136,141.35797,61.63435,95.872444,71.563675,final
2023-10-11,1,900110,RW1,23.0,37.608696,38.260868,72.391304,95.68551,136.43478,178.14493,98.49247,76.864395,77.22561,final
2023-10-21,1,900110,RW1,23.0,24.086956,43.946377,79.91304,114.876816,159.52174,219.15942,59.42617,70.83358,73.39497,final
2023-11-01,1,900110,RW1,23.0,37.695652,45.453625,99.391304,127.66087,196.04347,256.61884,84.62356,78.69035,76.84595,final
2023-11-11,1,900110,RW1,23.0,47.304348,37.068115,109.08696,126.46812,242.08696,283.22174,124.33252,86.77919,85.72808,final
2023-11-21,1,900110,RW1,23.0,59.95652,43.45652,144.95651,125.978264,300.43478,312.571,134.05115,114.48962,96.17842,final
2023-12-01,1,900110,RW1,23.0,24.913044,30.723188,132.1739,111.247826,309.17392,320.0739,83.73564,118.00127,96.64692,final
2023-12-11,1,900110,RW1,23.0,21.608696,25.852175,106.478264,100.03188,287.95654,322.18552,86.245766,106.13755,89.53836,final
2023-12-21,1,900110,RW1,23.0,52.304348,34.14058,98.82609,90.71594,323.69565,331.571,146.40648,108.47314,97.66012,final
2024-01-01,1,900110,RW1,23.0,12.478261,22.782608,86.391304,82.57536,317.9565,319.27682,62.910797,104.35732,99.59285,final
2024-01-11,1,900110,RW1,23.0,20.391304,21.605797,85.17391,79.46232,300.73914,303.0493,95.435234,106.7623,99.25007,final
2024-01-21,1,900110,RW1,23.0,26.391304,24.972464,59.260868,69.36087,303.04346,283.12753,104.73381,86.41758,106.91219,final
2024-02-01,1,900110,RW1,23.0,15.73913,26.692753,62.521736,73.27101,281.08694,264.5884,65.43809,86.266594,106.119896,final
2024-02-11,1,900110,RW1,23.0,16.043478,32.3029,58.173912,83.96812,249.82607,259.30435,56.412445,71.00736,96.41387,final
2024-02-21,1,900110,RW1,23.0,8.347826,26.014492,40.130432,85.01015,198.21738,241.76231,43.037384,50.13927,82.35349,final
2024-03-01,1,900110,RW1,23.0,27.26087,46.34348,51.652176,104.660866,200.56522,260.50726,62.833435,51.661255,77.42357,final
2024-03-11,1,900110,RW1,23.0,20.086956,38.99565,55.695652,111.35362,199.04347,274.78406,57.021446,52.164818,72.92891,final
2024-03-21,1,900110,RW1,23.0,36.260868,57.15507,83.60869,142.4942,183.0,296.8652,66.38375,60.076046,62.27945,final
2024-04-01,1,900110,RW1,23.0,58.565216,55.54493,114.91304,151.69565,229.08694,329.62753,104.9885,76.526085,69.954475,final
2024-04-11,1,900110,RW1,23.0,55.739132,50.430435,150.56522,163.13043,264.43478,358.45218,109.577225,92.526505,74.13212,final
2024-04-21,1,900110,RW1,23.0,78.0,45.13768,192.30435,151.11304,316.04346,378.6174,165.54416,126.38557,83.688446,final
2024-05-01,1,900110,RW1,23.0,45.0,39.47246,178.73914,135.04057,345.30435,391.3971,112.42913,131.20421,88.37208,final
2024-05-11,1,900110,RW1,23.0,6.478261,34.126087,129.47826,118.73623,335.73914,393.22028,29.336592,108.6814,85.56549,final
2024-05-21,1,900110,RW1,23.0,4.4347825,26.60145,55.913044,100.2,331.82608,393.80725,29.855534,57.902134,84.45837,final
2024-06-01,1,900110,RW1,23.0,1.6521739,9.214493,12.565218,69.94203,306.21738,356.67825,46.798534,23.438406,86.048134,final
2024-06-11,1,900110,RW1,23.0,1.0,3.6405797,7.0869565,39.45652,287.13043,321.32318,69.43979,27.188265,89.52181,final
2024-06-21,1,900110,RW1,23.0,1.0,2.7608695,3.652174,15.615942,251.86957,266.929,77.31093,41.968365,94.462,final
2024-07-01,1,900110,RW1,23.0,1.2173913,2.0304348,3.2173913,8.431884,194.52174,213.41449,88.43537,61.17825,91.35005,final
2024-07-11,1,900110,RW1,23.0,0.8695652,1.4739131,3.0869565,6.2652173,139.65218,164.45798,90.66487,71.78695,85.36168,final
2024-07-21,1,900110,RW1,23.0,1.5217391,2.931884,3.6086955,6.4362316,63.173912,122.252174,82.22182,75.275635,53.57387,final
2024-08-01,1,900110,RW1,23.0,2.7826087,7.994203,5.173913,12.4,20.956522,90.77391,59.89293,58.470768,27.101871,final
2024-08-11,1,900110,RW1,23.0,8.73913,10.465218,13.043478,21.391304,23.21739,67.113045,88.838905,68.369026,39.129383,final
2024-08-21,1,900110,RW1,23.0,13.217391,14.107246,24.73913,32.566666,32.0,54.61884,95.34284,79.16361,62.06092,final
2024-09-01,1,900110,RW1,23.0,7.9565215,23.22029,29.913042,47.792755,38.304344,68.62463,45.912083,66.132256,58.817738,final
2024-09-11,1,900110,RW1,23.0,6.695652,23.74058,27.869564,61.068115,43.999996,88.72464,40.693863,49.751026,52.280807,final
2024-09-21,1,900110,RW1,23.0,49.695652,24.755072,64.347824,71.71594,92.69565,110.71884,183.8196,90.395584,84.42501,final
2024-10-01,1,900110,RW1,23.0,25.73913,32.669567,82.13043,81.165215,117.217384,141.35797,81.60203,101.1202,83.50579,final
2024-10-11,1,900110,RW1,23.0,64.95652,38.260868,140.3913,95.68551,181.30434,178.14493,161.70854,144.40141,101.72509,final
2024-10-21,1,900110,RW1,23.0,22.130434,43.946377,112.82608,114.876816,201.91304,219.15942,55.428894,98.2893,92.3062,final
2024-11-01,1,900110,RW1,23.0,62.217392,45.453625,149.30435,127.66087,261.34784,256.61884,133.22609,116.31489,101.807594,final
2024-11-11,1,900110,RW1,23.0,82.565216,37.068115,166.91304,126.46812,335.1739,283.22174,208.15103,130.76407,118.02506,final
2024-11-21,1,900110,RW1,23.0,104.608696,43.45652,249.3913,125.978264,426.56522,312.571,226.2001,194.22404,135.89566,final
2024-12-01,1,900110,RW1,23.0,17.608696,30.723188,204.78262,111.247826,436.2174,320.0739,63.28857,180.46155,135.72833,final
2024-12-11,1,900110,RW1,23.0,24.869566,25.852175,147.08696,100.03188,454.3913,322.18552,96.81511,144.80075,140.40698,final
2024-12-21,1,900110,RW1,23.0,37.52174,34.14058,80.0,90.71594,442.2174,331.571,108.638504,88.804436,132.8746,final
2025-01-01,1,900110,RW1,23.0,4.5652175,22.782608,66.95652,82.57536,421.0435,319.27682,34.4288,82.16525,131.38266,final
2025-01-11,1,900110,RW1,23.0,25.043478,21.605797,67.13043,79.46232,381.13043,303.0493,112.9208,85.399536,125.34697,final
2025-01-21,1,900110,RW1,23.0,38.217392,24.972464,67.82609,69.36087,397.2174,283.12753,144.19032,97.936035,139.59702,final
2025-02-01,1,900110,RW1,23.0,26.913044,26.692753,90.17392,73.27101,361.91306,264.5884,100.69508,121.59536,136.1012,final
2025-02-11,1,900110,RW1,23.0,18.391304,32.3029,83.521736,83.96812,297.73914,259.30435,62.706398,99.498276,114.54186,final
2025-02-21,1,900110,RW1,23.0,2.826087,26.014492,48.130436,85.01015,195.95651,241.76231,25.233644,59.027164,81.43728,final
2025-03-01,1,900110,RW1,23.0,13.043478,46.34348,34.26087,104.660866,191.39128,260.50726,35.14269,35.802082,73.96833,final
2025-03-11,1,900110,RW1,23.0,30.695652,38.99565,46.565216,111.35362,197.21736,274.78406,81.1345,44.317673,72.27623,final
2025-03-21,1,900110,RW1,23.0,31.173914,57.15507,74.91304,142.4942,190.86957,296.8652,58.199455,54.18046,64.88644,final
2025-04-01,1,900110,RW1,23.0,51.913044,55.54493,113.78261,151.69565,238.2174,329.62753,94.00134,75.804665,72.68302,final
2025-04-11,1,900110,RW1,23.0,69.13043,50.430435,152.21739,163.13043,282.30435,358.45218,133.73598,93.50918,79.04874,final
2025-04-21,1,900110,RW1,23.0,110.0,45.13768,231.04347,151.11304,354.08698,378.6174,229.36841,151.20035,93.60549,final
2025-05-01,1,900110,RW1,23.0,43.04348,39.47246,222.17392,135.04057,370.2174,391.3971,108.02973,162.22008,94.65695,final
2025-05-11,1,900110,RW1,23.0,27.52174,34.126087,180.56523,118.73623,379.3478,393.22028,83.120346,149.96838,96.51638,final
2025-05-21,1,900110,RW1,23.0,38.260868,26.60145,108.82608,100.2,414.7826,393.80725,136.8952,108.19971,105.259514,final
2025-06-01,1,900110,RW1,23.0,6.347826,9.214493,72.13043,69.94203,408.08694,356.67825,79.83279,102.92013,114.21393,final
2025-06-11,1,900110,RW1,23.0,17.043478,3.6405797,61.652176,39.45652,394.4348,321.32318,255.11575,149.92667,122.40467,final
2025-06-21,1,900110,RW1,23.0,5.0869565,2.7608695,28.47826,15.615942,368.3478,266.929,129.97198,162.39015,137.29607,final
2025-07-01,1,900110,RW1,23.0,2.2173913,2.0304348,24.347826,8.431884,318.6522,213.41449,102.65925,218.49374,148.18256,final
2025-07-11,1,900110,RW1,23.0,1.6521739,1.4739131,8.956522,6.2652173,251.17392,164.45798,102.75352,123.890396,151.17253,final
2025-07-21,1,900110,RW1,23.0,1.0,2.931884,4.869565,6.4362316,142.1739,122.252174,75.64407,86.30085,115.65531,final
2025-08-01,1,900110,RW1,23.0,13.478261,7.994203,16.130436,12.4,112.6087,90.77391,142.20387,121.43929,122.79826,final
2025-08-11,1,900110,RW1,23.0,24.565218,10.465218,39.04348,21.391304,109.65218,67.113045,191.17233,166.88632,158.98953,final
2025-08-21,1,900110,RW1,23.0,4.304348,14.107246,42.347828,32.566666,75.69565,54.61884,48.69539,126.03681,135.3526,final
2025-09-01,1,900110,RW1,23.0,6.2608695,23.22029,35.130436,47.792755,75.608696,68.62463,39.903454,76.015045,109.486046,final
2025-09-11,1,900110,RW1,23.0,25.347826,23.74058,35.913044,61.068115,83.91304,88.72464,105.592255,61.92555,94.86624,final
2025-09-21,1,900110,RW1,23.0,8.217391,24.755072,39.826088,71.71594,87.04348,110.71884,44.42063,58.431255,79.54062,final
2025-10-01,1,900110,RW1,23.0,44.47826,32.669567,78.04347,81.165215,129.30435,141.35797,131.3481,96.37703,91.76429,final
2025-10-11,1,900110,RW1,23.0,25.086956,38.260868,77.78261,95.68551,152.73914,178.14493,69.547745,82.21899,86.12804,final
2025-10-21,1,900110,RW1,23.0,68.78261,43.946377,138.34782,114.876816,220.52174,219.15942,150.74171,119.57927,100.60774,final
2025-11-01,1,900110,RW1,23.0,45.913044,45.453625,139.78261,127.66087,252.95653,256.61884,100.91058,109.13738,98.60014,final
2025-11-11,1,900110,RW1,23.0,27.434782,37.068115,142.13043,126.46812,255.82608,283.22174,77.10063,111.91341,90.494934,final
2025-11-21,1,900110,RW1,23.0,16.043478,43.45652,89.391304,125.978264,267.56522,312.571,43.427547,72.06638,85.82811,final
2025-12-01,1,900110,RW1,23.0,22.869566,30.723188,66.347824,111.247826,284.17392,320.0739,78.015335,61.375618,88.95636,final
2025-12-11,1,900110,RW1,23.0,32.565216,25.852175,71.47826,100.03188,291.3913,322.18552,121.758736,72.81432,90.58815,final
2025-12-21,1,900110,RW1,23.0,68.434784,34.14058,123.86957,90.71594,351.60867,331.571,187.61803,134.63751,105.95347,final
2026-01-01,1,900110,RW1,23.0,48.52174,22.782608,149.52174,82.57536,355.65216,319.27682,192.64476,176.4443,111.21737,final
2026-01-11,1,900110,RW1,23.0,20.73913,21.605797,137.69566,79.46232,351.30432,303.0493,96.74256,168.94594,115.66471,final
2026-01-21,1,900110,RW1,23.0,53.0,24.972464,122.26087,69.36087,335.52173,283.12753,193.51096,171.13956,118.18437,final
2026-02-01,1,900110,RW1,23.0,30.086956,26.692753,103.82608,73.27101,319.69565,264.5884,110.70972,139.03752,120.441246,final
2026-02-11,1,900110,RW1,23.0,28.869566,32.3029,111.95653,83.96812,321.13043,259.30435,90.796074,131.45892,123.392,final
2026-02-21,1,900110,RW1,23.0,20.608696,26.014492,79.565216,85.01015,325.69568,241.76231,82.57009,93.95076,134.01385,final
2026-03-01,1,900110,RW1,23.0,55.695652,46.34348,105.17392,104.660866,358.52176,260.50726,118.21492,100.46786,136.91594,prelim
2026-03-11,1,900110,RW1,23.0,38.130436,38.99565,114.434784,111.35362,364.08698,274.78406,98.0334,102.6481,131.91852,prelim
2026-03-21,1,900110,RW1,23.0,48.434784,57.15507,142.26086,142.4942,344.08694,296.8652,85.97011,99.8418,115.643326,prelim
2026-04-01,1,900110,RW1,23.0,22.217392,55.54493,108.78261,151.69565,317.7826,329.62753,44.95404,72.61376,96.46026,prelim
2026-04-11,1,900110,RW1,23.0,51.04348,50.430435,121.695656,163.13043,348.08694,358.45218,101.10597,75.355576,97.14812,forecast
2022-01-01,1,900111,RW5,305.0,12.783607,23.05552,105.29836,85.7683,299.04263,318.60065,63.387196,121.51638,93.95612,final
2022-01-11,1,900111,RW5,305.0,43.508198,22.008852,107.20328,81.50131,311.84918,303.9331,179.6011,129.71281,102.56239,final
2022-01-21,1,900111,RW5,305.0,25.495083,24.1847,81.78689,69.24907,283.76065,285.07507,104.48997,116.88616,99.54687,final
2022-02-01,1,900111,RW5,305.0,32.609837,23.7447,101.61311,69.938255,290.41638,264.3069,130.84094,142.26794,109.695076,final
2022-02-11,1,900111,RW5,305.0,50.970493,27.16929,109.07541,75.09869,315.22296,254.38841,173.98735,142.41858,123.45307,final
2022-02-21,1,900111,RW5,305.0,33.59672,23.182514,117.17705,74.096504,306.48196,235.51334,136.95273,154.46579,129.50714,final
2022-03-01,1,900111,RW5,305.0,34.367214,43.552567,118.93443,93.90437,325.84592,249.61093,81.081635,125.307335,129.94176,final
2022-03-11,1,900111,RW5,305.0,43.413116,37.338577,111.37705,104.07366,327.65573,260.67368,114.34753,106.69583,125.21216,final
2022-03-21,1,900111,RW5,305.0,32.35082,55.134098,110.13115,136.02524,309.0951,279.37082,62.112545,81.63868,110.45264,final
2022-04-01,1,900111,RW5,305.0,25.144262,54.574207,100.908195,147.04689,321.45575,310.8895,50.59952,69.65496,103.34492,final
2022-04-11,1,900111,RW5,305.0,63.12459,50.7035,120.619675,160.4118,341.07214,339.58417,122.29858,75.943596,100.43182,final
2022-04-21,1,900111,RW5,305.0,93.16721,42.06568,181.43607,147.34338,408.74426,357.46515,208.57494,122.37884,114.147316,final
2022-05-01,1,900111,RW5,305.0,14.914754,37.613663,171.20656,130.38284,391.0492,371.3341,46.733257,130.15428,105.23872,final
2022-05-11,1,900111,RW5,305.0,10.455738,29.240984,118.537704,108.92033,350.53445,373.4058,45.138126,108.4422,93.95587,final
2022-05-21,1,900111,RW5,305.0,63.744263,25.238361,89.11475,92.09301,380.68198,375.46164,227.34122,96.93257,101.37211,final
2022-06-01,1,900111,RW5,305.0,2.8786886,7.875847,77.07868,62.35519,349.19348,339.7849,61.189674,121.85947,102.72882,final
2022-06-11,1,900111,RW5,305.0,1.7639344,3.3238251,68.38688,36.438034,307.54428,305.77017,81.25993,177.1003,100.57087,final
2022-06-21,1,900111,RW5,305.0,1.6622951,2.4076502,6.3049183,13.607323,276.85574,253.04372,89.93804,60.75521,109.227905,final
2022-07-01,1,900111,RW5,305.0,1.1409836,1.8692896,4.567213,7.600765,252.85245,200.3388,89.39766,75.92565,125.57415,final
2022-07-11,1,900111,RW5,305.0,0.9213115,1.1279781,3.7245903,5.404918,190.64919,150.76328,96.62749,83.85063,125.60675,final
2022-07-21,1,900111,RW5,305.0,5.1016393,2.6477594,7.163934,5.645027,102.583595,111.34536,132.08626,114.26871,92.46918,final
2022-08-01,1,900111,RW5,305.0,5.314754,6.5851364,11.337705,10.360874,92.98359,80.31683,89.03438,106.35921,114.84673,final
2022-08-11,1,900111,RW5,305.0,11.144262,7.702732,21.560656,16.935629,93.67212,58.77858,127.092834,121.08455,154.71043,final
2022-08-21,1,900111,RW5,305.0,21.259016,12.2418585,37.718033,26.529726,51.186886,45.782078,152.29805,135.48494,110.643135,final
2022-09-01,1,900111,RW5,305.0,11.288525,19.757595,43.691803,39.702187,59.59672,57.663826,65.79203,108.92488,103.08455,final
2022-09-11,1,900111,RW5,305.0,20.380327,20.53224,52.927864,52.531693,78.21311,74.87224,99.405014,100.688614,104.18277,final
2022-09-21,1,900111,RW5,305.0,21.593443,21.07825,53.262295,61.368088,98.144264,93.54284,101.97556,87.786606,104.669464,final
2022-10-01,1,900111,RW5,305.0,21.039345,33.920982,63.013115,75.53148,118.042625,125.594536,66.9031,84.455315,94.21728,final
2022-10-11,1,900111,RW5,305.0,16.344263,36.917816,58.97705,91.917046,133.46558,161.38437,50.91931,66.01218,83.22031,final
2022-10-21,1,900111,RW5,305.0,43.70164,42.225246,81.08525,113.06404,172.06558,200.96185,103.12629,72.91403,85.970085,final
2022-11-01,1,900111,RW5,305.0,28.295082,44.974754,88.34099,124.11781,195.0459,239.35147,66.6238,72.291336,81.868095,final
2022-11-11,1,900111,RW5,305.0,54.308197,36.775192,126.30492,123.97519,238.20984,268.42395,141.9699,101.80634,88.94972,final
2022-11-21,1,900111,RW5,305.0,42.47541,41.76951,125.07869,123.519455,259.4262,297.9516,101.50932,101.21323,87.28332,final
2022-12-01,1,900111,RW5,305.0,44.734425,32.447323,141.51804,110.99202,292.87213,310.6413,132.8117,126.317345,94.37045,final
2022-12-11,1,900111,RW5,305.0,31.554098,27.442732,118.76394,101.65956,304.04593,317.55182,112.67268,116.03643,95.8128,final
2022-12-21,1,900111,RW5,305.0,26.898361,35.332787,103.18688,95.22284,309.35083,331.80634,79.08792,107.946335,93.33282,final
2023-01-01,1,900111,RW5,305.0,17.596722,23.05552,76.04918,85.7683,305.90817,318.60065,80.54288,89.29238,96.077736,final
2023-01-11,1,900111,RW5,305.0,54.295082,22.008852,98.79016,81.50131,343.859,303.9331,219.53943,119.98681,112.9238,final
2023-01-21,1,900111,RW5,305.0,39.911476,24.1847,111.803276,69.24907,340.06885,285.07507,153.88705,157.31279,118.95846,final
2023-02-01,1,900111,RW5,305.0,5.9836063,23.7447,100.19016,69.938255,317.7574,264.3069,38.21089,140.36911,119.84743,final
2023-02-11,1,900111,RW5,305.0,4.4786887,27.16929,50.373768,75.09869,267.9279,254.38841,29.465025,69.13193,105.21976,final
2023-02-21,1,900111,RW5,305.0,19.865574,23.182514,30.32787,74.096504,245.31801,235.51334,88.2305,44.66426,104.07656,final
2023-03-01,1,900111,RW5,305.0,18.442623,43.552567,42.78689,93.90437,219.02623,249.61093,48.282974,48.316254,87.98767,final
2023-03-11,1,900111,RW5,305.0,80.24918,37.338577,118.55738,104.07366,267.7213,260.67368,201.35109,113.27884,102.65274,final
2023-03-21,1,900111,RW5,305.0,57.108196,55.134098,155.8,136.02524,297.93115,279.37082,103.28282,114.02215,106.5268,final
2023-04-01,1,900111,RW5,305.0,55.82951,54.574207,193.18689,147.04689,336.1639,310.8895,102.10712,130.3459,108.00103,final
2023-04-11,1,900111,RW5,305.0,59.491802,50.7035,172.4295,160.4118,341.36066,339.58417,115.77695,107.26532,100.51554,final
2023-04-21,1,900111,RW5,305.0,57.62951,42.06568,172.95082,147.34338,359.0787,357.46515,133.06831,116.80902,100.44516,final
2023-05-01,1,900111,RW5,305.0,63.95082,37.613663,181.07213,130.38284,417.0459,371.3341,161.8045,137.44144,112.14661,final
2023-05-11,1,900111,RW5,305.0,9.662295,29.240984,131.24263,108.92033,422.2295,373.4058,42.820896,119.59466,112.90247,final
2023-05-21,1,900111,RW5,305.0,7.6819673,25.238361,81.29508,92.09301,410.04593,375.46164,41.939995,88.878784,109.09009,final
2023-06-01,1,900111,RW5,305.0,1.5508196,7.875847,18.895082,62.35519,393.1541,339.7849,50.8768,35.476227,115.47898,final
2023-06-11,1,900111,RW5,305.0,2.504918,3.3238251,11.737705,36.438034,315.40982,305.77017,90.161896,40.39213,103.10186,final
2023-06-21,1,900111,RW5,305.0,1.0262295,2.4076502,5.081967,13.607323,259.32785,253.04372,81.35143,54.182793,102.4353,final
2023-07-01,1,900111,RW5,305.0,1.1180328,1.8692896,4.6491804,7.600765,204.61638,200.3388,89.06355,76.57614,102.08318,final
2023-07-11,1,900111,RW5,305.0,0.63278687,1.1279781,2.777049,5.404918,145.75737,150.76328,91.919174,74.743965,96.78621,final
2023-07-21,1,900111,RW5,305.0,0.78032786,2.6477594,2.5311475,5.645027,88.9082,111.34536,75.58198,70.74804,80.71504,final
2023-08-01,1,900111,RW5,305.0,1.6688524,6.5851364,3.0819674,10.360874,26.626232,80.31683,57.563866,52.61398,37.06916,final
2023-08-11,1,900111,RW5,305.0,1.7278688,7.702732,4.177049,16.935629,18.691803,58.77858,52.963955,41.836273,37.146957,final
2023-08-21,1,900111,RW5,305.0,2.0131147,12.2418585,5.409836,26.529726,13.022951,45.782078,40.674934,33.01594,35.490772,final
2023-09-01,1,900111,RW5,305.0,20.285246,19.757595,24.02623,39.702187,31.757378,57.663826,102.13127,64.93246,58.65805,final
2023-09-11,1,900111,RW5,305.0,34.960655,20.53224,57.259018,52.531693,64.21311,74.87224,156.51057,108.2169,86.654785,final
2023-09-21,1,900111,RW5,305.0,21.17705,21.07825,76.42295,61.368088,84.36394,93.54284,100.37886,122.68388,90.68536,final
2023-10-01,1,900111,RW5,305.0,25.501638,33.920982,81.63934,75.53148,108.74754,125.594536,78.36811,107.58444,87.09977,final
2023-10-11,1,900111,RW5,305.0,38.32787,36.917816,85.00656,91.917046,146.44263,161.38437,103.363846,92.86969,91.019745,final
2023-10-21,1,900111,RW5,305.0,25.954098,42.225246,89.7836,113.06404,171.6164,200.96185,65.545654,80.28152,85.75199,final
2023-11-01,1,900111,RW5,305.0,39.085247,44.974754,103.36722,124.11781,209.03279,239.35147,88.215034,83.92894,87.592186,final
2023-11-11,1,900111,RW5,305.0,46.796722,36.775192,111.83607,123.97519,254.10165,268.42395,123.98919,90.58801,94.76187,final
2023-11-21,1,900111,RW5,305.0,57.44918,41.76951,143.33115,123.519455,309.53772,297.9516,133.52542,115.41532,103.82441,final
2023-12-01,1,900111,RW5,305.0,32.30164,32.447323,136.54755,110.99202,321.5541,310.6413,99.61097,122.03214,103.457344,final
2023-12-11,1,900111,RW5,305.0,22.540983,27.442732,112.29181,101.65956,309.13443,317.55182,84.89107,109.9684,97.39038,final
2023-12-21,1,900111,RW5,305.0,59.062294,35.332787,113.904915,95.22284,347.01965,331.80634,158.83429,118.64054,104.51694,final
2024-01-01,1,900111,RW5,305.0,13.239345,23.05552,94.84262,85.7683,334.7574,318.60065,65.01161,109.99724,104.992805,final
2024-01-11,1,900111,RW5,305.0,21.022951,22.008852,93.324585,81.50131,317.45245,303.9331,96.34971,113.66831,104.37614,final
2024-01-21,1,900111,RW5,305.0,27.036066,24.1847,61.298363,69.24907,318.53442,285.07507,109.77006,89.29184,111.53473,final
2024-02-01,1,900111,RW5,305.0,20.12459,23.7447,68.18361,69.938255,299.5738,264.3069,87.40599,97.65855,113.095436,final
2024-02-11,1,900111,RW5,305.0,16.15082,27.16929,63.311478,75.09869,268.9279,254.38841,65.74848,85.28414,105.60528,final
2024-02-21,1,900111,RW5,305.0,12.6852455,23.182514,48.960655,74.096504,224.16393,235.51334,62.752544,68.22129,95.28117,final
2024-03-01,1,900111,RW5,305.0,29.439344,43.552567,58.27541,93.90437,221.30164,249.61093,70.93208,63.976353,88.88135,final
2024-03-11,1,900111,RW5,305.0,17.668852,37.338577,59.79344,104.07366,216.4295,260.67368,53.54184,59.403378,83.34642,final
2024-03-21,1,900111,RW5,305.0,35.367214,55.134098,82.47541,136.02524,192.73444,279.37082,67.12866,62.028194,69.53401,final
2024-04-01,1,900111,RW5,305.0,56.10492,54.574207,109.14098,147.04689,235.6,310.8895,102.56943,75.069595,76.16588,final
2024-04-11,1,900111,RW5,305.0,59.86885,50.7035,151.34099,160.4118,274.44592,339.58417,116.45381,94.51622,81.096565,final
2024-04-21,1,900111,RW5,305.0,65.35082,42.06568,181.32458,147.34338,312.76065,357.46515,149.47371,122.305664,87.66654,final
2024-05-01,1,900111,RW5,305.0,38.465572,37.613663,163.68524,130.38284,331.10165,371.3341,101.99915,124.59868,89.30938,final
2024-05-11,1,900111,RW5,305.0,7.0524592,29.240984,110.86885,108.92033,322.0033,373.4058,35.19893,101.71043,86.41604,final
2024-05-21,1,900111,RW5,305.0,4.596721,25.238361,50.114754,92.09301,313.91473,375.46164,31.73691,56.764908,83.8231,final
2024-06-01,1,900111,RW5,305.0,1.3180327,7.875847,12.967213,62.35519,285.79343,339.7849,49.06887,26.67532,84.34053,final
2024-06-11,1,900111,RW5,305.0,0.9737705,3.3238251,6.8885245,36.438034,269.09836,305.77017,71.767136,28.689888,88.1997,final
2024-06-21,1,900111,RW5,305.0,1.0557377,2.4076502,3.347541,13.607323,234.7869,253.04372,81.74978,44.86159,92.92492,final
2024-07-01,1,900111,RW5,305.0,1.9704918,1.8692896,4.0,7.600765,180.65247,200.3388,101.47326,71.42423,90.41275,final
2024-07-11,1,900111,RW5,305.0,0.73770493,1.1279781,3.7639344,5.404918,121.5213,150.76328,93.63129,84.22876,81.22666,final
2024-07-21,1,900111,RW5,305.0,1.9803278,2.6477594,4.6885242,5.645027,58.150818,111.34536,91.27284,91.01456,54.278763,final
2024-08-01,1,900111,RW5,305.0,1.5442623,6.5851364,4.2622952,10.360874,21.229507,80.31683,56.488438,60.297966,30.74365,final
2024-08-11,1,900111,RW5,305.0,5.0360656,7.702732,8.560656,16.935629,19.213114,58.77858,79.00715,61.82023,37.964336,final
2024-08-21,1,900111,RW5,305.0,8.731148,12.2418585,15.311476,26.529726,23.34754,45.782078,79.63844,64.42009,55.821938,final
2024-09-01,1,900111,RW5,305.0,8.960656,19.757595,22.72787,39.702187,30.990166,57.663826,56.389385,62.027996,57.43372,final
2024-09-11,1,900111,RW5,305.0,6.265574,20.53224,23.957376,52.531693,36.28197,74.87224,44.122932,50.33291,51.685005,final
2024-09-21,1,900111,RW5,305.0,46.186886,21.07825,61.413116,61.368088,81.41312,93.54284,196.28189,100.06784,87.69091,final
2024-10-01,1,900111,RW5,305.0,32.4459,33.920982,84.89836,75.53148,111.88853,125.594536,96.21006,111.63133,89.50491,final
2024-10-11,1,900111,RW5,305.0,55.55082,36.917816,134.1836,91.917046,166.70164,161.38437,144.45128,143.61107,103.19578,final
2024-10-21,1,900111,RW5,305.0,19.068853,42.225246,107.065575,113.06404,183.79016,200.96185,50.966072,94.91931,91.66268,final
2024-11-01,1,900111,RW5,305.0,63.52459,44.974754,138.14426,124.11781,245.77048,239.35147,137.11841,110.86329,102.62695,final
2024-11-11,1,900111,RW5,305.0,77.12459,36.775192,159.71803,123.97519,317.859,268.42395,196.58698,127.71297,118.08001,final
2024-11-21,1,900111,RW5,305.0,89.327866,41.76951,229.97704,123.519455,398.45575,297.9516,201.68668,182.83383,133.17499,final
2024-12-01,1,900111,RW5,305.0,23.527868,32.447323,189.98032,110.99202,413.02298,310.6413,76.18133,168.09804,132.43608,final
2024-12-11,1,900111,RW5,305.0,25.196722,27.442732,138.05246,101.65956,431.95407,317.55182,93.076996,134.12062,135.46786,final
2024-12-21,1,900111,RW5,305.0,36.967213,35.332787,85.6918,95.22284,422.7344,331.80634,104.05235,90.49016,126.99714,final
2025-01-01,1,900111,RW5,305.0,5.0688524,23.05552,67.23279,85.7683,395.35736,318.60065,35.889027,79.579315,123.71958,final
2025-01-11,1,900111,RW5,305.0,25.403278,22.008852,67.43935,81.50131,365.20984,303.9331,112.56783,83.74364,119.834946,final
2025-01-21,1,900111,RW5,305.0,32.311474,24.1847,62.783604,69.24907,378.45245,285.07507,127.846,91.29219,132.19077,final
2025-02-01,1,900111,RW5,305.0,22.744263,23.7447,80.459015,69.938255,337.67212,264.3069,96.51958,114.039246,127.24224,final
2025-02-11,1,900111,RW5,305.0,12.081967,27.16929,67.1377,75.09869,272.62952,254.38841,53.100227,90.061035,107.03235,final
2025-02-21,1,900111,RW5,305.0,2.380328,23.182514,37.20656,74.096504,185.68198,235.51334,26.187614,53.360836,79.28125,final
2025-03-01,1,900111,RW5,305.0,11.468852,43.552567,25.931149,93.90437,173.62296,249.61093,33.919636,31.27379,70.15526,final
2025-03-11,1,900111,RW5,305.0,30.318033,37.338577,44.167213,104.07366,178.74428,260.67368,83.41809,45.077072,69.161644,final
2025-03-21,1,900111,RW5,305.0,31.049181,55.134098,72.83607,136.02524,172.82622,279.37082,59.947987,55.19301,62.53322,final
2025-04-01,1,900111,RW5,305.0,52.901638,54.574207,114.26885,147.04689,220.65901,310.8895,97.19246,78.442154,71.43606,final
2025-04-11,1,900111,RW5,305.0,66.12787,50.7035,150.07869,160.4118,261.3836,339.58417,127.690125,93.7531,77.30582,final
2025-04-21,1,900111,RW5,305.0,87.488525,42.06568,206.51804,147.34338,316.56067,357.46515,196.50948,138.84294,88.71492,final
2025-05-01,1,900111,RW5,305.0,58.92131,37.613663,212.5377,130.38284,352.73773,371.3341,150.00192,160.68336,95.05855,final
2025-05-11,1,900111,RW5,305.0,27.17705,29.240984,173.58688,108.92033,367.83282,373.4058,93.97233,156.76472,98.52725,final
2025-05-21,1,900111,RW5,305.0,28.111475,25.238361,114.20983,92.09301,393.56393,375.46164,109.50154,122.779,104.75798,final
2025-06-01,1,900111,RW5,305.0,5.8131146,7.875847,61.10164,62.35519,387.90823,339.7849,83.97983,98.138885,113.95749,final
2025-06-11,1,900111,RW5,305.0,11.84918,3.3238251,45.773773,36.438034,369.43936,305.77017,202.42111,122.529396,120.48755,final
2025-06-21,1,900111,RW5,305.0,4.7672133,2.4076502,22.429508,13.607323,343.15738,253.04372,131.85307,147.41245,134.921875,final
2025-07-01,1,900111,RW5,305.0,1.6196722,1.8692896,18.236067,7.600765,291.8754,200.3388,96.36619,184.40202,144.57832,final
2025-07-11,1,900111,RW5,305.0,1.1311475,1.1279781,7.518033,5.404918,226.8787,150.76328,100.05171,120.30881,148.86609,final
2025-07-21,1,900111,RW5,305.0,0.90819675,2.6477594,3.6590164,5.645027,140.29837,111.34536,77.25396,81.34331,124.88541,final
2025-08-01,1,900111,RW5,305.0,6.6163936,6.5851364,8.655738,10.360874,87.99345,80.31683,100.269806,88.89948,108.99777,final
2025-08-11,1,900111,RW5,305.0,17.481968,7.702732,25.006557,16.935629,78.29836,58.77858,176.9853,136.7937,130.60555,final
2025-08-21,1,900111,RW5,305.0,3.2688525,12.2418585,27.367214,26.529726,53.455738,45.782078,47.958008,102.65619,115.110954,final
2025-09-01,1,900111,RW5,305.0,7.885246,19.757595,28.636066,39.702187,55.52787,57.663826,52.04563,75.24479,96.59141,final
2025-09-11,1,900111,RW5,305.0,16.691803,20.53224,27.845901,52.531693,60.37049,74.87224,84.95848,57.09184,81.84383,final
2025-09-21,1,900111,RW5,305.0,7.7409835,21.07825,32.31803,61.368088,63.34426,93.54284,48.856743,56.228874,69.35487,final
2025-10-01,1,900111,RW5,305.0,45.90492,33.920982,70.33771,75.53148,107.62951,125.594536,130.79042,93.55064,86.24365,final
2025-10-11,1,900111,RW5,305.0,31.39672,36.917816,85.04262,91.917046,137.89508,161.38437,86.828766,92.90689,85.882515,final
2025-10-21,1,900111,RW5,305.0,67.508194,42.225246,144.80983,113.06404,204.49507,200.96185,153.53693,126.88862,101.71547,final
2025-11-01,1,900111,RW5,305.0,50.006557,44.974754,148.91147,124.11781,247.88524,239.35147,110.06869,119.202354,103.49242,final
2025-11-11,1,900111,RW5,305.0,25.727869,36.775192,143.24263,123.97519,256.13116,268.42395,73.555305,114.93888,95.50413,final
2025-11-21,1,900111,RW5,305.0,13.983606,41.76951,89.71803,123.519455,266.84592,297.9516,40.589706,73.69937,89.73245,final
2025-12-01,1,900111,RW5,305.0,22.39672,32.447323,62.108196,110.99202,281.3574,310.6413,73.16069,57.855873,90.72241,final
2025-12-11,1,900111,RW5,305.0,33.38033,27.442732,69.76065,101.65956,298.04593,317.55182,118.30177,70.09278,93.95263,final
2025-12-21,1,900111,RW5,305.0,81.05574,35.332787,136.8328,95.22284,371.36066,331.80634,213.36424,141.51744,111.74394,final
2026-01-01,1,900111,RW5,305.0,33.80328,23.05552,148.23935,85.7683,359.25903,318.60065,138.3089,168.82474,112.56438,final
2026-01-11,1,900111,RW5,305.0,20.12459,22.008852,134.98361,81.50131,347.9869,303.9331,93.02354,161.82831,114.25998,final
2026-01-21,1,900111,RW5,305.0,51.891804,24.1847,105.81967,69.24907,332.3705,285.07507,194.93709,149.25395,116.30455,final
2026-02-01,1,900111,RW5,305.0,30.950819,23.7447,102.96722,69.938255,313.31476,264.3069,125.06939,144.0749,118.19778,final
2026-02-11,1,900111,RW5,305.0,32.786884,27.16929,115.6295,75.09869,320.37378,254.38841,117.4626,150.6011,125.43882,final
2026-02-21,1,900111,RW5,305.0,22.94754,23.182514,86.68524,74.096504,329.3377,235.51334,99.166245,115.915665,139.01004,final
2026-03-01,1,900111,RW5,305.0,50.727867,43.552567,106.462296,93.90437,357.66885,249.61093,114.77841,112.69703,142.44041,prelim
2026-03-11,1,900111,RW5,305.0,38.540985,37.338577,112.21639,104.07366,362.82953,260.67368,102.83998,107.46535,138.45163,prelim
2026-03-21,1,900111,RW5,305.0,45.491802,55.134098,134.76065,136.02524,327.26556,279.37082,83.96534,99.10329,116.842354,prelim
2026-04-01,1,900111,RW5,305.0,22.042624,54.574207,106.07542,147.04689,315.5049,310.8895,45.393173,73.0534,101.46109,prelim
2026-04-11,1,900111,RW5,305.0,48.839344,50.7035,116.373764,160.4118,344.21967,339.58417,96.653435,73.376724,101.34524,forecast
2022-01-01,1,900112,RW4,106.0,15.179245,24.368238,113.245285,88.32012,325.22644,358.7909,68.71112,126.70932,90.7737,final
2022-01-11,1,900112,RW4,106.0,37.556602,22.806917,113.896225,84.25126,321.50003,335.0783,153.04323,133.21518,96.00731,final
2022-01-21,1,900112,RW4,106.0,31.915094,27.554403,84.65094,74.72956,301.20755,309.4409,113.39507,112.443794,97.38159,final
2022-02-01,1,900112,RW4,106.0,68.537735,29.729246,138.00943,80.09057,326.96228,288.09213,211.74583,168.0673,113.26209,final
2022-02-11,1,900112,RW4,106.0,83.679245,36.338364,184.13208,93.62201,382.76416,281.3327,214.52045,191.77472,135.42435,final
2022-02-21,1,900112,RW4,106.0,27.716982,28.486792,179.93396,94.554405,378.72644,263.05347,97.70114,185.7617,143.15295,final
2022-03-01,1,900112,RW4,106.0,35.292454,49.708805,146.68867,114.533966,397.9434,282.94464,73.64893,126.90006,139.93779,final
2022-03-11,1,900112,RW4,106.0,51.132076,41.16572,114.14151,119.36132,412.16983,297.2346,121.58822,95.802704,138.02849,final
2022-03-21,1,900112,RW4,106.0,41.132076,61.58113,127.55661,152.45566,392.1415,321.73962,69.28702,84.18663,121.54678,final
2022-04-01,1,900112,RW4,106.0,31.301888,60.457863,123.56604,163.20471,408.26416,357.82925,55.45841,76.434265,113.900444,final
2022-04-11,1,900112,RW4,106.0,54.084908,58.35849,126.51887,180.39749,424.79245,393.38083,93.25492,70.93886,107.88483,final
2022-04-21,1,900112,RW4,106.0,53.396225,51.659435,138.78302,170.47578,446.27356,417.48584,103.065315,81.93895,106.813896,final
2022-05-01,1,900112,RW4,106.0,20.698112,46.963207,128.17924,156.98112,398.43396,434.71982,49.454437,82.218994,91.747955,final
2022-05-11,1,900112,RW4,106.0,51.320755,38.98239,125.41509,137.60503,366.07544,437.36383,128.05296,91.451965,83.88467,final
2022-05-21,1,900112,RW4,106.0,90.18868,33.586792,162.20755,119.532394,428.54715,442.46384,246.68723,134.26833,96.88988,final
2022-06-01,1,900112,RW4,106.0,4.3018866,14.381447,145.81131,86.95063,397.5566,407.13647,47.993767,164.01335,97.67556,final
2022-06-11,1,900112,RW4,106.0,6.688679,7.0166664,101.17925,54.984905,353.11322,372.98743,97.27056,177.00995,94.7421,final
2022-06-21,1,900112,RW4,106.0,4.754717,5.5330186,15.745283,26.931131,316.73587,316.9393,92.61084,64.968834,99.93681,final
2022-07-01,1,900112,RW4,106.0,1.3018868,3.1308177,12.745282,15.680503,286.73587,259.61227,77.50619,85.80681,110.25032,final
2022-07-11,1,900112,RW4,106.0,1.1132076,2.3072326,7.1698112,10.971069,233.76413,203.561,83.65968,76.199104,114.481674,final
2022-07-21,1,900112,RW4,106.0,6.5094337,4.7569184,8.924528,10.194968,186.87733,156.6585,117.96178,91.63907,118.693016,final
2022-08-01,1,900112,RW4,106.0,19.518867,11.523584,27.14151,18.587736,185.69809,121.218864,148.3871,136.26364,151.08525,final
2022-08-11,1,900112,RW4,106.0,26.084906,15.825157,52.113205,32.10566,160.46225,98.06164,149.26613,153.92047,160.54689,final
2022-08-21,1,900112,RW4,106.0,39.632076,20.622955,85.235855,47.9717,109.905655,85.0978,174.18785,170.34729,127.53436,final
2022-09-01,1,900112,RW4,106.0,23.830189,33.767925,89.547165,70.21604,129.43396,104.484276,74.36609,125.7008,122.78837,final
2022-09-11,1,900112,RW4,106.0,38.0,31.66195,101.462265,86.05283,160.74529,129.12956,117.28781,116.923615,123.57104,final
2022-09-21,1,900112,RW4,106.0,35.566036,33.30283,97.396225,98.732704,191.55661,156.89937,105.908714,98.71161,121.40666,final
2022-10-01,1,900112,RW4,106.0,28.679245,42.11352,102.245285,107.0783,218.93396,195.88208,71.485306,95.68783,111.47533,final
2022-10-11,1,900112,RW4,106.0,22.830189,46.98302,87.07547,122.39937,240.65094,240.55786,53.537075,72.2731,100.03791,final
2022-10-21,1,900112,RW4,106.0,63.056602,52.41604,114.56604,141.51257,297.19812,288.21698,118.532394,81.60804,103.062965,final
2022-11-01,1,900112,RW4,106.0,40.622643,51.27767,126.50944,150.67673,318.30188,327.97107,81.06704,84.47597,97.096085,final
2022-11-11,1,900112,RW4,106.0,70.71698,43.12044,174.39622,146.81415,362.93396,355.26636,157.34888,118.16832,102.12831,final
2022-11-21,1,900112,RW4,106.0,49.556602,46.931446,160.89622,141.32956,372.8585,381.57486,105.055046,113.37164,97.74523,final
2022-12-01,1,900112,RW4,106.0,39.622643,31.66761,159.89622,121.7195,388.65097,379.47452,121.694984,130.12695,102.38675,final
2022-12-11,1,900112,RW4,106.0,33.9717,28.474215,123.15094,107.07327,384.62268,376.2868,116.42305,114.34567,102.18625,final
2022-12-21,1,900112,RW4,106.0,44.084908,36.198742,117.67925,96.34057,393.14154,379.1827,119.141754,121.05641,103.63338,final
2023-01-01,1,900112,RW4,106.0,27.160378,24.368238,105.21699,88.32012,391.62265,358.7909,109.50735,118.10635,109.024895,final
2023-01-11,1,900112,RW4,106.0,46.877357,22.806917,118.12264,84.25126,415.6698,335.0783,186.56277,137.95059,123.69792,final
2023-01-21,1,900112,RW4,106.0,34.518867,27.554403,108.5566,74.72956,387.13205,309.4409,121.393295,142.42723,124.70771,final
2023-02-01,1,900112,RW4,106.0,5.207547,29.729246,86.603775,80.09057,351.71695,288.09213,29.391788,107.65444,121.70813,final
2023-02-11,1,900112,RW4,106.0,4.981132,36.338364,44.707546,93.62201,285.9811,281.3327,24.144962,50.40208,101.62343,final
2023-02-21,1,900112,RW4,106.0,23.5,28.486792,33.68868,94.554405,259.9245,263.05347,85.10818,38.861843,98.83271,final
2023-03-01,1,900112,RW4,106.0,24.801888,49.708805,53.28302,114.533966,245.10379,282.94464,54.473656,48.75854,86.85829,final
2023-03-11,1,900112,RW4,106.0,82.73585,41.16572,131.03773,119.36132,293.86792,297.2346,190.04544,109.3891,98.88607,final
2023-03-21,1,900112,RW4,106.0,70.754715,61.58113,178.29245,152.45566,320.53772,321.73962,113.77805,116.408936,99.63215,final
2023-04-01,1,900112,RW4,106.0,77.603775,60.457863,231.09435,163.20471,370.98114,357.82925,126.193825,140.36131,103.62481,final
2023-04-11,1,900112,RW4,106.0,67.23585,58.35849,215.59433,180.39749,391.3396,393.38083,114.011314,118.984535,99.48762,final
2023-04-21,1,900112,RW4,106.0,84.169815,51.659435,229.00945,170.47578,440.99054,417.48584,157.37857,133.35712,105.56342,final
2023-05-01,1,900112,RW4,106.0,179.80188,46.963207,331.20755,156.98112,615.5849,434.71982,355.63986,207.55971,141.1319,final
2023-05-11,1,900112,RW4,106.0,10.528302,38.98239,274.49997,137.60503,621.1321,437.36383,35.305725,195.99588,141.54233,final
2023-05-21,1,900112,RW4,106.0,13.45283,33.586792,203.78302,119.532394,611.0849,442.46384,47.821625,167.65358,137.68373,final
2023-06-01,1,900112,RW4,106.0,2.028302,14.381447,26.009434,86.95063,588.31134,407.13647,36.263042,33.724003,143.95992,final
2023-06-11,1,900112,RW4,106.0,3.9245284,7.0166664,19.40566,54.984905,509.49997,372.98743,74.26792,40.686337,136.11563,final
2023-06-21,1,900112,RW4,106.0,5.6509433,5.5330186,11.603773,26.931131,444.3962,316.9393,101.119576,51.9987,139.59036,final
2023-07-01,1,900112,RW4,106.0,3.0754716,3.1308177,12.650944,15.680503,369.8679,259.61227,99.319305,85.35065,141.66685,final
2023-07-11,1,900112,RW4,106.0,0.990566,2.3072326,9.716981,10.971069,303.6226,203.561,81.98132,92.14775,147.97713,final
2023-07-21,1,900112,RW4,106.0,1.1981132,4.7569184,5.2641506,10.194968,220.65096,156.6585,63.52532,67.54967,139.58498,final
2023-08-01,1,900112,RW4,106.0,2.1886792,11.523584,4.3773584,18.587736,43.03773,121.218864,43.505566,39.75523,38.059074,final
2023-08-11,1,900112,RW4,106.0,2.1037736,15.825157,5.4905663,32.10566,34.61321,98.06164,34.1115,28.272146,38.436424,final
2023-08-21,1,900112,RW4,106.0,2.7735848,20.622955,7.0660377,47.9717,23.93396,85.0978,30.338362,22.778273,32.113945,final
2023-09-01,1,900112,RW4,106.0,36.40566,33.767925,41.283016,70.21604,58.311317,104.484276,106.80391,61.53344,57.82686,final
2023-09-11,1,900112,RW4,106.0,45.537735,31.66195,84.71698,86.05283,99.92452,129.12956,137.84793,98.53288,78.22624,final
2023-09-21,1,900112,RW4,106.0,29.518867,33.30283,111.46226,98.732704,123.79245,156.89937,90.12093,112.2715,79.55093,final
2023-10-01,1,900112,RW4,106.0,21.87736,42.11352,96.93396,107.0783,142.59435,195.88208,57.04808,90.94888,73.47313,final
2023-10-11,1,900112,RW4,106.0,43.264153,46.98302,94.66038,122.39937,184.86792,240.55786,92.84599,78.226746,77.32105,final
2023-10-21,1,900112,RW4,106.0,32.83019,52.41604,97.971695,141.51257,216.49998,288.21698,65.88785,70.281815,75.54132,final
2023-11-01,1,900112,RW4,106.0,43.339622,51.27767,119.43397,150.67673,257.65094,327.97107,85.89485,79.931,78.881004,final
2023-11-11,1,900112,RW4,106.0,60.349056,43.12044,136.51888,146.81415,315.8962,355.26636,135.80312,93.2185,89.07194,final
2023-11-21,1,900112,RW4,106.0,54.81132,46.931446,158.5,141.32956,367.93393,381.57486,115.173615,111.73409,96.47134,final
2023-12-01,1,900112,RW4,106.0,22.820755,31.66761,137.98114,121.7195,354.34906,379.47452,75.87283,112.83279,93.46499,final
2023-12-11,1,900112,RW4,106.0,22.924528,28.474215,100.55661,107.07327,331.73587,376.2868,83.42101,94.185356,88.315636,final
2023-12-21,1,900112,RW4,106.0,62.92453,36.198742,108.669815,96.34057,365.14148,379.1827,164.87039,112.16615,96.34517,final
2024-01-01,1,900112,RW4,106.0,13.283019,24.368238,99.13208,88.32012,356.54718,358.7909,62.2544,111.58588,99.38324,final
2024-01-11,1,900112,RW4,106.0,20.40566,22.806917,96.61321,84.25126,333.6887,335.0783,91.36453,113.85074,99.59138,final
2024-01-21,1,900112,RW4,106.0,33.066036,27.554403,66.754715,74.72956,333.92453,309.4409,116.93052,89.997635,107.78641,final
2024-02-01,1,900112,RW4,106.0,15.9811325,29.729246,69.45283,80.09057,306.56607,288.09213,60.413437,87.49833,106.303116,final
2024-02-11,1,900112,RW4,106.0,23.207546,36.338364,72.254715,93.62201,269.42453,281.3327,68.23576,78.33415,95.84114,final
2024-02-21,1,900112,RW4,106.0,9.641509,28.486792,48.83019,94.554405,224.25473,263.05347,43.723236,54.07113,85.52574,final
2024-03-01,1,900112,RW4,106.0,30.792454,49.708805,63.64151,114.533966,232.22641,282.94464,65.42357,57.42427,82.386116,final
2024-03-11,1,900112,RW4,106.0,26.226416,41.16572,66.66038,119.36132,235.52829,297.2346,67.63983,57.62272,79.58331,final
2024-03-21,1,900112,RW4,106.0,39.264153,61.58113,96.28302,152.45566,211.86792,321.73962,66.48152,64.32479,66.373314,final
2024-04-01,1,900112,RW4,106.0,46.45283,60.457863,111.943405,163.20471,245.03773,357.82925,78.60451,69.52445,68.91334,final
2024-04-11,1,900112,RW4,106.0,63.773586,58.35849,149.49057,180.39749,288.40564,393.38083,108.54676,83.32938,73.649536,final
2024-04-21,1,900112,RW4,106.0,94.679245,51.659435,204.90567,170.47578,350.0189,417.48584,175.927,119.62087,84.03095,final
2024-05-01,1,900112,RW4,106.0,60.85849,46.963207,219.31133,156.98112,394.89624,434.71982,126.74062,138.47992,90.94342,final
2024-05-11,1,900112,RW4,106.0,9.9811325,38.98239,165.51886,137.60503,381.66983,437.36383,34.061657,119.57423,87.40991,final
2024-05-21,1,900112,RW4,106.0,11.54717,33.586792,82.386795,119.532394,383.5755,442.46384,42.882984,70.17194,86.83953,final
2024-06-01,1,900112,RW4,106.0,3.1792452,14.381447,24.707546,86.95063,355.9623,407.13647,42.201416,32.30815,87.5832,final
2024-06-11,1,900112,RW4,106.0,2.3490567,7.0166664,17.075472,54.984905,332.08496,372.98743,61.157204,36.801712,89.17889,final
2024-06-21,1,900112,RW4,106.0,2.5,5.5330186,8.028302,26.931131,295.3208,316.9393,71.204666,40.801254,93.28492,final
2024-07-01,1,900112,RW4,106.0,4.235849,3.1308177,9.084906,15.680503,253.10378,259.61227,113.59066,68.10717,97.54036,final
2024-07-11,1,900112,RW4,106.0,1.3773584,2.3072326,8.113207,10.971069,190.70755,203.561,87.274605,82.106,93.837074,final
2024-07-21,1,900112,RW4,106.0,2.009434,4.7569184,7.6226416,10.194968,98.03774,156.6585,71.84065,83.0712,63.73791,final
2024-08-01,1,900112,RW4,106.0,2.3396227,11.523584,5.726415,18.587736,39.518864,121.218864,44.41907,45.474545,35.271164,final
2024-08-11,1,900112,RW4,106.0,9.905661,15.825157,14.254717,32.10566,39.443398,98.06164,71.57526,51.89159,43.123123,final
2024-08-21,1,900112,RW4,106.0,13.905661,20.622955,26.150944,47.9717,41.801888,85.0978,73.78408,58.806767,51.945652,final
2024-09-01,1,900112,RW4,106.0,20.679245,33.767925,44.490566,70.21604,59.301888,104.484276,66.23838,65.79789,58.73162,final
2024-09-11,1,900112,RW4,106.0,13.490566,31.66195,48.075474,86.05283,70.44339,129.12956,50.435303,58.29085,56.246655,final
2024-09-21,1,900112,RW4,106.0,72.745285,33.30283,106.9151,98.732704,140.68867,156.89937,202.9753,107.88796,89.987175,final
2024-10-01,1,900112,RW4,106.0,52.849056,42.11352,139.08492,107.0783,189.3019,195.88208,122.78652,128.55737,96.72436,final
2024-10-11,1,900112,RW4,106.0,57.0283,46.98302,182.62265,122.39937,244.95284,240.55786,119.32416,147.27126,101.789795,final
2024-10-21,1,900112,RW4,106.0,35.11321,52.41604,144.99057,141.51257,278.0566,288.21698,69.86412,102.37385,96.53486,final
2024-11-01,1,900112,RW4,106.0,101.78302,51.27767,193.92453,150.67673,377.5,327.97107,189.74313,127.78052,114.87484,final
2024-11-11,1,900112,RW4,106.0,100.69811,43.12044,237.59433,146.81415,468.29248,355.26636,219.65324,159.79692,131.37292,final
2024-11-21,1,900112,RW4,106.0,106.54717,46.931446,309.02832,141.32956,560.93396,381.57486,214.79697,214.60347,146.39699,final
2024-12-01,1,900112,RW4,106.0,20.679245,31.66761,227.92453,121.7195,560.934,379.47452,70.0325,183.81111,147.19676,final
2024-12-11,1,900112,RW4,106.0,30.179245,28.474215,157.40567,107.07327,577.6227,376.2868,105.093575,144.91026,152.80432,final
2024-12-21,1,900112,RW4,106.0,34.198112,36.198742,85.0566,96.34057,539.0755,379.1827,95.14396,88.8653,141.61894,final
2025-01-01,1,900112,RW4,106.0,12.68868,24.368238,77.06604,88.32012,498.91513,358.7909,60.230644,87.940346,138.51779,final
2025-01-11,1,900112,RW4,106.0,21.867924,22.806917,68.754715,84.25126,463.75473,335.0783,96.62316,82.63718,137.8373,final
2025-01-21,1,900112,RW4,106.0,39.42453,27.554403,73.98113,74.72956,468.0661,309.4409,136.46243,99.061295,150.44675,final
2025-02-01,1,900112,RW4,106.0,31.528301,29.729246,92.820755,80.09057,397.8113,288.09213,105.18023,114.960754,137.43504,final
2025-02-11,1,900112,RW4,106.0,28.679245,36.338364,99.63208,93.62201,325.79242,281.3327,81.47213,106.09405,115.5273,final
2025-02-21,1,900112,RW4,106.0,3.04717,28.486792,63.254715,94.554405,222.29245,263.05347,24.030876,68.56021,84.7937,final
2025-03-01,1,900112,RW4,106.0,23.990566,49.708805,55.71698,114.533966,225.60378,282.94464,52.990677,50.79475,80.08615,final
2025-03-11,1,900112,RW4,106.0,23.188679,41.16572,50.226418,119.36132,218.6132,297.2346,61.05976,44.408035,73.98664,final
2025-03-21,1,900112,RW4,106.0,38.83019,61.58113,86.00943,152.45566,223.24527,321.73962,65.82975,57.800037,69.8554,final
2025-04-01,1,900112,RW4,106.0,66.73585,60.457863,128.75471,163.20471,277.29245,357.82925,109.59087,79.519005,77.80311,final
2025-04-11,1,900112,RW4,106.0,72.113205,58.35849,177.67924,180.39749,327.53772,393.38083,121.70935,98.53383,83.47232,final
2025-04-21,1,900112,RW4,106.0,99.754715,51.659435,238.60378,170.47578,387.86792,417.48584,184.88486,138.82472,92.98961,final
2025-05-01,1,900112,RW4,106.0,60.88679,46.963207,232.75471,156.98112,417.22638,434.71982,126.79509,146.77928,96.02169,final
2025-05-11,1,900112,RW4,106.0,50.18868,38.98239,210.83018,137.60503,438.73584,437.36383,125.479034,151.34824,100.31016,final
2025-05-21,1,900112,RW4,106.0,25.688679,33.586792,136.76414,119.532394,461.37735,442.46384,79.53156,113.83716,104.22683,final
2025-06-01,1,900112,RW4,106.0,8.745283,14.381447,84.62264,86.95063,446.13205,407.13647,70.9198,97.46822,109.46181,final
2025-06-11,1,900112,RW4,106.0,31.59434,7.0166664,66.0283,54.984905,454.53772,372.98743,304.52985,118.410286,121.57487,final
2025-06-21,1,900112,RW4,106.0,10.679245,5.5330186,51.018867,26.931131,426.38678,316.9393,148.85805,175.43652,133.9963,final
2025-07-01,1,900112,RW4,106.0,4.754717,3.1308177,47.028297,15.680503,364.40567,259.61227,119.97216,251.58139,139.60263,final
2025-07-11,1,900112,RW4,106.0,3.8867924,2.3072326,19.320755,10.971069,296.17923,203.561,121.61639,152.28008,144.40822,final
2025-07-21,1,900112,RW4,106.0,2.3207548,4.7569184,10.962264,10.194968,198.74529,156.6585,75.03143,105.04967,126.03438,final
2025-08-01,1,900112,RW4,106.0,22.669811,11.523584,28.877357,18.587736,160.5283,121.218864,167.45647,143.62276,131.14388,final
2025-08-11,1,900112,RW4,106.0,35.71698,15.825157,60.707546,32.10566,146.0566,98.06164,195.51823,177.08229,146.56918,final
2025-08-21,1,900112,RW4,106.0,3.04717,20.622955,61.43396,47.9717,123.41509,85.0978,31.406096,125.41406,142.52856,final
2025-09-01,1,900112,RW4,106.0,14.566038,33.767925,53.330185,70.21604,129.23584,104.484276,50.469654,77.55019,122.60741,final
2025-09-11,1,900112,RW4,106.0,36.90566,31.66195,54.518867,86.05283,134.54718,129.12956,114.302864,65.36739,104.03909,final
2025-09-21,1,900112,RW4,106.0,9.103773,33.30283,60.57547,98.732704,132.97171,156.89937,36.821754,63.21581,85.22066,final
2025-10-01,1,900112,RW4,106.0,54.5,42.11352,100.50943,107.0783,182.71698,195.88208,126.2907,94.13903,93.44636,final
2025-10-11,1,900112,RW4,106.0,36.40566,46.98302,100.00943,122.39937,215.23584,240.55786,79.652275,82.42539,89.68796,final
2025-10-21,1,900112,RW4,106.0,82.820755,52.41604,173.72641,141.51257,295.73584,288.21698,152.9551,121.98708,102.56426,final
2025-11-01,1,900112,RW4,106.0,58.801888,51.27767,178.02829,150.67673,331.86792,327.97107,113.36981,117.56946,101.17033,final
2025-11-11,1,900112,RW4,106.0,28.311321,43.12044,169.93398,146.81415,324.46225,355.26636,69.22489,115.229034,91.44963,final
2025-11-21,1,900112,RW4,106.0,24.169811,46.931446,111.28302,141.32956,345.58487,381.57486,56.169846,79.46653,90.69003,final
2025-12-01,1,900112,RW4,106.0,27.339622,31.66761,79.820755,121.7195,358.35846,379.47452,88.1967,66.93584,94.50781,final
2025-12-11,1,900112,RW4,106.0,32.83019,28.474215,84.33962,107.07327,354.28302,376.2868,113.01293,79.71537,94.22907,final
2025-12-21,1,900112,RW4,106.0,71.81132,36.198742,131.98112,96.34057,416.99054,379.1827,186.44093,135.16908,109.84111,final
2026-01-01,1,900112,RW4,106.0,42.38679,24.368238,147.0283,88.32012,404.87735,358.7909,161.35388,162.91054,112.668396,final
2026-01-11,1,900112,RW4,106.0,25.066038,22.806917,139.26414,84.25126,393.53775,335.0783,108.12431,161.63823,117.189995,final
2026-01-21,1,900112,RW4,106.0,65.09434,27.554403,132.54716,74.72956,375.8113,309.4409,215.31444,172.51715,121.10744,final
2026-02-01,1,900112,RW4,106.0,36.150944,29.729246,126.311325,80.09057,353.16037,288.09213,118.490746,154.31947,122.20061,final
2026-02-11,1,900112,RW4,106.0,36.509434,36.338364,137.75471,93.62201,361.3585,281.3327,100.413826,144.74934,127.94853,final
2026-02-21,1,900112,RW4,106.0,24.54717,28.486792,97.20755,94.554405,361.73584,263.05347,88.2353,102.665016,136.81444,final
2026-03-01,1,900112,RW4,106.0,56.367924,49.708805,117.42453,114.533966,390.76416,282.94464,112.171936,102.4182,137.44453,prelim
2026-03-11,1,900112,RW4,106.0,41.33019,41.16572,122.245285,119.36132,399.26416,297.2346,100.356255,102.31902,133.7584,prelim
2026-03-21,1,900112,RW4,106.0,50.622643,61.58113,148.32076,152.45566,378.07547,321.73962,83.541145,97.373924,117.24181,prelim
2026-04-01,1,900112,RW4,106.0,29.773584,60.457863,121.72642,163.20471,365.46228,357.82925,53.12361,75.34058,102.103745,prelim
2026-04-11,1,900112,RW4,106.0,52.09434,58.35849,132.49057,180.39749,392.49057,393.38083,90.11317,74.15988,99.77653,forecast
2022-01-01,1,900113,RW3,155.0,14.4,36.077206,123.76129,125.51011,367.37418,423.57614,47.228138,98.66002,86.88635,final
2022-01-11,1,900113,RW3,155.0,60.464516,33.312904,134.01935,119.097206,384.62576,408.6613,170.86806,112.02456,94.18957,final
2022-01-21,1,900113,RW3,155.0,47.890324,38.88129,122.75484,108.2714,394.44513,396.6884,120.530464,112.7865,99.44154,final
2022-02-01,1,900113,RW3,155.0,80.67742,37.9,189.03226,110.09419,418.85806,378.67764,199.71426,168.58562,110.47244,final
2022-02-11,1,900113,RW3,155.0,76.21935,45.05097,204.78711,121.83226,450.3742,373.71506,162.27328,165.40517,120.241905,final
2022-02-21,1,900113,RW3,155.0,26.032259,32.147743,182.92903,115.09871,446.24515,354.44623,83.5374,156.4788,125.53898,final
2022-03-01,1,900113,RW3,155.0,31.935484,53.51871,134.18709,130.71742,446.98065,366.32172,63.117397,102.55654,121.722115,final
2022-03-11,1,900113,RW3,155.0,59.864517,43.794624,117.83226,129.46107,456.63873,370.39053,132.93373,91.35154,122.975586,final
2022-03-21,1,900113,RW3,155.0,44.819355,62.425377,136.61935,159.73871,442.30325,383.10883,73.88814,85.96604,115.252014,final
2022-04-01,1,900113,RW3,155.0,32.4,57.655914,137.08386,163.87592,460.30322,404.68753,59.691093,84.13507,113.57515,final
2022-04-11,1,900113,RW3,155.0,63.15484,54.26387,140.3742,174.34515,462.9936,425.6385,115.00235,81.05834,108.67435,final
2022-04-21,1,900113,RW3,155.0,37.109676,52.32387,132.66452,164.24365,452.21292,439.0811,73.45923,81.34102,102.957085,final
2022-05-01,1,900113,RW3,155.0,22.980644,47.216774,123.245155,153.80452,394.51614,448.39786,53.58555,80.75661,88.11602,final
2022-05-11,1,900113,RW3,155.0,45.11613,42.33355,105.20645,141.87419,363.4129,445.68042,105.87866,75.03459,81.745926,final
2022-05-21,1,900113,RW3,155.0,83.13548,37.89957,151.23225,127.44989,420.5161,451.43225,205.44608,117.95574,93.22656,final
2022-06-01,1,900113,RW3,155.0,7.0774193,16.384947,135.32904,96.618065,395.65805,414.2985,56.476265,138.09457,95.554375,final
2022-06-11,1,900113,RW3,155.0,13.890323,11.162366,104.103226,65.446884,349.6839,381.66623,116.87846,154.87303,91.7287,final
2022-06-21,1,900113,RW3,155.0,6.3612905,9.01828,27.329033,36.56559,311.22583,328.25916,81.04625,77.77836,94.88886,final
2022-07-01,1,900113,RW3,155.0,2.735484,4.9096775,22.987097,25.090322,281.56128,275.5129,78.0599,93.01029,102.15619,final
2022-07-11,1,900113,RW3,155.0,2.2193549,3.4591398,11.316129,17.387096,220.62582,224.70818,85.34384,72.88184,98.22281,final
2022-07-21,1,900113,RW3,155.0,11.470967,5.604301,16.425806,13.973118,194.9871,177.9886,155.32344,112.92718,109.28938,final
2022-08-01,1,900113,RW3,155.0,15.193548,11.709248,28.88387,20.772688,187.20001,142.48108,120.85253,131.472,130.32181,final
2022-08-11,1,900113,RW3,155.0,16.870968,13.509248,43.535484,30.822796,158.95483,113.65678,118.162384,135.48772,138.1757,final
2022-08-21,1,900113,RW3,155.0,25.554838,19.209892,57.619354,44.428387,101.37419,94.967094,126.20807,126.68703,106.4092,final
2022-09-01,1,900113,RW3,155.0,27.464516,34.19785,69.89032,66.91699,121.761284,112.78,82.82219,104.13439,107.62547,final
2022-09-11,1,900113,RW3,155.0,34.80645,36.199356,87.825806,89.6071,142.67741,137.81699,96.6191,98.117165,103.40326,final
2022-09-21,1,900113,RW3,155.0,35.819355,35.25441,98.09032,105.65161,172.13548,164.05312,101.40344,93.16658,104.78096,final
2022-10-01,1,900113,RW3,155.0,43.63871,41.084087,114.26452,112.53785,213.0387,200.22752,105.543396,101.469025,106.24242,final
2022-10-11,1,900113,RW3,155.0,20.593548,48.77032,100.05162,125.10882,231.41292,245.53871,47.597908,80.74135,94.36183,final
2022-10-21,1,900113,RW3,155.0,67.29032,50.52473,131.52258,140.37914,287.23227,290.45914,130.19482,93.90797,98.907845,final
2022-11-01,1,900113,RW3,155.0,54.71613,55.843227,142.59999,155.13828,326.75485,334.5931,98.14754,92.17034,97.69187,final
2022-11-11,1,900113,RW3,155.0,69.729034,50.16129,191.73549,156.52925,379.6129,371.24518,135.4737,121.795586,102.224014,final
2022-11-21,1,900113,RW3,155.0,61.135483,51.24387,185.58064,157.24838,415.19354,403.27914,117.587006,117.46228,102.9182,final
2022-12-01,1,900113,RW3,155.0,42.27097,42.219357,173.13548,143.62451,429.99997,411.30066,100.10931,119.85606,104.49178,final
2022-12-11,1,900113,RW3,155.0,57.412903,41.45914,160.81935,134.92236,452.60648,416.56042,134.33934,118.50811,108.55062,final
2022-12-21,1,900113,RW3,155.0,52.935482,49.44925,152.61935,133.12775,469.72256,430.75528,106.40272,114.11129,108.942474,final
2023-01-01,1,900113,RW3,155.0,33.8,36.077206,144.14839,125.51011,459.88385,423.57614,94.456276,114.281105,108.4717,final
2023-01-11,1,900113,RW3,155.0,40.574192,33.312904,127.30968,119.097206,479.8645,408.6613,118.95258,106.617775,117.21293,final
2023-01-21,1,900113,RW3,155.0,48.16129,38.88129,122.53548,108.2714,460.73547,396.6884,121.147964,112.59283,115.944466,final
2023-02-01,1,900113,RW3,155.0,17.451612,37.9,106.187096,110.09419,423.47092,378.67764,52.334763,96.60531,111.67471,final
2023-02-11,1,900113,RW3,155.0,15.845161,45.05097,81.45806,121.83226,369.58707,373.71506,41.64787,68.167244,98.909996,final
2023-02-21,1,900113,RW3,155.0,23.116129,32.147743,56.412903,115.09871,331.56772,354.44623,75.68732,51.135357,93.63507,final
2023-03-01,1,900113,RW3,155.0,30.258064,53.51871,69.21935,130.71742,319.5548,366.32172,60.250927,54.686676,87.40529,final
2023-03-11,1,900113,RW3,155.0,53.909676,43.794624,107.28387,129.46107,316.0516,370.39053,120.72985,83.5066,85.5247,final
2023-03-21,1,900113,RW3,155.0,84.5871,62.425377,168.75484,159.73871,347.70322,383.10883,132.86852,105.472984,90.8774,final
2023-04-01,1,900113,RW3,155.0,77.019356,57.655914,215.51611,163.87592,390.92258,404.68753,130.90442,130.57878,96.64014,final
2023-04-11,1,900113,RW3,155.0,46.34839,54.26387,207.95483,174.34515,396.69675,425.6385,86.64367,118.74023,93.27934,final
2023-04-21,1,900113,RW3,155.0,117.870964,52.32387,241.23871,164.24365,466.40646,439.0811,214.3452,145.49362,106.15324,final
2023-05-01,1,900113,RW3,155.0,171.87743,47.216774,336.0968,153.80452,620.8323,448.39786,338.7368,214.79037,138.03159,final
2023-05-11,1,900113,RW3,155.0,21.548388,42.33355,311.29678,141.87419,626.5355,445.68042,56.087887,215.35217,140.12933,final
2023-05-21,1,900113,RW3,155.0,21.470968,37.89957,214.89677,127.44989,624.8903,451.43225,61.704506,166.02263,138.00302,final
2023-06-01,1,900113,RW3,155.0,2.3290322,16.384947,45.34839,96.618065,596.9613,414.2985,34.27192,49.54669,143.56392,final
2023-06-11,1,900113,RW3,155.0,5.2387094,11.162366,29.038712,65.446884,548.29034,381.66623,63.34908,48.318264,143.09248,final
2023-06-21,1,900113,RW3,155.0,8.690323,9.01828,16.258064,36.56559,472.39362,328.25916,97.66051,51.14342,143.24997,final
2023-07-01,1,900113,RW3,155.0,6.5225806,4.9096775,20.451612,25.090322,401.89685,275.5129,116.27605,84.584045,145.0546,final
2023-07-11,1,900113,RW3,155.0,1.3419355,3.4591398,16.55484,17.387096,356.89035,224.70818,74.971405,96.282425,157.54352,final
2023-07-21,1,900113,RW3,155.0,1.6967742,5.604301,9.561291,13.973118,240.71613,177.9886,63.15149,76.746956,134.27946,final
2023-08-01,1,900113,RW3,155.0,4.2064514,11.709248,7.245161,20.772688,73.045166,142.48108,55.097942,47.51216,52.91877,final
2023-08-11,1,900113,RW3,155.0,5.1032257,13.509248,11.006452,30.822796,56.6,113.65678,54.584747,44.682304,51.914436,final
2023-08-21,1,900113,RW3,155.0,6.2387094,19.209892,15.548387,44.428387,41.36774,94.967094,46.42197,41.572033,46.383003,final
2023-09-01,1,900113,RW3,155.0,41.07742,34.19785,52.419353,66.91699,80.11613,112.78,117.55089,79.84115,72.26705,final
2023-09-11,1,900113,RW3,155.0,45.92903,36.199356,93.24516,89.6071,120.80645,137.81699,123.61609,103.84544,88.08928,final
2023-09-21,1,900113,RW3,155.0,24.72258,35.25441,111.729034,105.65161,136.83871,164.05312,73.83683,105.492386,83.90186,final
2023-10-01,1,900113,RW3,155.0,24.458065,41.084087,95.10968,112.53785,154.7742,200.22752,63.922424,85.17229,77.852234,final
2023-10-11,1,900113,RW3,155.0,42.11613,48.77032,91.296776,125.10882,195.54839,245.53871,87.62479,74.01249,80.04687,final
2023-10-21,1,900113,RW3,155.0,31.258064,50.52473,97.83226,140.37914,225.10968,290.45914,65.30074,70.73385,77.882065,final
2023-11-01,1,900113,RW3,155.0,42.858063,55.843227,116.232254,155.13828,263.7613,334.5931,78.658,75.704735,79.14215,final
2023-11-11,1,900113,RW3,155.0,52.096775,50.16129,126.212906,156.52925,310.75485,371.24518,103.50877,81.23167,83.92263,final
2023-11-21,1,900113,RW3,155.0,48.851612,51.24387,143.80644,157.24838,353.36777,403.27914,95.746635,91.71521,87.775185,final
2023-12-01,1,900113,RW3,155.0,21.045162,42.219357,121.993546,143.62451,333.3355,411.30066,55.15781,85.4459,81.27191,final
2023-12-11,1,900113,RW3,155.0,23.083872,41.45914,92.980644,134.92236,310.49033,416.56042,60.44854,70.02501,74.8387,final
2023-12-21,1,900113,RW3,155.0,73.10968,49.44925,117.238716,133.12775,358.8774,430.75528,143.4541,88.49686,83.50499,final
2024-01-01,1,900113,RW3,155.0,34.096775,36.077206,130.29033,125.51011,368.5161,423.57614,95.17876,103.66273,87.1528,final
2024-01-11,1,900113,RW3,155.0,27.548388,33.312904,134.75484,119.097206,353.9484,408.6613,84.95411,112.61723,86.773506,final
2024-01-21,1,900113,RW3,155.0,41.19355,38.88129,102.838715,108.2714,363.88388,396.6884,105.26935,95.203835,91.83334,final
2024-02-01,1,900113,RW3,155.0,14.993548,37.9,83.73548,110.09419,336.01938,378.67764,46.605007,77.09814,88.881744,final
2024-02-11,1,900113,RW3,155.0,36.967743,45.05097,93.15485,121.83226,320.89035,373.71506,83.85001,77.389496,86.0516,final
2024-02-21,1,900113,RW3,155.0,11.709678,32.147743,63.67097,115.09871,283.74838,354.44623,44.981678,57.178776,80.33146,final
2024-03-01,1,900113,RW3,155.0,34.393547,53.51871,83.07097,130.71742,297.09677,366.32172,67.31787,64.8929,81.357155,final
2024-03-11,1,900113,RW3,155.0,27.2,43.794624,73.30322,129.46107,301.21292,370.39053,65.990875,58.234863,81.57183,final
2024-03-21,1,900113,RW3,155.0,46.148388,62.425377,107.741936,159.73871,274.25162,383.10883,75.85925,68.43682,71.95188,final
2024-04-01,1,900113,RW3,155.0,47.529034,57.655914,120.877426,163.87592,287.68387,404.68753,83.83731,74.53841,71.44076,final
2024-04-11,1,900113,RW3,155.0,79.464516,54.26387,173.14194,174.34515,339.6,425.6385,142.52278,99.32911,80.02072,final
2024-04-21,1,900113,RW3,155.0,85.3871,52.32387,212.38065,164.24365,383.79358,439.0811,157.67793,128.44241,87.55013,final
2024-05-01,1,900113,RW3,155.0,42.787098,47.216774,207.63872,153.80452,411.5871,448.39786,91.516754,133.89966,91.881134,final
2024-05-11,1,900113,RW3,155.0,23.032259,42.33355,151.20645,141.87419,397.65164,445.68042,59.222813,106.35391,89.343056,final
2024-05-21,1,900113,RW3,155.0,16.148388,37.89957,81.96774,127.44989,402.0903,451.43225,49.297436,65.660866,89.189644,final
2024-06-01,1,900113,RW3,155.0,4.9096775,16.384947,44.090324,96.618065,372.60648,414.2985,46.3395,48.30866,90.056725,final
2024-06-11,1,900113,RW3,155.0,4.535484,11.162366,25.59355,65.446884,349.94196,381.66623,58.998077,43.427826,91.79544,final
2024-06-21,1,900113,RW3,155.0,4.270968,9.01828,13.716129,36.56559,308.0645,328.25916,66.13484,45.027943,93.94026,final
2024-07-01,1,900113,RW3,155.0,5.8580647,4.9096775,14.664516,25.090322,266.39355,275.5129,109.57031,65.35163,96.74905,final
2024-07-11,1,900113,RW3,155.0,1.8064516,3.4591398,11.935484,17.387096,188.73549,224.70818,80.46269,75.648415,84.339836,final
2024-07-21,1,900113,RW3,155.0,2.1032257,5.604301,9.767742,13.973118,105.45161,177.9886,66.98438,77.83508,60.35983,final
2024-08-01,1,900113,RW3,155.0,3.3096774,11.709248,7.2193546,20.772688,65.9742,142.48108,49.731007,47.412033,48.124275,final
2024-08-11,1,900113,RW3,155.0,7.9225807,13.509248,13.335484,30.822796,50.864513,113.65678,69.816895,51.183846,47.08076,final
2024-08-21,1,900113,RW3,155.0,15.16129,19.209892,26.393547,44.428387,49.87742,94.967094,83.27707,63.513195,54.895485,final
2024-09-01,1,900113,RW3,155.0,23.445162,34.19785,46.52903,66.91699,68.4129,112.78,72.56817,71.6507,62.330532,final
2024-09-11,1,900113,RW3,155.0,14.864516,36.199356,53.47097,89.6071,78.741936,137.81699,48.2156,61.803997,58.635838,final
2024-09-21,1,900113,RW3,155.0,60.92903,35.25441,99.23871,105.65161,135.4,164.05312,163.7809,94.20442,83.05082,final
2024-10-01,1,900113,RW3,155.0,55.309677,41.084087,131.10323,112.53785,184.85161,200.22752,130.86877,115.79523,92.507866,final
2024-10-11,1,900113,RW3,155.0,32.954838,48.77032,149.19354,125.10882,216.0,245.53871,70.58697,118.511215,88.20992,final
2024-10-21,1,900113,RW3,155.0,48.07742,50.52473,136.34193,140.37914,261.97418,290.45914,95.59239,97.222984,90.359085,final
2024-11-01,1,900113,RW3,155.0,98.490326,55.843227,179.52258,155.13828,357.15485,334.5931,170.09341,115.227036,106.64376,final
2024-11-11,1,900113,RW3,155.0,103.064514,50.16129,249.63226,156.52925,452.29678,371.24518,195.90643,157.63849,121.54223,final
2024-11-21,1,900113,RW3,155.0,114.258064,51.24387,315.8129,157.24838,551.39355,403.27914,212.03745,197.72949,136.27774,final
2024-12-01,1,900113,RW3,155.0,25.896774,42.219357,243.21935,143.62451,553.84515,411.30066,65.432434,167.01105,134.24075,final
2024-12-11,1,900113,RW3,155.0,42.058064,41.45914,182.2129,134.92236,581.0387,416.56042,101.28914,133.7977,139.01654,final
2024-12-21,1,900113,RW3,155.0,41.99355,49.44925,109.94838,133.12775,562.1032,430.75528,86.30707,83.21889,130.1426,final
2025-01-01,1,900113,RW3,155.0,20.92258,36.077206,104.9742,125.51011,527.7162,423.57614,63.10697,84.26489,124.29907,final
2025-01-11,1,900113,RW3,155.0,41.180645,33.312904,104.09677,119.097206,535.94196,408.6613,120.535484,87.91235,130.7693,final
2025-01-21,1,900113,RW3,155.0,47.787098,38.88129,109.89032,108.2714,535.6516,396.6884,120.29523,101.42924,134.59479,final
2025-02-01,1,900113,RW3,155.0,47.180645,37.9,136.14839,110.09419,484.34192,378.67764,121.633194,122.63728,127.53986,final
2025-02-11,1,900113,RW3,155.0,43.754837,45.05097,138.72258,121.83226,425.03223,373.71506,97.41038,113.31705,113.55034,final
2025-02-21,1,900113,RW3,155.0,6.819355,32.147743,97.75484,115.09871,317.59354,354.44623,31.817156,85.558655,89.74737,final
2025-03-01,1,900113,RW3,155.0,31.554838,53.51871,82.12903,130.71742,323.25165,366.32172,62.466927,64.19885,88.40088,final
2025-03-11,1,900113,RW3,155.0,32.71613,43.794624,71.09032,129.46107,313.90967,370.39053,77.29567,56.589104,84.95411,final
2025-03-21,1,900113,RW3,155.0,37.954838,62.425377,102.2258,159.73871,309.87097,383.10883,63.707226,65.0884,81.129555,final
2025-04-01,1,900113,RW3,155.0,72.41936,57.655914,143.09033,163.87592,361.36774,404.68753,123.56273,87.6918,89.42613,final
2025-04-11,1,900113,RW3,155.0,91.69032,54.26387,202.06451,174.34515,411.87738,425.6385,163.15224,115.45588,96.80449,final
2025-04-21,1,900113,RW3,155.0,45.36774,52.32387,209.47742,164.24365,409.45807,439.0811,87.86521,126.727005,93.32937,final
2025-05-01,1,900113,RW3,155.0,65.090324,47.216774,202.14838,153.80452,427.36774,448.39786,134.22952,130.44237,95.361664,final
2025-05-11,1,900113,RW3,155.0,53.0,42.33355,163.45807,141.87419,436.6129,445.68042,122.53465,114.69549,97.98804,final
2025-05-21,1,900113,RW3,155.0,18.6,37.89957,136.69032,127.44989,448.39355,451.43225,55.012207,106.97655,99.33425,final
2025-06-01,1,900113,RW3,155.0,19.96129,16.384947,91.56129,96.618065,436.80005,414.2985,116.72365,95.02374,105.36648,final
2025-06-11,1,900113,RW3,155.0,30.703226,11.162366,69.26452,65.446884,434.7871,381.66623,220.90347,105.419174,113.73818,final
2025-06-21,1,900113,RW3,155.0,13.070968,9.01828,63.735485,36.56559,409.90323,328.25916,128.91003,165.36633,124.49868,final
2025-07-01,1,900113,RW3,155.0,6.012903,4.9096775,49.787094,25.090322,343.49677,275.5129,111.13281,182.07547,124.23556,final
2025-07-11,1,900113,RW3,155.0,5.716129,3.4591398,24.8,17.387096,257.5226,224.70818,126.681076,133.1124,114.28526,final
2025-07-21,1,900113,RW3,155.0,4.5612903,5.604301,16.290323,13.973118,216.71614,177.9886,90.16427,112.2131,121.1639,final
2025-08-01,1,900113,RW3,155.0,31.535484,11.709248,41.812904,20.772688,183.16129,142.48108,218.65428,181.63765,127.583336,final
2025-08-11,1,900113,RW3,155.0,49.35484,13.509248,85.451614,30.822796,179.51613,113.65678,293.66318,252.49736,155.50409,final
2025-08-21,1,900113,RW3,155.0,11.509678,19.209892,92.399994,44.428387,172.4258,94.967094,68.19394,197.05275,177.4842,final
2025-09-01,1,900113,RW3,155.0,19.96129,34.19785,80.825806,66.91699,172.4258,112.78,63.680256,119.340096,150.64171,final
2025-09-11,1,900113,RW3,155.0,35.496773,36.199356,66.96774,89.6071,177.21936,137.81699,98.29468,76.07013,127.58942,final
2025-09-21,1,900113,RW3,155.0,13.2709675,35.25441,68.72903,105.65161,177.41934,164.05312,45.388733,66.63168,107.90652,final
2025-10-01,1,900113,RW3,155.0,52.490322,41.084087,101.25806,112.53785,223.89676,200.22752,124.750916,90.40327,111.533165,final
2025-10-11,1,900113,RW3,155.0,30.567741,48.77032,96.32903,125.10882,248.74838,245.53871,66.14754,77.88022,101.281105,final
2025-10-21,1,900113,RW3,155.0,52.92258,50.52473,135.98064,140.37914,297.10968,290.45914,104.31853,96.974464,102.25092,final
2025-11-01,1,900113,RW3,155.0,50.903225,55.843227,134.39355,155.13828,316.47742,334.5931,91.88077,87.045746,94.665474,final
2025-11-11,1,900113,RW3,155.0,46.606453,50.16129,150.43225,156.52925,313.72903,371.24518,93.55556,96.22545,84.71312,final
2025-11-21,1,900113,RW3,155.0,57.51613,51.24387,155.0258,157.24838,359.73547,403.27914,111.1519,98.630135,89.33483,final
2025-12-01,1,900113,RW3,155.0,39.619354,42.219357,143.74194,143.62451,379.39352,411.30066,94.493774,100.07901,92.335556,final
2025-12-11,1,900113,RW3,155.0,40.28387,41.45914,137.41936,134.92236,384.18063,416.56042,97.470314,101.78455,92.31907,final
2025-12-21,1,900113,RW3,155.0,74.76129,49.44925,154.66452,133.12775,445.671,430.75528,146.4874,115.59192,103.42295,final
2026-01-01,1,900113,RW3,155.0,73.78065,36.077206,188.8258,125.51011,466.9613,423.57614,191.78677,148.51402,110.1231,final
2026-01-11,1,900113,RW3,155.0,28.664516,33.312904,177.20645,119.097206,465.05804,408.6613,87.86731,146.82559,113.63356,final
2026-01-21,1,900113,RW3,155.0,90.68387,38.88129,193.12903,108.2714,502.81934,396.6884,218.05162,174.91531,126.42121,final
2026-02-01,1,900113,RW3,155.0,44.754837,37.9,164.10323,110.09419,496.67096,378.67764,115.97864,146.92593,130.75325,final
2026-02-11,1,900113,RW3,155.0,35.425808,45.05097,170.86452,121.83226,485.49033,373.71506,80.76928,138.65913,129.51434,final
2026-02-21,1,900113,RW3,155.0,28.67742,32.147743,108.85807,115.09871,456.65164,354.44623,90.65806,94.80374,128.43413,final
2026-03-01,1,900113,RW3,155.0,58.92903,53.51871,123.03226,130.71742,475.9613,366.32172,109.24545,94.33738,129.52684,prelim
2026-03-11,1,900113,RW3,155.0,52.864517,43.794624,140.47098,129.46107,488.54193,370.39053,118.5879,108.18818,131.47426,prelim
2026-03-21,1,900113,RW3,155.0,50.8,62.425377,162.59355,159.73871,464.58063,383.10883,82.758156,101.732956,120.992004,prelim
2026-04-01,1,900113,RW3,155.0,31.225807,57.655914,134.89032,163.87592,422.0258,404.68753,57.81706,82.83616,104.23207,prelim
2026-04-11,1,900113,RW3,155.0,54.032257,54.26387,136.05806,174.34515,447.3935,425.6385,99.609184,78.651726,105.0518,forecast
2022-01-01,1,900114,RW2,199.0,19.79397,35.081406,120.85929,116.483246,378.27136,388.01407,61.859035,103.60218,97.521034,final
2022-01-11,1,900114,RW2,199.0,69.658295,34.221104,147.41206,115.44942,387.92966,377.39566,190.35236,126.536156,102.75474,final
2022-01-21,1,900114,RW2,199.0,43.92462,37.99933,133.37689,107.30184,376.19598,369.66885,113.77996,123.21871,101.7421,final
2022-02-01,1,900114,RW2,199.0,48.758793,35.77923,162.3417,107.999664,382.1206,354.1628,131.82887,148.09044,107.78415,final
2022-02-11,1,900114,RW2,199.0,80.75377,42.139362,173.43718,115.91792,429.5628,351.84506,181.91542,147.56885,121.77913,final
2022-02-21,1,900114,RW2,199.0,34.417084,30.181408,163.92964,108.1,420.6633,333.41858,112.03953,149.36308,125.78012,final
2022-03-01,1,900114,RW2,199.0,34.160805,49.59213,149.33167,121.912895,432.53265,346.3958,71.73343,121.60439,124.51277,final
2022-03-11,1,900114,RW2,199.0,64.17085,40.83635,132.74875,120.609886,453.59796,351.97723,150.9083,109.66394,128.467,final
2022-03-21,1,900114,RW2,199.0,39.75377,60.63417,138.08542,151.06265,435.39197,366.46448,68.18669,91.6846,118.5556,final
2022-04-01,1,900114,RW2,199.0,27.713568,62.411892,131.63818,163.88242,443.31158,393.79498,48.52789,80.90729,112.41655,final
2022-04-11,1,900114,RW2,199.0,65.296486,56.368176,132.76382,179.41425,438.94974,415.94205,114.54877,74.70346,105.46576,final
2022-04-21,1,900114,RW2,199.0,70.49246,54.223785,163.50252,173.00385,465.51758,432.1665,127.46984,94.66229,107.62892,final
2022-05-01,1,900114,RW2,199.0,21.070353,46.302177,156.8593,156.89413,437.82913,442.68945,50.817245,99.978485,98.91435,final
2022-05-11,1,900114,RW2,199.0,22.447237,39.647236,114.01005,140.1732,379.5226,440.19733,61.475784,81.977974,86.37128,final
2022-05-21,1,900114,RW2,199.0,93.0402,35.59849,136.55779,121.547905,438.1457,445.6144,241.48729,111.86102,98.34255,final
2022-06-01,1,900114,RW2,199.0,4.3366833,11.100838,119.82412,86.346565,408.32156,407.1231,57.988804,136.64896,100.2908,final
2022-06-11,1,900114,RW2,199.0,3.2311559,5.168677,100.60804,51.868008,347.38193,371.45544,80.94618,185.70729,93.60522,final
2022-06-21,1,900114,RW2,199.0,4.6180906,3.781407,12.18593,20.05092,312.24625,314.60266,109.5279,68.60399,99.2627,final
2022-07-01,1,900114,RW2,199.0,1.8492463,2.4951425,9.698493,11.445226,286.38193,254.68593,91.38247,89.37849,112.20552,final
2022-07-11,1,900114,RW2,199.0,1.557789,1.4680067,8.0251255,7.7445564,222.6432,199.78577,101.3881,102.201485,111.16164,final
2022-07-21,1,900114,RW2,199.0,7.1909547,3.1891122,10.59799,7.1522613,159.34169,148.75108,148.86784,128.35461,106.88815,final
2022-08-01,1,900114,RW2,199.0,8.251256,8.182077,17.0,12.839196,146.5226,110.63099,100.524796,123.32395,131.03978,final
2022-08-11,1,900114,RW2,199.0,8.462312,10.008375,23.904522,21.379564,132.53769,80.99213,89.69866,109.57165,159.94218,final
2022-08-21,1,900114,RW2,199.0,38.080402,14.69263,54.79397,32.883083,77.57789,60.086266,218.76408,157.83818,126.87452,final
2022-09-01,1,900114,RW2,199.0,15.768845,25.166666,62.311558,49.867672,89.010056,74.15209,68.847,122.67981,118.77141,final
2022-09-11,1,900114,RW2,199.0,26.61809,26.525795,80.46734,66.38509,112.39698,95.50922,100.292755,119.72715,116.8022,final
2022-09-21,1,900114,RW2,199.0,23.798994,27.825293,66.18593,79.51775,131.57788,119.5531,87.73415,84.226006,109.65434,final
2022-10-01,1,900114,RW2,199.0,27.673367,37.36918,78.090454,91.72027,157.40201,154.42714,77.11588,85.908005,101.865974,final
2022-10-11,1,900114,RW2,199.0,20.557789,45.16131,72.03015,110.35578,176.40201,198.12044,50.951202,66.77615,89.30761,final
2022-10-21,1,900114,RW2,199.0,54.44221,45.447067,102.67337,127.977554,223.65326,240.37839,117.830864,80.971085,93.183945,final
2022-11-01,1,900114,RW2,199.0,44.311558,51.59129,119.311554,142.19966,259.71356,283.7876,87.13631,84.45098,91.66376,final
2022-11-11,1,900114,RW2,199.0,65.60301,43.977386,164.35678,141.01575,316.85425,317.75662,144.15431,115.98528,99.72042,final
2022-11-21,1,900114,RW2,199.0,56.38191,48.07923,166.29648,143.6479,335.15576,351.14322,115.642044,115.23639,95.51095,final
2022-12-01,1,900114,RW2,199.0,46.83417,39.062145,168.81909,131.11876,366.22107,365.0387,117.63878,127.69665,100.31953,final
2022-12-11,1,900114,RW2,199.0,42.809044,36.573368,146.02512,123.71474,382.41205,375.08627,114.999214,117.3332,101.9274,final
2022-12-21,1,900114,RW2,199.0,48.27136,45.779396,137.91458,121.41491,406.88443,393.04037,104.90743,113.052,103.47805,final
2023-01-01,1,900114,RW2,199.0,28.125628,35.081406,119.206024,116.483246,407.3367,388.01407,82.64587,102.24128,104.91653,final
2023-01-11,1,900114,RW2,199.0,75.84422,34.221104,152.24121,115.44942,462.62317,377.39566,206.1243,130.54543,122.28779,final
2023-01-21,1,900114,RW2,199.0,62.894474,37.99933,166.86432,107.30184,471.07538,369.66885,157.89658,153.03784,127.065636,final
2023-02-01,1,900114,RW2,199.0,12.0251255,35.77923,150.76382,107.999664,438.78897,354.1628,41.749504,137.8445,123.562065,final
2023-02-11,1,900114,RW2,199.0,11.778894,42.139362,86.698494,115.91792,384.9648,351.84506,35.594234,75.83532,109.281265,final
2023-02-21,1,900114,RW2,199.0,28.055277,30.181408,51.8593,108.1,356.63818,333.41858,93.95666,50.27347,106.861206,final
2023-03-01,1,900114,RW2,199.0,27.165829,49.59213,67.0,121.912895,336.96985,346.3958,58.92027,56.731827,97.317566,final
2023-03-11,1,900114,RW2,199.0,74.69347,40.83635,129.91458,120.609886,368.8543,351.97723,173.8652,107.407616,104.72777,final
2023-03-21,1,900114,RW2,199.0,67.909546,60.63417,169.76884,151.06265,388.4925,366.46448,111.08473,111.986336,105.93004,final
2023-04-01,1,900114,RW2,199.0,79.231155,62.411892,221.83417,163.88242,439.59802,393.79498,124.94999,134.31485,111.48536,final
2023-04-11,1,900114,RW2,199.0,58.502514,56.368176,205.64322,179.41425,422.2563,415.94205,103.47792,114.22286,101.50002,final
2023-04-21,1,900114,RW2,199.0,102.29146,54.223785,240.02513,173.00385,461.65326,432.1665,181.16278,137.6516,106.74497,final
2023-05-01,1,900114,RW2,199.0,110.592964,46.302177,271.38693,156.89413,560.22107,442.68945,225.31786,170.72078,126.25294,final
2023-05-11,1,900114,RW2,199.0,18.673367,39.647236,231.5578,140.1732,567.11554,440.19733,53.02314,162.94867,128.5083,final
2023-05-21,1,900114,RW2,199.0,16.884422,35.59849,146.15076,121.547905,555.94464,445.6144,53.904522,119.441536,124.4844,final
2023-06-01,1,900114,RW2,199.0,1.8542714,11.100838,37.41206,86.346565,530.6331,407.1231,42.570896,46.429836,129.96921,final
2023-06-11,1,900114,RW2,199.0,1.5125629,5.168677,20.251257,51.868008,457.4523,371.45544,64.045334,44.403275,122.84384,final
2023-06-21,1,900114,RW2,199.0,2.0251257,3.781407,5.39196,20.05092,391.56787,314.60266,79.99999,41.483345,124.08153,final
2023-07-01,1,900114,RW2,199.0,1.361809,2.4951425,4.899498,11.445226,313.69852,254.68593,84.87909,60.196793,122.7246,final
2023-07-11,1,900114,RW2,199.0,0.83919597,1.4680067,4.2261305,7.7445564,256.03522,199.78577,90.278145,72.392715,127.46747,final
2023-07-21,1,900114,RW2,199.0,1.0954773,3.1891122,3.2964823,7.1522613,154.83922,148.75108,74.43392,68.271095,103.95974,final
2023-08-01,1,900114,RW2,199.0,2.522613,8.182077,4.4572864,12.839196,46.768845,110.63099,57.06698,53.014088,44.770737,final
2023-08-11,1,900114,RW2,199.0,2.8743718,10.008375,6.492462,21.379564,30.96985,80.99213,52.46652,43.565777,41.829235,final
2023-08-21,1,900114,RW2,199.0,3.8994975,14.69263,9.296482,32.883083,17.984924,60.086266,45.19202,37.738434,35.314552,final
2023-09-01,1,900114,RW2,199.0,28.226131,25.166666,35.0,49.867672,44.356785,74.15209,110.14188,72.90267,62.356895,final
2023-09-11,1,900114,RW2,199.0,39.70854,26.525795,71.83417,66.38509,82.552765,95.50922,141.81575,107.633354,87.10919,final
2023-09-21,1,900114,RW2,199.0,22.492462,27.825293,90.42714,79.51775,103.020096,119.5531,83.7539,112.90781,86.72614,final
2023-10-01,1,900114,RW2,199.0,22.065327,37.36918,84.26633,91.72027,123.72362,154.42714,63.879753,92.2933,80.74135,final
2023-10-11,1,900114,RW2,199.0,47.673367,45.16131,92.231155,110.35578,170.55779,198.12044,105.00796,84.28806,86.43039,final
2023-10-21,1,900114,RW2,199.0,31.648241,45.447067,101.38693,127.977554,201.11055,240.37839,72.64692,80.00368,83.99703,final
2023-11-01,1,900114,RW2,199.0,44.53769,51.59129,123.8593,142.19966,243.12563,283.7876,87.53589,87.54048,85.91977,final
2023-11-11,1,900114,RW2,199.0,43.77387,43.977386,119.95979,141.01575,284.02512,317.75662,99.584465,85.579666,89.548935,final
2023-11-21,1,900114,RW2,199.0,47.07035,48.07923,135.3819,143.6479,327.19598,351.14322,98.09929,94.4392,93.275955,final
2023-12-01,1,900114,RW2,199.0,22.361809,39.062145,113.20603,131.11876,321.33167,365.0387,62.098225,86.84037,88.18852,final
2023-12-11,1,900114,RW2,199.0,24.904522,36.573368,94.336685,123.71474,306.52762,375.08627,71.93192,77.17584,81.96234,final
2023-12-21,1,900114,RW2,199.0,74.78392,45.779396,122.05025,121.41491,358.8191,393.04037,157.11868,100.50259,91.40256,final
2024-01-01,1,900114,RW2,199.0,28.80402,35.081406,128.49246,116.483246,365.5578,388.01407,84.33841,109.88549,94.28614,final
2024-01-11,1,900114,RW2,199.0,30.53769,34.221104,134.12563,115.44942,348.42212,377.39566,90.60859,115.50543,92.42316,final
2024-01-21,1,900114,RW2,199.0,39.839195,37.99933,99.18091,107.30184,356.61307,369.66885,104.278824,92.768654,96.51538,final
2024-02-01,1,900114,RW2,199.0,17.809046,35.77923,88.18593,107.999664,329.88443,354.1628,55.933,82.46567,93.24029,final
2024-02-11,1,900114,RW2,199.0,33.507538,42.139362,91.15578,115.91792,319.6181,351.84506,81.68871,79.52152,90.96892,final
2024-02-21,1,900114,RW2,199.0,12.231155,30.181408,63.547737,108.1,284.77887,333.41858,48.978016,60.608078,85.62735,final
2024-03-01,1,900114,RW2,199.0,28.326633,49.59213,74.06532,121.912895,290.74374,346.3958,61.04659,62.29889,84.16257,final
2024-03-11,1,900114,RW2,199.0,23.261307,40.83635,63.819096,120.609886,289.10052,351.97723,61.656975,54.787956,82.38635,final
2024-03-21,1,900114,RW2,199.0,45.56784,60.63417,97.15578,151.06265,259.88443,366.46448,77.04499,65.45818,71.30815,final
2024-04-01,1,900114,RW2,199.0,58.306534,62.411892,127.13568,163.88242,289.38693,393.79498,93.910034,78.24123,73.81912,final
2024-04-11,1,900114,RW2,199.0,78.91457,56.368176,182.78894,179.41425,337.76382,415.94205,136.73956,101.829956,81.427795,final
2024-04-21,1,900114,RW2,199.0,112.34673,54.223785,249.56784,173.00385,410.27136,432.1665,198.14124,143.01254,94.99158,final
2024-05-01,1,900114,RW2,199.0,52.51759,46.302177,243.7789,156.89413,444.9799,442.68945,112.1153,153.66763,100.51161,final
2024-05-11,1,900114,RW2,199.0,17.964825,39.647236,182.82915,140.1732,429.43716,440.19733,51.43616,129.3828,97.58305,final
2024-05-21,1,900114,RW2,199.0,10.477386,35.59849,80.9598,121.547905,427.6834,445.6144,38.12306,67.92669,96.02077,final
2024-06-01,1,900114,RW2,199.0,2.2512562,11.100838,30.693468,86.346565,401.60803,407.1231,45.036514,39.074776,98.66179,final
2024-06-11,1,900114,RW2,199.0,1.5829146,5.168677,14.311557,51.868008,379.92963,371.45544,64.73718,33.958565,102.25104,final
2024-06-21,1,900114,RW2,199.0,1.7839196,3.781407,5.6180906,20.05092,336.1457,314.60266,77.25321,42.386032,106.74057,final
2024-07-01,1,900114,RW2,199.0,2.0251257,2.4951425,5.39196,11.445226,279.8643,254.68593,93.72904,63.191353,109.69571,final
2024-07-11,1,900114,RW2,199.0,0.8241206,1.4680067,4.633166,7.7445564,201.77388,199.78577,90.04506,75.58651,100.970825,final
2024-07-21,1,900114,RW2,199.0,1.0603015,3.1891122,3.9095478,7.1522613,90.48744,148.75108,74.00439,73.31596,62.105213,final
2024-08-01,1,900114,RW2,199.0,2.5276382,8.182077,4.4120603,12.839196,40.49749,110.63099,57.1051,52.760567,39.34714,final
2024-08-11,1,900114,RW2,199.0,5.4120603,10.008375,9.0,21.379564,27.944721,80.99213,69.375,53.071384,38.311325,final
2024-08-21,1,900114,RW2,199.0,12.125628,14.69263,20.065327,32.883083,29.592964,60.086266,86.96466,66.164955,53.149406,final
2024-09-01,1,900114,RW2,199.0,14.015076,25.166666,31.552765,49.867672,41.356785,74.15209,63.0334,66.61986,58.56672,final
2024-09-11,1,900114,RW2,199.0,8.819096,26.525795,34.9598,66.38509,48.592964,95.50922,43.834248,55.97779,53.321445,final
2024-09-21,1,900114,RW2,199.0,51.522614,27.825293,74.35678,79.51775,98.331665,119.5531,172.19225,93.89362,82.96194,final
2024-10-01,1,900114,RW2,199.0,45.135677,37.36918,105.47739,91.72027,141.44221,154.42714,118.330536,114.22361,91.85526,final
2024-10-11,1,900114,RW2,199.0,50.346733,45.16131,147.00504,110.35578,190.96481,198.12044,110.337494,131.77063,96.47715,final
2024-10-21,1,900114,RW2,199.0,43.718594,45.447067,139.201,127.977554,233.62311,240.37839,96.573685,108.44011,97.246994,final
2024-11-01,1,900114,RW2,199.0,99.46231,51.59129,193.52763,142.19966,330.5578,283.7876,184.59079,134.86963,116.195366,final
2024-11-11,1,900114,RW2,199.0,102.1407,43.977386,245.32161,141.01575,427.28644,317.75662,218.75546,171.43466,133.93573,final
2024-11-21,1,900114,RW2,199.0,107.84924,48.07923,309.45227,143.6479,523.0101,351.14322,212.60526,211.54167,148.2578,final
2024-12-01,1,900114,RW2,199.0,23.557789,39.062145,233.54773,131.11876,532.5528,365.0387,64.81252,175.24971,145.26935,final
2024-12-11,1,900114,RW2,199.0,28.316584,36.573368,159.72362,123.71474,552.0503,375.08627,80.139244,127.97572,146.5589,final
2024-12-21,1,900114,RW2,199.0,48.39196,45.779396,100.266335,121.41491,548.9196,393.04037,105.14493,83.27051,139.16167,final
2025-01-01,1,900114,RW2,199.0,10.80402,35.081406,87.51256,116.483246,514.58795,388.01407,39.429806,76.15252,132.20593,final
2025-01-11,1,900114,RW2,199.0,44.27136,34.221104,103.46734,115.44942,508.51257,377.39566,125.62461,90.05219,134.28828,final
2025-01-21,1,900114,RW2,199.0,51.527637,37.99933,106.60301,107.30184,516.32166,369.66885,131.46169,99.37772,139.14198,final
2025-02-01,1,900114,RW2,199.0,46.38191,35.77923,142.18091,107.999664,463.2412,354.1628,126.0002,130.24898,130.3702,final
2025-02-11,1,900114,RW2,199.0,27.9799,42.139362,125.88945,115.91792,389.08038,351.84506,69.96255,108.24653,110.43459,final
2025-02-21,1,900114,RW2,199.0,4.231156,30.181408,78.592964,108.1,285.46234,333.41858,26.238733,73.91067,85.829315,final
2025-03-01,1,900114,RW2,199.0,19.221106,49.59213,51.43216,121.912895,281.12564,346.3958,44.367393,44.465267,81.42546,final
2025-03-11,1,900114,RW2,199.0,34.477386,40.83635,57.92965,120.609886,287.28644,351.97723,86.12681,50.099285,81.878174,final
2025-03-21,1,900114,RW2,199.0,36.859295,60.63417,90.557785,151.06265,275.75375,366.46448,63.776676,61.230396,75.580246,final
2025-04-01,1,900114,RW2,199.0,71.798996,62.411892,143.13568,163.88242,336.74872,393.79498,113.924995,87.71528,85.695335,final
2025-04-11,1,900114,RW2,199.0,78.82412,56.368176,187.48242,179.41425,371.3015,415.94205,136.59216,104.37503,89.39509,final
2025-04-21,1,900114,RW2,199.0,91.949745,54.223785,242.57285,173.00385,411.7236,432.1665,163.70068,139.08286,95.32377,final
2025-05-01,1,900114,RW2,199.0,59.693466,46.302177,230.46733,156.89413,425.03516,442.68945,126.10277,145.44525,96.05657,final
2025-05-11,1,900114,RW2,199.0,41.87437,39.647236,193.5176,140.1732,438.9296,440.19733,104.98829,136.74535,99.71525,final
2025-05-21,1,900114,RW2,199.0,18.346733,35.59849,119.91457,121.547905,453.0452,445.6144,57.506405,98.70931,101.64903,final
2025-06-01,1,900114,RW2,199.0,13.643216,11.100838,73.86432,86.346565,447.46735,407.1231,115.790344,86.33529,109.78937,final
2025-06-11,1,900114,RW2,199.0,13.743718,5.168677,45.733665,51.868008,426.73364,371.45544,184.328,89.21302,114.68387,final
2025-06-21,1,900114,RW2,199.0,5.366834,3.781407,32.75377,20.05092,395.24115,314.60266,118.05437,150.70811,125.23086,final
2025-07-01,1,900114,RW2,199.0,2.2110553,2.4951425,21.321608,11.445226,325.65326,254.68593,96.20972,160.05623,127.32815,final
2025-07-11,1,900114,RW2,199.0,1.6180905,1.4680067,9.19598,7.7445564,248.44724,199.78577,102.32041,111.38857,123.76213,final
2025-07-21,1,900114,RW2,199.0,2.678392,3.1891122,6.507538,7.1522613,159.17587,148.75108,93.76343,94.69462,106.780304,final
2025-08-01,1,900114,RW2,199.0,23.291458,8.182077,27.58794,12.839196,122.773865,110.63099,214.62064,182.67607,110.501396,final
2025-08-11,1,900114,RW2,199.0,38.15578,10.008375,64.12563,21.379564,119.05527,80.99213,287.54465,262.04236,144.26352,final
2025-08-21,1,900114,RW2,199.0,7.758794,14.69263,69.20603,32.883083,108.46734,60.086266,64.78969,195.88171,174.33377,final
2025-09-01,1,900114,RW2,199.0,13.668342,25.166666,59.582916,49.867672,108.49246,74.15209,61.88401,117.70668,143.38528,final
2025-09-11,1,900114,RW2,199.0,27.055277,26.525795,48.482414,66.38509,121.80402,95.50922,101.67952,74.92098,126.16159,final
2025-09-21,1,900114,RW2,199.0,12.763819,27.825293,53.487434,79.51775,129.201,119.5531,54.11625,69.20136,107.74602,final
2025-10-01,1,900114,RW2,199.0,42.623116,37.36918,82.442215,91.72027,169.61307,154.42714,112.400375,90.40733,109.525314,final
2025-10-11,1,900114,RW2,199.0,26.211056,45.16131,81.59799,110.35578,194.20604,198.12044,62.22137,75.07035,98.07287,final
2025-10-21,1,900114,RW2,199.0,72.77387,45.447067,141.60803,127.977554,264.3015,240.37839,154.16927,110.25021,109.74948,final
2025-11-01,1,900114,RW2,199.0,56.427135,51.59129,155.41206,142.19966,297.43716,283.7876,108.54521,108.97584,104.7265,final
2025-11-11,1,900114,RW2,199.0,38.105526,43.977386,167.30653,141.01575,297.38693,317.75662,88.01108,118.00544,93.68884,final
2025-11-21,1,900114,RW2,199.0,32.396984,48.07923,126.92964,143.6479,322.02512,351.14322,70.45502,88.75311,91.82405,final
2025-12-01,1,900114,RW2,199.0,35.0402,39.062145,105.54271,131.11876,343.39697,365.0387,90.8721,81.21049,94.1515,final
2025-12-11,1,900114,RW2,199.0,36.663315,36.573368,104.100494,123.71474,353.005,375.08627,100.216354,84.76147,94.19046,final
2025-12-21,1,900114,RW2,199.0,68.18091,45.779396,139.88443,121.41491,408.42212,393.04037,144.11536,114.610245,103.86437,final
2026-01-01,1,900114,RW2,199.0,78.53769,35.081406,183.38191,116.483246,444.3367,388.01407,208.42006,155.06822,114.33095,final
2026-01-11,1,900114,RW2,199.0,36.653267,34.221104,183.37186,115.44942,454.7789,377.39566,106.20116,156.39084,120.236435,final
2026-01-21,1,900114,RW2,199.0,86.944725,37.99933,202.13568,107.30184,468.94977,369.66885,213.82828,184.4455,126.49831,final
2026-02-01,1,900114,RW2,199.0,37.060303,35.77923,160.6583,107.999664,449.58292,354.1628,103.14149,146.6007,126.56737,final
2026-02-11,1,900114,RW2,199.0,28.432161,42.139362,152.4372,115.91792,439.90955,351.84506,70.92196,130.20169,124.678635,final
2026-02-21,1,900114,RW2,199.0,29.859297,30.181408,95.35176,108.1,437.37186,333.41858,99.084435,88.72835,130.71738,final
2026-03-01,1,900114,RW2,199.0,50.83417,49.59213,109.125626,121.912895,453.16583,346.3958,102.27513,89.92437,130.38454,prelim
2026-03-11,1,900114,RW2,199.0,48.276382,40.83635,128.96985,120.609886,464.77887,351.97723,116.23173,106.6555,131.59912,prelim
2026-03-21,1,900114,RW2,199.0,48.090454,60.63417,147.201,151.06265,444.68842,366.46448,80.888435,97.52558,121.05825,prelim
2026-04-01,1,900114,RW2,199.0,28.819096,62.411892,125.18593,163.88242,394.96985,393.79498,50.167847,77.08673,100.2946,prelim
2026-04-11,1,900114,RW2,199.0,53.41206,56.368176,130.32161,179.41425,411.72864,415.94205,95.18298,73.37915,98.999054,forecast
2022-01-01,2,1011443,RW36,2.0,16.5,39.95,129.5,137.28334,374.5,434.8,47.83092,94.529686,86.28923,final
2022-01-11,2,1011443,RW36,2.0,64.0,36.35,137.5,129.13333,395.0,419.05,166.86821,106.23758,94.3285,final
2022-01-21,2,1011443,RW36,2.0,50.5,41.6,131.0,117.9,404.5,408.38333,119.09871,110.65907,99.06059,final
2022-02-01,2,1011443,RW36,2.0,52.0,37.866665,166.5,115.816666,407.0,394.15,132.97046,141.95062,103.219345,final
2022-02-11,2,1011443,RW36,2.0,78.0,43.133335,180.5,122.6,438.5,389.51666,172.43767,145.37617,112.41604,final
2022-02-21,2,1011443,RW36,2.0,25.5,32.766666,155.5,113.76667,436.0,375.31668,80.75905,135.13893,115.95599,final
2022-03-01,2,1011443,RW36,2.0,37.0,52.533333,140.5,128.43333,436.5,381.53333,73.00116,109.04321,114.22043,final
2022-03-11,2,1011443,RW36,2.0,60.5,42.35,123.0,127.65,441.0,379.38333,138.33157,96.49454,116.03,final
2022-03-21,2,1011443,RW36,2.0,45.5,60.366665,143.0,155.25,429.5,386.91666,77.2565,92.35569,110.8654,final
2022-04-01,2,1011443,RW36,2.0,30.5,55.183334,136.5,157.9,443.5,402.15,58.98643,86.863106,110.15596,final
2022-04-11,2,1011443,RW36,2.0,65.0,51.8,141.0,167.35,444.5,417.6,123.23943,84.71134,106.36536,final
2022-04-21,2,1011443,RW36,2.0,43.5,50.583332,139.0,157.56667,437.5,426.58334,87.25637,88.57905,102.52944,final
2022-05-01,2,1011443,RW36,2.0,25.0,48.65,133.5,151.03334,410.5,437.36667,55.917984,88.763084,93.926605,final
2022-05-11,2,1011443,RW36,2.0,37.0,42.466667,105.5,141.7,369.5,436.7,88.48314,75.32379,84.78605,final
2022-05-21,2,1011443,RW36,2.0,118.0,38.033333,180.0,129.15,462.0,441.96667,285.82495,137.90533,104.48206,final
2022-06-01,2,1011443,RW36,2.0,5.5,14.283334,160.5,94.78333,430.5,403.71667,54.451168,165.85936,106.55303,final
2022-06-11,2,1011443,RW36,2.0,14.5,8.216666,138.0,60.533333,384.5,369.58334,147.54099,218.20955,103.9822,final
2022-06-21,2,1011443,RW36,2.0,5.5,7.1666665,25.5,29.666666,344.5,316.38333,86.30138,87.980774,108.74864,final
2022-07-01,2,1011443,RW36,2.0,4.5,4.866667,24.5,20.25,318.5,266.06668,96.28378,116.83168,119.34333,final
2022-07-11,2,1011443,RW36,2.0,3.5,3.6333334,13.5,15.666667,257.0,217.9,98.455605,89.51612,117.541504,final
2022-07-21,2,1011443,RW36,2.0,17.5,6.0,25.5,14.5,231.0,173.31667,204.54546,156.41025,132.34882,final
2022-08-01,2,1011443,RW36,2.0,13.5,11.866667,34.5,21.5,219.5,136.53334,109.683784,149.0566,158.61987,final
2022-08-11,2,1011443,RW36,2.0,11.5,12.883333,42.5,30.75,194.0,106.95,92.26468,132.86713,177.75793,final
2022-08-21,2,1011443,RW36,2.0,23.5,18.816668,48.5,43.566666,99.5,87.73333,119.66409,110.15786,112.68872,final
2022-09-01,2,1011443,RW36,2.0,33.0,38.266666,68.0,69.96667,127.0,111.71667,87.82742,97.37661,113.09439,final
2022-09-11,2,1011443,RW36,2.0,35.5,41.766666,92.0,98.85,148.0,145.26666,86.60014,93.403946,101.81899,final
2022-09-21,2,1011443,RW36,2.0,43.5,37.866665,112.0,117.9,186.0,175.96666,113.141525,95.19935,105.544304,final
2022-10-01,2,1011443,RW36,2.0,43.0,46.983334,122.0,126.61667,224.5,218.08333,92.33729,96.49234,102.87635,final
2022-10-11,2,1011443,RW36,2.0,17.5,52.783333,104.0,137.63333,238.5,267.23334,38.938564,76.41972,89.44533,final
2022-10-21,2,1011443,RW36,2.0,76.5,51.516666,137.0,151.28334,297.5,312.75,144.20525,90.86061,95.20063,final
2022-11-01,2,1011443,RW36,2.0,59.5,51.8,153.5,156.1,343.5,352.68332,113.556335,98.38609,97.432556,final
2022-11-11,2,1011443,RW36,2.0,57.0,47.533333,193.0,150.85,389.0,387.33334,118.02031,127.04523,100.424805,final
2022-11-21,2,1011443,RW36,2.0,62.0,46.8,178.5,146.13333,427.5,415.31668,129.34363,121.41597,102.89861,final
2022-12-01,2,1011443,RW36,2.0,39.5,46.266666,158.5,140.6,434.0,423.31668,86.80104,112.293945,102.494255,final
2022-12-11,2,1011443,RW36,2.0,60.5,45.716667,162.0,138.78334,459.0,427.26666,129.14886,116.14697,107.34115,final
2022-12-21,2,1011443,RW36,2.0,51.5,53.416668,151.5,145.4,467.0,442.81668,96.71897,104.055855,105.400276,final
2023-01-01,2,1011443,RW36,2.0,34.5,39.95,146.5,137.28334,458.5,434.8,87.87541,106.47768,105.38882,final
2023-01-11,2,1011443,RW36,2.0,36.0,36.35,122.0,129.13333,477.0,419.05,99.15357,94.681915,113.66584,final
2023-01-21,2,1011443,RW36,2.0,55.5,41.6,126.0,117.9,456.0,408.38333,129.82834,106.59072,111.51877,final
2023-02-01,2,1011443,RW36,2.0,24.5,37.866665,116.0,115.816666,421.0,394.15,68.81805,100.15174,106.7268,final
2023-02-11,2,1011443,RW36,2.0,20.0,43.133335,100.0,122.6,384.0,389.51666,51.939056,82.2884,98.60166,final
2023-02-21,2,1011443,RW36,2.0,24.0,32.766666,68.5,113.76667,346.0,375.31668,76.78729,61.886047,92.29151,final
2023-03-01,2,1011443,RW36,2.0,34.5,52.533333,78.5,128.43333,341.0,381.53333,68.65585,62.578064,89.513626,final
2023-03-11,2,1011443,RW36,2.0,47.5,42.35,106.0,127.65,328.0,379.38333,110.87645,83.678856,86.63227,final
2023-03-21,2,1011443,RW36,2.0,75.5,60.366665,157.5,155.25,352.0,386.91666,123.15144,101.40406,91.0908,final
2023-04-01,2,1011443,RW36,2.0,73.0,55.183334,196.0,157.9,390.5,402.15,129.60399,123.38859,97.13865,final
2023-04-11,2,1011443,RW36,2.0,49.5,51.8,198.0,167.35,404.0,417.6,95.95071,117.78357,96.78183,final
2023-04-21,2,1011443,RW36,2.0,126.5,50.583332,249.0,157.56667,475.0,426.58334,236.58171,156.24359,111.21838,final
2023-05-01,2,1011443,RW36,2.0,173.5,48.65,349.5,151.03334,624.0,437.36667,332.712,227.19502,142.18974,final
2023-05-11,2,1011443,RW36,2.0,27.5,42.466667,327.5,141.7,631.5,436.7,68.4691,226.65303,144.10233,final
2023-05-21,2,1011443,RW36,2.0,21.5,38.033333,222.5,129.15,629.0,441.96667,61.58017,169.58629,141.84502,final
2023-06-01,2,1011443,RW36,2.0,2.0,14.283334,51.0,94.78333,596.5,403.71667,36.300777,56.1216,147.16795,final
2023-06-11,2,1011443,RW36,2.0,3.5,8.216666,27.0,60.533333,552.5,369.58334,64.31274,48.830112,148.83203,final
2023-06-21,2,1011443,RW36,2.0,7.5,7.1666665,13.0,29.666666,484.5,316.38333,102.73973,51.923077,152.31032,final
2023-07-01,2,1011443,RW36,2.0,8.0,4.866667,19.0,20.25,419.5,266.06668,131.75676,95.04951,156.60355,final
2023-07-11,2,1011443,RW36,2.0,2.0,3.6333334,17.5,15.666667,372.0,217.9,81.08108,108.87096,169.13414,final
2023-07-21,2,1011443,RW36,2.0,2.0,6.0,12.0,14.5,247.5,173.31667,63.636364,87.17949,141.60202,final
2023-08-01,2,1011443,RW36,2.0,4.5,11.866667,8.5,21.5,78.5,136.53334,56.324112,50.943398,58.9967,final
2023-08-11,2,1011443,RW36,2.0,9.5,12.883333,16.0,30.75,60.5,106.95,81.08108,58.74126,58.508266,final
2023-08-21,2,1011443,RW36,2.0,8.5,18.816668,22.5,43.566666,47.5,87.73333,56.68299,56.623196,56.613953,final
2023-09-01,2,1011443,RW36,2.0,48.0,38.266666,66.0,69.96667,93.5,111.71667,122.496155,94.708755,84.3924,final
2023-09-11,2,1011443,RW36,2.0,45.0,41.766666,101.5,98.85,135.0,145.26666,106.91376,102.55176,93.1677,final
2023-09-21,2,1011443,RW36,2.0,23.0,37.866665,116.0,117.9,150.5,175.96666,65.318825,98.454025,85.92743,final
2023-10-01,2,1011443,RW36,2.0,27.5,46.983334,95.5,126.61667,170.0,218.08333,62.52004,76.35811,78.44602,final
2023-10-11,2,1011443,RW36,2.0,44.0,52.783333,94.5,137.63333,212.0,267.23334,84.79954,69.75929,79.71103,final
2023-10-21,2,1011443,RW36,2.0,41.0,51.516666,112.5,151.28334,251.0,312.75,81.39192,75.18396,80.56648,final
2023-11-01,2,1011443,RW36,2.0,41.5,51.8,126.5,156.1,288.0,352.68332,81.866196,81.62631,81.91603,final
2023-11-11,2,1011443,RW36,2.0,43.5,47.533333,126.0,150.85,322.0,387.33334,92.322334,84.055176,83.347496,final
2023-11-21,2,1011443,RW36,2.0,37.0,46.8,122.0,146.13333,350.5,415.31668,81.08108,84.03176,84.57909,final
2023-12-01,2,1011443,RW36,2.0,22.5,46.266666,103.0,140.6,325.0,423.31668,53.641094,74.17582,77.0458,final
2023-12-11,2,1011443,RW36,2.0,24.5,45.716667,84.0,138.78334,304.5,427.26666,58.166283,61.898685,71.59932,final
2023-12-21,2,1011443,RW36,2.0,73.5,53.416668,120.5,145.4,355.0,442.81668,134.37946,83.44415,80.39004,final
2024-01-01,2,1011443,RW36,2.0,39.5,39.95,137.5,137.28334,367.0,434.8,98.998886,100.152275,84.5839,final
2024-01-11,2,1011443,RW36,2.0,29.5,36.35,142.5,129.13333,352.5,419.05,83.434105,109.9652,84.3061,final
2024-01-21,2,1011443,RW36,2.0,44.0,41.6,113.0,117.9,355.5,408.38333,105.15022,96.013016,87.20719,final
2024-02-01,2,1011443,RW36,2.0,11.0,37.866665,84.5,115.816666,325.0,394.15,37.32504,74.079185,82.67569,final
2024-02-11,2,1011443,RW36,2.0,33.0,43.133335,88.0,122.6,314.5,389.51666,78.947365,72.88401,80.98517,final
2024-02-21,2,1011443,RW36,2.0,11.5,32.766666,55.5,113.76667,289.0,375.31668,43.68932,50.940216,77.304,final
2024-03-01,2,1011443,RW36,2.0,36.0,52.533333,80.5,128.43333,302.5,381.53333,71.26304,64.07694,79.55329,final
2024-03-11,2,1011443,RW36,2.0,23.0,42.35,70.5,127.65,301.0,379.38333,59.13411,56.916702,79.60803,final
2024-03-21,2,1011443,RW36,2.0,50.5,60.366665,109.5,155.25,278.0,386.91666,84.90566,71.45086,72.20923,final
2024-04-01,2,1011443,RW36,2.0,41.5,55.183334,115.0,157.9,280.0,402.15,77.263916,73.664825,69.99877,final
2024-04-11,2,1011443,RW36,2.0,85.5,51.8,177.5,167.35,336.0,417.6,159.331,105.889175,80.69096,final
2024-04-21,2,1011443,RW36,2.0,76.0,50.583332,203.0,157.56667,368.0,426.58334,145.72714,127.94751,86.42595,final
2024-05-01,2,1011443,RW36,2.0,38.5,48.65,200.0,151.03334,395.5,437.36667,81.08108,131.38217,90.53575,final
2024-05-11,2,1011443,RW36,2.0,26.5,42.466667,141.0,141.7,389.0,436.7,66.36236,99.522835,89.20081,final
2024-05-21,2,1011443,RW36,2.0,22.5,38.033333,87.5,129.15,400.0,441.96667,63.903954,68.95267,90.61079,final
2024-06-01,2,1011443,RW36,2.0,4.0,14.283334,53.0,94.78333,368.0,403.71667,46.672432,58.12594,91.26126,final
2024-06-11,2,1011443,RW36,2.0,4.0,8.216666,30.5,60.533333,349.0,369.58334,68.09584,54.170906,94.505,final
2024-06-21,2,1011443,RW36,2.0,4.0,7.1666665,12.0,29.666666,302.5,316.38333,73.97261,49.038464,95.68014,final
2024-07-01,2,1011443,RW36,2.0,6.0,4.866667,14.0,20.25,267.0,266.06668,111.48648,75.24753,100.344315,final
2024-07-11,2,1011443,RW36,2.0,2.0,3.6333334,12.0,15.666667,183.5,217.9,81.08108,82.25806,84.56707,final
2024-07-21,2,1011443,RW36,2.0,3.0,6.0,11.0,14.5,110.5,173.31667,72.72727,82.051285,64.77241,final
2024-08-01,2,1011443,RW36,2.0,4.0,11.866667,9.0,21.5,76.0,136.53334,53.35968,52.83019,57.23033,final
2024-08-11,2,1011443,RW36,2.0,9.5,12.883333,16.5,30.75,59.0,106.95,81.08108,60.13986,57.16838,final
2024-08-21,2,1011443,RW36,2.0,18.0,18.816668,31.5,43.566666,54.5,87.73333,96.57102,75.15443,64.162476,final
2024-09-01,2,1011443,RW36,2.0,25.0,38.266666,52.5,69.96667,75.5,111.71667,69.33745,76.70075,68.97044,final
2024-09-11,2,1011443,RW36,2.0,17.0,41.766666,60.0,98.85,88.5,145.26666,47.042053,62.59028,62.222717,final
2024-09-21,2,1011443,RW36,2.0,60.0,37.866665,102.0,117.9,144.5,175.96666,151.63298,87.06265,82.6119,final
2024-10-01,2,1011443,RW36,2.0,54.5,46.983334,131.5,126.61667,193.0,218.08333,114.45976,103.710266,88.75607,final
2024-10-11,2,1011443,RW36,2.0,27.5,52.783333,142.0,137.63333,218.5,267.23334,56.244595,103.06146,82.09869,final
2024-10-21,2,1011443,RW36,2.0,59.0,51.516666,141.0,151.28334,274.5,312.75,113.24094,93.42007,87.962234,final
2024-11-01,2,1011443,RW36,2.0,98.5,51.8,185.0,156.1,369.0,352.68332,182.2183,117.93916,104.56177,final
2024-11-11,2,1011443,RW36,2.0,98.5,47.533333,256.0,150.85,458.0,387.33334,197.01776,167.46872,118.011894,final
2024-11-21,2,1011443,RW36,2.0,77.0,46.8,274.0,146.13333,517.0,415.31668,158.30116,184.60521,124.19207,final
2024-12-01,2,1011443,RW36,2.0,18.0,46.266666,193.5,140.6,510.0,423.31668,44.86346,136.33241,120.23814,final
2024-12-11,2,1011443,RW36,2.0,46.0,45.716667,141.0,138.78334,539.0,427.26666,100.55866,101.541664,125.84824,final
2024-12-21,2,1011443,RW36,2.0,47.5,53.416668,111.5,145.4,526.5,442.81668,89.87161,77.46011,118.686966,final
2025-01-01,2,1011443,RW36,2.0,24.5,39.95,118.0,137.28334,496.5,434.8,65.62847,86.44723,114.029106,final
2025-01-11,2,1011443,RW36,2.0,47.5,36.35,119.5,129.13333,516.5,419.05,126.964935,92.81809,122.98079,final
2025-01-21,2,1011443,RW36,2.0,46.0,41.6,118.0,117.9,503.5,408.38333,109.44207,100.08136,123.009315,final
2025-02-01,2,1011443,RW36,2.0,50.5,37.866665,144.0,115.816666,455.5,394.15,129.47124,123.32735,115.37016,final
2025-02-11,2,1011443,RW36,2.0,56.5,43.133335,153.0,122.6,413.5,389.51666,127.77008,123.824455,106.07917,final
2025-02-21,2,1011443,RW36,2.0,9.0,32.766666,116.0,113.76667,345.5,375.31668,37.069725,101.88043,92.16004,final
2025-03-01,2,1011443,RW36,2.0,30.0,52.533333,95.5,128.43333,357.5,381.53333,60.8343,75.31851,93.78234,final
2025-03-11,2,1011443,RW36,2.0,37.5,42.35,76.5,127.65,349.0,379.38333,89.75713,61.439884,92.095566,final
2025-03-21,2,1011443,RW36,2.0,37.0,60.366665,104.5,155.25,338.5,386.91666,64.25293,68.330734,87.64619,final
2025-04-01,2,1011443,RW36,2.0,63.5,55.183334,138.0,157.9,377.5,402.15,113.818886,87.78392,93.945724,final
2025-04-11,2,1011443,RW36,2.0,98.0,51.8,198.5,167.35,428.0,417.6,181.33804,118.07368,102.46095,final
2025-04-21,2,1011443,RW36,2.0,28.0,50.583332,189.5,157.56667,410.0,426.58334,59.370316,119.64323,96.157555,final
2025-05-01,2,1011443,RW36,2.0,61.5,48.65,187.5,151.03334,421.0,437.36667,123.95153,123.37106,96.3002,final
2025-05-11,2,1011443,RW36,2.0,51.0,42.466667,140.5,141.7,415.5,436.7,117.97752,99.18201,95.20036,final
2025-05-21,2,1011443,RW36,2.0,16.0,38.033333,128.5,129.15,422.5,441.96667,48.79938,99.51547,95.644714,final
2025-06-01,2,1011443,RW36,2.0,19.5,14.283334,86.5,94.78333,412.0,403.71667,127.05273,91.698685,102.026665,final
2025-06-11,2,1011443,RW36,2.0,12.5,8.216666,48.0,60.533333,387.0,369.58334,132.40858,80.87487,104.649605,final
2025-06-21,2,1011443,RW36,2.0,9.0,7.1666665,41.0,29.666666,359.0,316.38333,115.0685,132.6923,113.26039,final
2025-07-01,2,1011443,RW36,2.0,5.0,4.866667,26.5,20.25,300.5,266.06668,101.35134,124.75247,112.702896,final
2025-07-11,2,1011443,RW36,2.0,7.5,3.6333334,21.5,15.666667,210.0,217.9,144.78764,128.2258,96.45581,final
2025-07-21,2,1011443,RW36,2.0,3.5,6.0,16.0,14.5,185.5,173.31667,77.27273,107.692314,106.83241,final
2025-08-01,2,1011443,RW36,2.0,32.5,11.866667,43.5,21.5,156.5,136.53334,222.33203,183.01886,114.10739,final
2025-08-11,2,1011443,RW36,2.0,62.0,12.883333,98.0,30.75,167.5,106.95,374.6505,288.11188,154.08665,final
2025-08-21,2,1011443,RW36,2.0,21.5,18.816668,116.0,43.566666,173.0,87.73333,111.26662,249.14207,191.94824,final
2025-09-01,2,1011443,RW36,2.0,22.5,38.266666,106.0,69.96667,176.0,111.71667,63.559322,148.06581,155.0764,final
2025-09-11,2,1011443,RW36,2.0,34.0,41.766666,78.0,98.85,197.5,145.26666,83.39273,79.922966,134.76042,final
2025-09-21,2,1011443,RW36,2.0,16.0,37.866665,72.5,117.9,204.5,175.96666,48.989113,63.059395,115.76718,final
2025-10-01,2,1011443,RW36,2.0,59.5,46.983334,109.5,126.61667,259.0,218.08333,124.078224,86.995056,118.34143,final
2025-10-11,2,1011443,RW36,2.0,38.5,52.783333,114.0,137.63333,290.0,267.23334,75.28122,83.43071,108.36292,final
2025-10-21,2,1011443,RW36,2.0,46.5,51.516666,144.5,151.28334,333.0,312.75,91.123566,95.65959,106.37294,final
2025-11-01,2,1011443,RW36,2.0,35.0,51.8,120.0,156.1,335.5,352.68332,70.42254,77.59155,95.195946,final
2025-11-11,2,1011443,RW36,2.0,56.5,47.533333,138.0,150.85,330.0,387.33334,117.06853,91.75489,85.38657,final
2025-11-21,2,1011443,RW36,2.0,84.0,46.8,175.5,146.13333,392.5,415.31668,171.81468,119.43097,94.57155,final
2025-12-01,2,1011443,RW36,2.0,46.5,46.266666,187.0,140.6,416.5,423.31668,100.45514,131.86812,98.40849,final
2025-12-11,2,1011443,RW36,2.0,44.0,45.716667,174.5,138.78334,426.5,427.26666,96.61518,124.84061,99.82264,final
2025-12-21,2,1011443,RW36,2.0,72.0,53.416668,162.5,145.4,482.5,442.81668,131.81169,111.36968,108.8615,final
2026-01-01,2,1011443,RW36,2.0,83.5,39.95,199.5,137.28334,506.5,434.8,196.88544,143.7273,116.30287,final
2026-01-11,2,1011443,RW36,2.0,14.5,36.35,170.0,129.13333,482.5,419.05,47.158405,130.4672,114.96286,final
2026-01-21,2,1011443,RW36,2.0,100.5,41.6,198.5,117.9,536.5,408.38333,226.39487,165.58177,130.99222,final
2026-02-01,2,1011443,RW36,2.0,42.5,37.866665,157.5,115.816666,544.0,394.15,110.808716,134.50131,137.54228,final
2026-02-11,2,1011443,RW36,2.0,27.5,43.133335,170.5,122.6,515.0,389.51666,67.520775,137.53918,131.80685,final
2026-02-21,2,1011443,RW36,2.0,32.5,32.766666,102.5,113.76667,463.5,375.31668,99.293915,90.51361,123.18681,final
2026-03-01,2,1011443,RW36,2.0,56.0,52.533333,116.0,128.43333,473.0,381.53333,106.02549,90.68199,123.66333,prelim
2026-03-11,2,1011443,RW36,2.0,49.0,42.35,137.5,127.65,478.0,379.38333,114.04436,107.42556,125.655815,prelim
2026-03-21,2,1011443,RW36,2.0,48.5,60.366665,153.5,155.25,454.5,386.91666,81.84599,98.90795,117.244316,prelim
2026-04-01,2,1011443,RW36,2.0,37.5,55.183334,135.0,157.9,408.5,402.15,70.61755,85.9423,101.55962,prelim
2026-04-11,2,1011443,RW36,2.0,52.0,51.8,138.0,167.35,446.0,417.6,100.35211,82.970695,106.72031,forecast
2022-01-01,2,1011444,RW57,41.0,8.756098,25.669106,96.29269,87.15691,288.41464,315.18942,44.85327,109.91328,91.63783,final
2022-01-11,2,1011444,RW57,41.0,60.560974,24.311382,121.560974,85.86016,312.80487,303.26178,223.6707,139.29204,103.09577,final
2022-01-21,2,1011444,RW57,41.0,26.414635,27.619513,95.731705,77.6,294.65857,291.4,96.30626,121.951225,101.09938,final
2022-02-01,2,1011444,RW57,41.0,29.658537,25.347967,116.63415,77.27886,302.70734,271.66016,114.20382,147.83159,111.22214,final
2022-02-11,2,1011444,RW57,41.0,55.585365,29.209757,111.65854,82.17724,328.43903,263.81546,177.09969,133.81766,124.04013,final
2022-02-21,2,1011444,RW57,41.0,33.292683,23.110569,118.53659,77.66829,315.48782,243.69186,136.22166,149.4365,128.86945,final
2022-03-01,2,1011444,RW57,41.0,31.731707,43.055283,120.60976,95.37561,333.53662,259.81137,76.436356,125.13971,127.84066,final
2022-03-11,2,1011444,RW57,41.0,49.585365,36.798374,114.60976,102.964226,347.82928,271.00162,130.59207,110.786476,127.83595,final
2022-03-21,2,1011444,RW57,41.0,27.243902,53.117073,108.560974,132.97073,322.82925,288.239,55.48095,82.30802,111.79593,final
2022-04-01,2,1011444,RW57,41.0,24.707317,54.00488,101.53659,143.92032,338.78046,316.5748,50.34722,71.53932,106.90528,final
2022-04-11,2,1011444,RW57,41.0,49.634148,48.057724,101.585365,155.17967,327.85364,340.32114,102.971146,66.54113,96.389595,final
2022-04-21,2,1011444,RW57,41.0,80.12195,42.608944,154.46341,144.67154,381.56097,355.31058,178.79402,106.542244,107.285484,final
2022-05-01,2,1011444,RW57,41.0,18.975609,33.930893,148.73172,124.597565,370.87805,363.8935,61.585045,118.62238,101.89338,final
2022-05-11,2,1011444,RW57,41.0,6.0731707,28.591871,105.17073,105.13171,321.36588,363.2756,32.96384,100.03543,88.62001,final
2022-05-21,2,1011444,RW57,41.0,55.609756,22.96992,80.65854,85.49268,343.68292,363.13498,216.69621,94.65797,94.71606,final
2022-06-01,2,1011444,RW57,41.0,3.5609756,7.510569,65.243904,59.072357,315.5122,327.59024,68.429955,109.63215,96.36849,final
2022-06-11,2,1011444,RW57,41.0,1.9756098,3.5219512,61.14634,34.002438,267.90244,294.3138,81.85461,169.5954,91.176025,final
2022-06-21,2,1011444,RW57,41.0,2.2682927,2.6227643,7.804878,13.655285,242.92683,243.8195,95.34982,68.63941,99.64124,final
2022-07-01,2,1011444,RW57,41.0,1.1707317,1.692683,5.4146338,7.8373985,219.39026,191.50731,92.201164,81.12729,114.18927,final
2022-07-11,2,1011444,RW57,41.0,1.1219512,0.85365856,4.5609756,5.1691055,170.87805,144.30325,104.58332,94.01983,117.79921,final
2022-07-21,2,1011444,RW57,41.0,2.9756098,1.8308944,5.2682924,4.377236,93.731705,103.5252,116.75792,109.50234,90.97583,final
2022-08-01,2,1011444,RW57,41.0,2.682927,4.992683,6.780488,7.6772356,77.439026,74.58699,76.88553,92.926315,103.58355,final
2022-08-11,2,1011444,RW57,41.0,4.6829267,5.774797,10.341463,12.598374,76.04878,51.769917,89.86643,87.17546,142.76714,final
2022-08-21,2,1011444,RW57,41.0,21.341463,9.106504,28.707317,19.873983,41.780487,37.906506,186.73274,135.51234,109.028885,final
2022-09-01,2,1011444,RW57,41.0,5.878049,16.501627,31.90244,31.382927,44.09756,46.89756,50.591747,101.4279,94.60476,final
2022-09-11,2,1011444,RW57,41.0,19.04878,18.42439,46.268295,44.03252,61.17073,61.8,102.66556,104.55978,99.057976,final
2022-09-21,2,1011444,RW57,41.0,15.341463,19.609756,40.268295,54.535774,74.2439,78.786995,82.65609,76.03545,94.577805,final
2022-10-01,2,1011444,RW57,41.0,15.317073,29.91057,49.707317,67.94472,88.390236,107.00488,58.197487,74.99832,83.3805,final
2022-10-11,2,1011444,RW57,41.0,14.804878,36.430893,45.463413,85.95122,102.073166,142.5821,47.8022,55.484043,72.55159,final
2022-10-21,2,1011444,RW57,41.0,31.707317,39.01382,61.82927,105.355286,130.80487,179.76505,83.39952,60.558285,73.50138,final
2022-11-01,2,1011444,RW57,41.0,24.682926,45.547966,71.19512,120.99268,152.80487,220.32033,58.722294,60.475834,70.03579,final
2022-11-11,2,1011444,RW57,41.0,51.90244,36.66585,108.29268,121.227646,200.02438,251.21138,136.56853,89.75267,80.021576,final
2022-11-21,2,1011444,RW57,41.0,46.439026,42.9252,123.02439,125.13902,225.12195,285.0301,107.331894,98.37509,79.34416,final
2022-12-01,2,1011444,RW57,41.0,47.19512,29.905691,145.53659,109.49675,266.43903,298.43414,149.53183,131.47673,89.455666,final
2022-12-11,2,1011444,RW57,41.0,28.341463,26.860163,121.97561,99.691055,275.7317,306.8699,104.649376,121.28601,90.01564,final
2022-12-21,2,1011444,RW57,41.0,31.829268,34.91301,107.36585,91.67886,292.21948,322.17316,92.27385,116.225876,90.8447,final
2023-01-01,2,1011444,RW57,41.0,17.365854,25.669106,77.53658,87.15691,294.26828,315.18942,72.92634,89.56093,93.46601,final
2023-01-11,2,1011444,RW57,41.0,48.80488,24.311382,98.0,85.86016,328.26825,303.26178,183.5631,113.361015,108.11208,final
2023-01-21,2,1011444,RW57,41.0,53.97561,27.619513,120.14634,77.6,350.5366,291.4,180.79855,151.5089,119.951614,final
2023-02-01,2,1011444,RW57,41.0,6.219512,25.347967,109.0,77.27886,332.07318,271.66016,36.969566,138.5532,121.83654,final
2023-02-11,2,1011444,RW57,41.0,5.268293,29.209757,65.46342,82.17724,285.43903,263.81546,30.01569,80.82777,108.044014,final
2023-02-21,2,1011444,RW57,41.0,21.634146,23.110569,33.12195,77.66829,260.63416,243.69186,94.7478,46.114357,106.81256,final
2023-03-01,2,1011444,RW57,41.0,20.268293,43.055283,47.17073,95.37561,233.70732,259.81137,52.581715,51.975506,90.1424,final
2023-03-11,2,1011444,RW57,41.0,74.29269,36.798374,116.19513,102.964226,279.65854,271.00162,189.70279,112.25489,103.13655,final
2023-03-21,2,1011444,RW57,41.0,55.317074,53.117073,149.87805,132.97073,303.14633,288.239,103.78547,112.25427,105.08368,final
2023-04-01,2,1011444,RW57,41.0,59.756096,54.00488,189.36584,143.92032,345.5366,316.5748,109.74702,130.51668,109.00624,final
2023-04-11,2,1011444,RW57,41.0,55.92683,48.057724,171.0,155.17967,352.65854,340.32114,114.83122,109.87661,103.57274,final
2023-04-21,2,1011444,RW57,41.0,60.97561,42.608944,176.65854,144.67154,359.65854,355.31058,138.57817,121.37146,101.20673,final
2023-05-01,2,1011444,RW57,41.0,47.121952,33.930893,164.02438,124.597565,400.56097,363.8935,133.88327,130.4225,109.939865,final
2023-05-11,2,1011444,RW57,41.0,11.780488,28.591871,119.87805,105.13171,407.07318,363.2756,49.95401,113.38974,111.89261,final
2023-05-21,2,1011444,RW57,41.0,12.219512,22.96992,71.12195,85.49268,397.65854,363.13498,61.5644,84.11945,109.37796,final
2023-06-01,2,1011444,RW57,41.0,1.7317073,7.510569,25.731707,59.072357,379.12195,327.59024,53.808167,47.96406,115.49405,final
2023-06-11,2,1011444,RW57,41.0,1.2439024,3.5219512,15.195122,34.002438,306.07318,294.3138,73.268456,51.77913,103.92878,final
2023-06-21,2,1011444,RW57,41.0,1.0243902,2.6227643,4.0,13.655285,251.78047,243.8195,79.03157,48.243702,103.19949,final
2023-07-01,2,1011444,RW57,41.0,0.85365856,1.692683,3.121951,7.8373985,192.87802,191.50731,87.463554,63.267887,100.69754,final
2023-07-11,2,1011444,RW57,41.0,0.36585367,0.85365856,2.2439024,5.1691055,137.31706,144.30325,91.66667,71.23441,95.3208,final
2023-07-21,2,1011444,RW57,41.0,0.80487806,1.8308944,2.0243902,4.377236,77.14634,103.5252,84.97977,74.908966,75.69334,final
2023-08-01,2,1011444,RW57,41.0,1.4146341,4.992683,2.5853658,7.6772356,31.439026,74.58699,64.193306,59.83454,45.785152,final
2023-08-11,2,1011444,RW57,41.0,1.6585366,5.774797,3.878049,12.598374,21.317076,51.769917,61.79732,50.44812,46.357433,final
2023-08-21,2,1011444,RW57,41.0,2.1707318,9.106504,5.243902,19.873983,11.268293,37.906506,50.8328,41.1832,37.91568,final
2023-09-01,2,1011444,RW57,41.0,12.804878,16.501627,16.634148,31.382927,22.341465,46.89756,82.80712,59.462364,52.683525,final
2023-09-11,2,1011444,RW57,41.0,32.682926,18.42439,47.658535,44.03252,53.780487,61.8,160.87047,107.39513,87.994736,final
2023-09-21,2,1011444,RW57,41.0,15.609756,19.609756,61.09756,54.535774,68.36585,78.786995,83.746284,111.02159,87.56234,final
2023-10-01,2,1011444,RW57,41.0,16.780487,29.91057,65.073166,67.94472,84.29268,107.00488,62.38938,96.063385,79.72213,final
2023-10-11,2,1011444,RW57,41.0,39.243904,36.430893,71.63415,85.95122,123.17073,142.5821,106.78965,84.258514,86.84707,final
2023-10-21,2,1011444,RW57,41.0,26.024391,39.01382,82.04878,105.355286,148.39024,179.76505,70.48784,78.880486,83.01908,final
2023-11-01,2,1011444,RW57,41.0,34.048782,45.547966,99.31708,120.99268,181.0244,220.32033,77.250946,82.796135,82.559975,final
2023-11-11,2,1011444,RW57,41.0,28.926828,36.66585,89.0,121.227646,208.2927,251.21138,81.42598,74.46863,83.248726,final
2023-11-21,2,1011444,RW57,41.0,46.634148,42.9252,109.60976,125.13902,252.7561,285.0301,107.73903,88.06718,88.87219,final
2023-12-01,2,1011444,RW57,41.0,20.658537,29.905691,96.21951,109.49675,260.60977,298.43414,73.50817,88.40383,87.53457,final
2023-12-11,2,1011444,RW57,41.0,27.219513,26.860163,94.5122,99.691055,255.14636,306.8699,101.1279,95.0532,83.41502,final
2023-12-21,2,1011444,RW57,41.0,56.26829,34.91301,104.14635,91.67886,295.80487,322.17316,153.50456,112.895775,91.94057,final
2024-01-01,2,1011444,RW57,41.0,20.09756,25.669106,103.58537,87.15691,299.12195,315.18942,81.83336,117.826614,94.98189,final
2024-01-11,2,1011444,RW57,41.0,25.463415,24.311382,101.82927,85.86016,285.34146,303.26178,103.93033,117.57548,94.18666,final
2024-01-21,2,1011444,RW57,41.0,25.756098,27.619513,71.31707,77.6,285.07318,291.4,94.28742,92.39355,97.86545,final
2024-02-01,2,1011444,RW57,41.0,18.756098,25.347967,69.97561,77.27886,269.7805,271.66016,78.279045,91.12378,99.32059,final
2024-02-11,2,1011444,RW57,41.0,22.414635,29.209757,66.926834,82.17724,263.2683,263.81546,80.136894,82.50644,99.796455,final
2024-02-21,2,1011444,RW57,41.0,11.170732,23.110569,52.34146,77.66829,227.80489,243.69186,57.52545,69.36331,93.611786,final
2024-03-01,2,1011444,RW57,41.0,25.95122,43.055283,59.536583,95.37561,233.09756,259.81137,64.407524,64.29508,89.91214,final
2024-03-11,2,1011444,RW57,41.0,17.414635,36.798374,54.536587,102.964226,223.2927,271.00162,53.625614,55.144733,82.71426,final
2024-03-21,2,1011444,RW57,41.0,33.0,53.117073,76.36585,132.97073,200.02438,288.239,65.38526,58.97327,69.91716,final
2024-04-01,2,1011444,RW57,41.0,58.390244,54.00488,108.80488,143.92032,238.31706,316.5748,107.43221,76.41998,75.66422,final
2024-04-11,2,1011444,RW57,41.0,57.878048,48.057724,149.2683,155.17967,270.7317,340.32114,118.50876,96.30953,79.8479,final
2024-04-21,2,1011444,RW57,41.0,76.97561,42.608944,193.2439,144.67154,321.9512,355.31058,172.18532,132.45264,90.7415,final
2024-05-01,2,1011444,RW57,41.0,32.121952,33.930893,166.9756,124.597565,335.31708,363.8935,95.353455,132.69972,92.25348,final
2024-05-11,2,1011444,RW57,41.0,8.609756,28.591871,117.70732,105.13171,321.5122,363.2756,40.515026,111.4187,88.659744,final
2024-05-21,2,1011444,RW57,41.0,4.878049,22.96992,45.609756,85.49268,315.21954,363.13498,35.31669,55.926907,86.984276,final
2024-06-01,2,1011444,RW57,41.0,1.8780488,7.510569,15.365854,59.072357,291.14636,327.59024,54.977905,31.785711,89.042404,final
2024-06-11,2,1011444,RW57,41.0,1.1463414,3.5219512,7.902439,34.002438,274.87802,294.3138,72.123634,33.08111,93.50655,final
2024-06-21,2,1011444,RW57,41.0,1.1219512,2.6227643,4.1463413,13.655285,243.0,243.8195,80.31143,49.028152,99.67064,final
2024-07-01,2,1011444,RW57,41.0,0.8292683,1.692683,3.097561,7.8373985,185.43903,191.50731,87.09912,63.077896,96.911934,final
2024-07-11,2,1011444,RW57,41.0,0.63414633,0.85365856,2.5853658,5.1691055,128.19513,144.30325,96.25,74.59226,89.211136,final
2024-07-21,2,1011444,RW57,41.0,0.8292683,1.8308944,2.292683,4.377236,52.048786,103.5252,85.33682,77.77007,52.567314,final
2024-08-01,2,1011444,RW57,41.0,1.5365853,4.992683,3.0,7.6772356,21.463413,74.58699,65.41371,63.105236,33.250927,final
2024-08-11,2,1011444,RW57,41.0,3.804878,5.774797,6.1707315,12.598374,16.658537,51.769917,81.71734,63.47593,38.151436,final
2024-08-21,2,1011444,RW57,41.0,9.512196,9.106504,14.853659,19.873983,21.292683,37.906506,102.875916,79.81697,61.27901,final
2024-09-01,2,1011444,RW57,41.0,11.487804,16.501627,24.804878,31.382927,30.90244,46.89756,76.68166,81.91995,69.179436,final
2024-09-11,2,1011444,RW57,41.0,4.02439,18.42439,25.024391,44.03252,33.780487,61.8,38.525616,61.233627,58.05462,final
2024-09-21,2,1011444,RW57,41.0,38.780487,19.609756,54.292683,54.535774,71.439026,78.786995,177.89891,99.59169,91.23018,final
2024-10-01,2,1011444,RW57,41.0,33.585365,29.91057,76.39024,67.94472,104.19512,107.00488,110.52631,111.57799,97.491394,final
2024-10-11,2,1011444,RW57,41.0,54.292683,36.430893,126.65854,85.95122,157.85365,142.5821,143.11226,144.75732,110.34783,final
2024-10-21,2,1011444,RW57,41.0,20.439024,39.01382,108.31708,105.355286,177.46341,179.76505,57.797806,102.68387,98.754295,final
2024-11-01,2,1011444,RW57,41.0,67.731705,45.547966,142.46341,120.99268,243.65854,220.32033,143.8865,117.04125,110.357796,final
2024-11-11,2,1011444,RW57,41.0,75.12195,36.66585,163.29268,121.227646,314.9756,251.21138,192.29643,133.32474,124.887344,final
2024-11-21,2,1011444,RW57,41.0,95.07317,42.9252,237.92682,125.13902,400.5366,285.0301,208.81116,186.66716,139.82568,final
2024-12-01,2,1011444,RW57,41.0,18.170732,29.905691,188.36586,109.49675,407.2195,298.43414,66.38095,168.88327,135.8514,final
2024-12-11,2,1011444,RW57,41.0,18.829268,26.860163,132.07317,99.691055,422.0244,306.8699,74.793304,130.93112,136.9239,final
2024-12-21,2,1011444,RW57,41.0,36.560974,34.91301,73.560974,91.67886,419.80487,322.17316,104.12888,81.25972,129.84099,final
2025-01-01,2,1011444,RW57,41.0,4.3170733,25.669106,59.707317,87.15691,390.5366,315.18942,30.379347,70.21429,123.53206,final
2025-01-11,2,1011444,RW57,41.0,28.829268,24.311382,69.70731,85.86016,365.07315,303.26178,115.41343,82.2223,120.05159,final
2025-01-21,2,1011444,RW57,41.0,40.634148,27.619513,73.78049,77.6,385.26828,291.4,139.8983,95.37589,131.66946,final
2025-02-01,2,1011444,RW57,41.0,30.121952,25.347967,99.58537,77.27886,347.65854,271.66016,115.73082,127.11086,127.46995,final
2025-02-11,2,1011444,RW57,41.0,13.829268,29.209757,84.58537,82.17724,286.36584,263.81546,55.040646,102.762344,108.388794,final
2025-02-21,2,1011444,RW57,41.0,2.8292682,23.110569,46.78049,77.66829,194.12195,243.69186,27.851688,62.63646,80.06773,final
2025-03-01,2,1011444,RW57,41.0,11.195122,43.055283,27.853659,95.37561,187.14633,259.81137,33.701023,32.73072,72.5597,final
2025-03-11,2,1011444,RW57,41.0,29.487804,36.798374,43.512196,102.964226,197.80489,271.00162,82.50992,44.933586,73.4796,final
2025-03-21,2,1011444,RW57,41.0,27.926828,53.117073,68.60976,132.97073,189.17075,288.239,56.656033,53.35172,66.21586,final
2025-04-01,2,1011444,RW57,41.0,55.09756,54.00488,112.51219,143.92032,239.95123,316.5748,101.851845,78.90944,76.1724,final
2025-04-11,2,1011444,RW57,41.0,62.243904,48.057724,145.2683,155.17967,273.36588,340.32114,126.73726,93.81234,80.610725,final
2025-04-21,2,1011444,RW57,41.0,89.34146,42.608944,206.68292,144.67154,322.07318,355.31058,198.1591,141.43164,90.775345,final
2025-05-01,2,1011444,RW57,41.0,43.707317,33.930893,195.29268,124.597565,335.6585,363.8935,125.11224,154.54973,92.34603,final
2025-05-11,2,1011444,RW57,41.0,25.634146,28.591871,158.68292,105.13171,347.4634,363.2756,91.195114,148.62471,95.70642,final
2025-05-21,2,1011444,RW57,41.0,24.878048,22.96992,94.21951,85.49268,369.5122,363.13498,106.822075,109.643684,101.7323,final
2025-06-01,2,1011444,RW57,41.0,7.878049,7.510569,58.39024,59.072357,366.19513,327.59024,102.93736,98.935394,111.60734,final
2025-06-11,2,1011444,RW57,41.0,11.804878,3.5219512,44.560974,34.002438,348.5122,294.3138,197.19519,127.07147,118.107544,final
2025-06-21,2,1011444,RW57,41.0,2.5609756,2.6227643,22.243902,13.655285,323.14633,243.8195,99.189415,146.03851,131.88127,final
2025-07-01,2,1011444,RW57,41.0,1.3658537,1.692683,15.731708,7.8373985,269.4146,191.50731,95.116615,161.49463,139.64601,final
2025-07-11,2,1011444,RW57,41.0,1.0731708,0.85365856,5.0,5.1691055,208.2439,144.30325,103.74999,98.33707,142.82602,final
2025-07-21,2,1011444,RW57,41.0,0.9512195,1.8308944,3.390244,4.377236,119.85366,103.5252,87.122116,89.474594,115.04578,final
2025-08-01,2,1011444,RW57,41.0,5.4634147,4.992683,7.487805,7.6772356,81.60975,74.58699,104.71077,98.50574,108.824005,final
2025-08-11,2,1011444,RW57,41.0,12.170732,5.774797,18.585365,12.598374,68.14633,51.769917,159.36012,134.02014,128.84698,final
2025-08-21,2,1011444,RW57,41.0,3.487805,9.106504,21.12195,19.873983,46.7561,37.906506,60.16944,105.01716,120.62529,final
2025-09-01,2,1011444,RW57,41.0,6.365854,16.501627,22.024391,31.382927,45.2439,46.89756,52.86044,74.27767,96.81361,final
2025-09-11,2,1011444,RW57,41.0,17.853659,18.42439,27.707317,44.03252,51.29268,61.8,97.563515,66.70536,84.27047,final
2025-09-21,2,1011444,RW57,41.0,7.8536587,19.609756,32.073174,54.535774,56.585365,78.786995,52.229927,62.270416,73.5023,final
2025-10-01,2,1011444,RW57,41.0,37.707317,29.91057,63.414635,67.94472,92.926834,107.00488,122.33349,93.7897,87.43086,final
2025-10-11,2,1011444,RW57,41.0,22.780487,36.430893,68.34146,85.95122,114.63414,142.5821,67.05259,80.638245,81.06277,final
2025-10-21,2,1011444,RW57,41.0,77.439026,39.01382,137.92683,105.355286,191.12195,179.76505,187.30258,129.51517,106.14667,final
2025-11-01,2,1011444,RW57,41.0,47.658535,45.547966,147.87805,120.99268,233.31708,220.32033,104.17538,121.33883,105.76812,final
2025-11-11,2,1011444,RW57,41.0,27.487804,36.66585,152.58537,121.227646,248.63416,251.21138,77.97226,124.8422,98.9941,final
2025-11-21,2,1011444,RW57,41.0,16.853659,42.9252,92.0,125.13902,262.0,285.0301,45.599514,74.535675,92.05942,final
2025-12-01,2,1011444,RW57,41.0,25.0,29.905691,69.34146,109.49675,280.63416,298.43414,85.94586,64.92889,94.13383,final
2025-12-11,2,1011444,RW57,41.0,31.146341,26.860163,73.0,99.691055,293.92682,306.8699,113.45309,74.50493,95.849846,final
2025-12-21,2,1011444,RW57,41.0,64.85366,34.91301,121.0,91.67886,350.92685,322.17316,175.01477,130.32838,108.78853,final
2026-01-01,2,1011444,RW57,41.0,54.317074,25.669106,150.31708,87.15691,367.5366,315.18942,193.40987,168.53546,116.348816,final
2026-01-11,2,1011444,RW57,41.0,29.609756,24.311382,148.78049,85.86016,374.36584,303.26178,118.07617,169.24963,123.066124,final
2026-01-21,2,1011444,RW57,41.0,61.02439,27.619513,144.95123,77.6,357.9512,291.4,202.40765,181.53902,122.45318,final
2026-02-01,2,1011444,RW57,41.0,28.609756,25.347967,119.243904,77.27886,338.90247,271.66016,110.74797,151.00343,124.30502,final
2026-02-11,2,1011444,RW57,41.0,25.95122,29.209757,115.585365,82.17724,337.3659,263.81546,90.47484,138.32208,127.36094,final
2026-02-21,2,1011444,RW57,41.0,14.756098,23.110569,69.31707,77.66829,335.2683,243.69186,70.27996,89.89792,136.82326,final
2026-03-01,2,1011444,RW57,41.0,46.560974,43.055283,87.268295,95.37561,356.82928,259.81137,107.29512,91.92302,136.63661,prelim
2026-03-11,2,1011444,RW57,41.0,38.682926,36.798374,100.0,102.964226,364.36584,271.00162,104.508675,97.25444,133.82742,prelim
2026-03-21,2,1011444,RW57,41.0,43.463413,53.117073,128.7073,132.97073,342.97562,288.239,83.38929,96.909904,118.66621,prelim
2026-04-01,2,1011444,RW57,41.0,20.975609,54.00488,103.12195,143.92032,309.63416,316.5748,44.022816,72.6039,97.84167,prelim
2026-04-11,2,1011444,RW57,41.0,53.048782,48.057724,117.48781,155.17967,333.07318,340.32114,109.40684,76.46901,97.9011,forecast
2022-01-01,2,1011445,RW44,20.0,16.05,23.756666,110.5,85.35167,306.84998,357.02667,73.20042,127.83383,86.14005,final
2022-01-11,2,1011445,RW44,20.0,34.2,21.973333,115.2,81.21667,307.55,330.67,145.32872,139.4162,93.112274,final
2022-01-21,2,1011445,RW44,20.0,33.1,26.406666,83.35,72.136665,298.30002,302.685,121.31182,114.536964,98.574844,final
2022-02-01,2,1011445,RW44,20.0,79.75,29.451666,147.05,77.831665,332.19998,281.06833,245.99681,183.56506,117.87393,final
2022-02-11,2,1011445,RW44,20.0,90.15,35.535,203.0,91.39333,393.8,274.23666,234.73541,215.78255,142.81792,final
2022-02-21,2,1011445,RW44,20.0,19.0,27.786667,188.9,92.77333,383.9,256.22665,73.200485,198.31584,148.87454,final
2022-03-01,2,1011445,RW44,20.0,29.95,47.056667,139.1,110.378334,396.65,273.56168,67.138374,124.89348,144.18709,final
2022-03-11,2,1011445,RW44,20.0,47.95,38.706665,96.9,113.55,415.1,286.16,121.148575,85.95529,144.28493,final
2022-03-21,2,1011445,RW44,20.0,43.75,58.775,121.65,144.53833,393.90002,309.44833,76.440605,84.694,126.857086,final
2022-04-01,2,1011445,RW44,20.0,35.5,58.83,127.2,156.31166,413.35004,344.52167,63.449787,81.953156,119.69216,final
2022-04-11,2,1011445,RW44,20.0,56.6,57.963333,135.85,175.56833,435.75,380.51166,97.83472,78.003716,114.328575,final
2022-04-21,2,1011445,RW44,20.0,43.7,50.466667,135.8,167.26,446.35,404.57166,87.800476,81.736916,110.2005,final
2022-05-01,2,1011445,RW44,20.0,16.1,44.838333,116.4,153.26834,382.7,419.9583,42.33689,76.70517,91.232475,final
2022-05-11,2,1011445,RW44,20.0,68.6,37.508335,128.4,132.81334,361.15002,421.93167,173.1425,96.79759,85.763145,final
2022-05-21,2,1011445,RW44,20.0,94.5,31.851667,179.2,114.19833,436.65002,425.99667,270.00134,154.53236,102.471794,final
2022-06-01,2,1011445,RW44,20.0,3.75,14.79,166.85,84.15,410.44998,393.73,44.21425,192.76501,104.193306,final
2022-06-11,2,1011445,RW44,20.0,5.8,7.911667,104.05,54.553333,368.3,362.935,83.64529,183.11317,101.45813,final
2022-06-21,2,1011445,RW44,20.0,4.85,6.2966666,14.4,28.998333,329.4,310.45667,87.19386,57.06162,106.00505,final
2022-07-01,2,1011445,RW44,20.0,1.2,3.5083334,11.849999,17.716667,295.1,255.13501,72.869736,74.17461,115.36318,final
2022-07-11,2,1011445,RW44,20.0,0.9,2.48,6.9500003,12.285,239.4,199.65167,78.87701,69.13509,119.422424,final
2022-07-21,2,1011445,RW44,20.0,7.55,5.4683332,9.65,11.456667,203.25,154.65334,119.885376,89.02167,130.43886,final
2022-08-01,2,1011445,RW44,20.0,24.3,11.986667,32.75,19.935,211.45001,121.80167,172.48822,151.39363,170.69966,final
2022-08-11,2,1011445,RW44,20.0,28.9,17.308332,60.75,34.763332,171.75,101.60167,151.96117,165.35335,165.80415,final
2022-08-21,2,1011445,RW44,20.0,38.0,22.875,91.2,52.170002,115.25,92.625,154.26009,168.27007,123.175415,final
2022-09-01,2,1011445,RW44,20.0,27.4,37.823334,94.3,78.00667,138.9,115.65833,75.65969,119.628944,119.262375,final
2022-09-11,2,1011445,RW44,20.0,41.4,36.083332,106.8,96.78167,174.5,143.83,112.941185,109.84297,120.6074,final
2022-09-21,2,1011445,RW44,20.0,43.6,36.920002,112.4,110.82667,213.25,174.45334,115.93511,101.35835,121.619354,final
2022-10-01,2,1011445,RW44,20.0,29.15,44.953335,114.15,117.956665,241.20001,215.89833,68.36381,96.90406,111.453995,final
2022-10-11,2,1011445,RW44,20.0,26.85,48.858334,99.6,130.73167,267.15,262.27667,59.136623,77.06381,101.82333,final
2022-10-21,2,1011445,RW44,20.0,70.45,53.838333,126.45,147.65001,330.05,310.64667,128.23271,86.112015,106.14717,final
2022-11-01,2,1011445,RW44,20.0,44.85,51.303333,142.15,154.0,350.6,349.96335,88.53827,92.547165,100.17936,final
2022-11-11,2,1011445,RW44,20.0,71.7,42.505,187.0,147.64667,393.39996,375.16,161.45668,125.78066,104.79797,final
2022-11-21,2,1011445,RW44,20.0,53.15,46.203335,169.7,140.01167,408.55002,398.48834,113.566826,120.47306,102.49367,final
2022-12-01,2,1011445,RW44,20.0,38.4,30.945,163.25,119.653336,419.55,391.61002,120.74002,134.97432,107.04469,final
2022-12-11,2,1011445,RW44,20.0,30.05,27.981667,121.600006,105.130005,408.19995,383.50833,106.27116,114.955055,106.35549,final
2022-12-21,2,1011445,RW44,20.0,46.1,34.858334,114.549995,93.785,410.69998,381.4467,128.20404,121.020386,107.56982,final
2023-01-01,2,1011445,RW44,20.0,28.55,23.756666,104.7,85.35167,410.09998,357.02667,116.668594,121.414474,114.66005,final
2023-01-11,2,1011445,RW44,20.0,41.45,21.973333,116.09999,81.21667,424.69998,330.67,172.20712,140.46007,128.01262,final
2023-01-21,2,1011445,RW44,20.0,36.55,26.406666,106.55,72.136665,390.8,302.685,132.29675,144.61346,128.63805,final
2023-02-01,2,1011445,RW44,20.0,5.25,29.451666,83.25,77.831665,351.19998,281.06833,29.751825,106.54138,124.5157,final
2023-02-11,2,1011445,RW44,20.0,5.0,35.535,46.8,91.39333,284.5,274.23666,24.670038,53.73815,103.6755,final
2023-02-21,2,1011445,RW44,20.0,25.9,27.786667,36.15,92.77333,257.25,256.22665,94.24562,42.087143,100.39175,final
2023-03-01,2,1011445,RW44,20.0,23.3,47.056667,54.199997,110.378334,242.15,273.56168,54.363834,51.309456,88.72362,final
2023-03-11,2,1011445,RW44,20.0,80.35,38.706665,129.54999,113.55,292.44998,286.16,195.27913,113.4964,102.16031,final
2023-03-21,2,1011445,RW44,20.0,69.3,58.775,172.95,144.53833,315.65002,309.44833,116.503334,118.99959,101.972244,final
2023-04-01,2,1011445,RW44,20.0,67.3,58.83,216.95,156.31166,354.39996,344.52167,113.26963,137.59079,102.82624,final
2023-04-11,2,1011445,RW44,20.0,56.75,57.963333,193.35,175.56833,369.7,380.51166,98.07295,109.84762,97.1955,final
2023-04-21,2,1011445,RW44,20.0,89.3,50.466667,213.35,167.26,422.45,404.57166,170.01202,126.75607,104.365135,final
2023-05-01,2,1011445,RW44,20.0,196.25,44.838333,342.3,153.26834,613.45,419.9583,403.80563,219.43744,145.53192,final
2023-05-11,2,1011445,RW44,20.0,9.1,37.508335,294.65,132.81334,617.55,421.93167,33.169968,217.43178,145.81958,final
2023-05-21,2,1011445,RW44,20.0,7.85,31.851667,213.20001,114.19833,599.49994,425.99667,34.869522,183.05626,140.25629,final
2023-06-01,2,1011445,RW44,20.0,1.5,14.79,18.45,84.15,577.69995,393.73,32.844868,26.303982,146.13898,final
2023-06-11,2,1011445,RW44,20.0,6.2,7.911667,15.55,54.553333,503.55005,362.935,86.743256,34.506886,138.21736,final
2023-06-21,2,1011445,RW44,20.0,7.35,6.2966666,15.049999,28.998333,441.60004,310.45667,109.32429,58.97348,141.57254,final
2023-07-01,2,1011445,RW44,20.0,3.0,3.5083334,16.55,17.716667,377.30002,255.13501,94.02547,94.864265,146.96216,final
2023-07-11,2,1011445,RW44,20.0,0.85,2.48,11.200001,12.285,321.40002,199.65167,78.20856,93.722885,159.49052,final
2023-07-21,2,1011445,RW44,20.0,1.2,5.4683332,5.05,11.456667,233.30002,154.65334,59.22624,61.069477,149.2609,final
2023-08-01,2,1011445,RW44,20.0,2.15,11.986667,4.2000003,19.935,39.2,121.80167,42.091835,36.895935,34.857586,final
2023-08-11,2,1011445,RW44,20.0,2.0,17.308332,5.3500004,34.763332,32.1,101.60167,31.378408,26.029005,34.802456,final
2023-08-21,2,1011445,RW44,20.0,3.15,22.875,7.3,52.170002,27.4,92.625,29.237667,21.51478,33.18822,final
2023-09-01,2,1011445,RW44,20.0,44.45,37.823334,49.600002,78.00667,70.35,115.65833,115.47443,65.77785,62.449062,final
2023-09-11,2,1011445,RW44,20.0,45.45,36.083332,93.05,96.78167,109.600006,143.83,122.799194,96.33366,77.0006,final
2023-09-21,2,1011445,RW44,20.0,29.9,36.920002,119.8,110.82667,132.15,174.45334,83.25382,107.74721,76.426544,final
2023-10-01,2,1011445,RW44,20.0,22.95,44.953335,98.3,117.956665,152.09999,215.89833,55.95222,84.01334,71.11869,final
2023-10-11,2,1011445,RW44,20.0,43.5,48.858334,96.35,130.73167,194.75,262.27667,90.05106,74.66938,74.73529,final
2023-10-21,2,1011445,RW44,20.0,35.35,53.838333,101.799995,147.65001,228.9,310.64667,68.577736,69.96396,74.101845,final
2023-11-01,2,1011445,RW44,20.0,44.25,51.303333,123.1,154.0,271.0,349.96335,87.47262,80.56604,77.75451,final
2023-11-11,2,1011445,RW44,20.0,56.9,42.505,136.5,147.64667,325.9,375.16,130.30208,92.69773,87.0423,final
2023-11-21,2,1011445,RW44,20.0,53.35,46.203335,154.5,140.01167,376.1,398.48834,113.95742,109.99114,94.45131,final
2023-12-01,2,1011445,RW44,20.0,21.85,30.945,132.1,119.653336,353.5,391.61002,74.69746,109.98503,90.39106,final
2023-12-11,2,1011445,RW44,20.0,21.35,27.981667,96.549995,105.130005,329.40002,383.50833,79.892876,92.2092,86.07281,final
2023-12-21,2,1011445,RW44,20.0,65.05,34.858334,108.25,93.785,364.55,381.4467,175.74744,114.64291,95.62768,final
2024-01-01,2,1011445,RW44,20.0,12.55,23.756666,98.950005,85.35167,354.15002,357.02667,61.029327,115.050446,99.20541,final
2024-01-11,2,1011445,RW44,20.0,19.1,21.973333,96.700005,81.21667,329.75003,330.67,89.3475,117.95864,99.72593,final
2024-01-21,2,1011445,RW44,20.0,33.7,26.406666,65.350006,72.136665,328.1,302.685,123.22226,91.20177,108.26007,final
2024-02-01,2,1011445,RW44,20.0,17.55,29.451666,70.350006,77.831665,301.40002,281.06833,65.45401,90.96763,107.107285,final
2024-02-11,2,1011445,RW44,20.0,24.45,35.535,75.7,91.39333,268.95,274.23666,72.65327,83.71948,98.10675,final
2024-02-21,2,1011445,RW44,20.0,11.3,27.786667,53.3,92.77333,226.90001,256.22665,49.71533,59.627712,88.77349,final
2024-03-01,2,1011445,RW44,20.0,29.05,47.056667,64.8,110.378334,234.1,273.56168,65.409485,60.496628,85.83378,final
2024-03-11,2,1011445,RW44,20.0,25.85,38.706665,66.2,113.55,238.60002,286.16,70.5842,60.05904,83.665344,final
2024-03-21,2,1011445,RW44,20.0,37.15,58.775,92.05,144.53833,210.70001,309.44833,66.09173,64.89975,68.59633,final
2024-04-01,2,1011445,RW44,20.0,35.35,58.83,98.35,156.31166,233.50003,344.52167,63.214787,64.06852,68.23612,final
2024-04-11,2,1011445,RW44,20.0,59.5,57.963333,132.0,175.56833,273.90002,380.51166,102.440575,75.87156,72.34542,final
2024-04-21,2,1011445,RW44,20.0,94.75,50.466667,189.6,167.26,334.95,404.57166,179.83774,112.96878,83.00135,final
2024-05-01,2,1011445,RW44,20.0,55.2,44.838333,209.45,153.26834,372.6,419.9583,120.79055,135.49773,88.855774,final
2024-05-11,2,1011445,RW44,20.0,9.95,37.508335,159.9,132.81334,358.10004,421.93167,35.16957,119.654594,85.048744,final
2024-05-21,2,1011445,RW44,20.0,10.9,31.851667,76.05,114.19833,357.7,425.99667,43.145943,67.99592,84.153786,final
2024-06-01,2,1011445,RW44,20.0,2.55,14.79,23.399998,84.15,331.2,393.73,38.15058,31.856419,84.31771,final
2024-06-11,2,1011445,RW44,20.0,2.25,7.911667,15.7,54.553333,307.6,362.935,56.150764,34.758762,84.96066,final
2024-06-21,2,1011445,RW44,20.0,2.65,6.2966666,7.4500003,28.998333,273.09998,310.45667,67.71909,36.619446,88.157906,final
2024-07-01,2,1011445,RW44,20.0,4.7,3.5083334,9.6,17.716667,242.44998,255.13501,114.005875,64.27,95.12367,final
2024-07-11,2,1011445,RW44,20.0,1.75,2.48,9.1,12.285,184.69998,199.65167,90.24064,81.57362,92.69408,final
2024-07-21,2,1011445,RW44,20.0,2.25,5.4683332,8.7,11.456667,92.200005,154.65334,69.25649,83.24893,60.881912,final
2024-08-01,2,1011445,RW44,20.0,2.25,11.986667,6.25,19.935,39.249996,121.80167,42.68053,45.117306,34.897015,final
2024-08-11,2,1011445,RW44,20.0,10.25,17.308332,14.75,34.763332,39.55,101.60167,68.36011,49.668877,41.791092,final
2024-08-21,2,1011445,RW44,20.0,17.65,22.875,30.15,52.170002,46.3,92.625,81.2556,61.483295,52.548016,final
2024-09-01,2,1011445,RW44,20.0,26.65,37.823334,54.55,78.00667,70.4,115.65833,73.9083,71.74123,62.490505,final
2024-09-11,2,1011445,RW44,20.0,16.35,36.083332,60.65,96.78167,84.5,143.83,51.96755,64.50081,60.135723,final
2024-09-21,2,1011445,RW44,20.0,82.5,36.920002,125.5,110.82667,164.35,174.45334,208.73091,112.66836,94.369934,final
2024-10-01,2,1011445,RW44,20.0,59.35,44.953335,158.2,117.956665,219.0,215.89833,128.82022,132.72969,101.40412,final
2024-10-11,2,1011445,RW44,20.0,53.0,48.858334,194.85,130.73167,270.25,262.27667,107.689926,147.23903,102.98318,final
2024-10-21,2,1011445,RW44,20.0,37.2,53.838333,149.55,147.65001,305.2,310.64667,71.721954,101.244675,98.274445,final
2024-11-01,2,1011445,RW44,20.0,115.65,51.303333,205.85,154.0,418.6,349.96335,214.2857,132.61008,119.33627,final
2024-11-11,2,1011445,RW44,20.0,104.95,42.505,257.8,147.64667,513.3,375.16,231.44931,172.16228,136.33733,final
2024-11-21,2,1011445,RW44,20.0,94.25,46.203335,314.85,140.01167,589.9,398.48834,193.83504,220.56847,147.43921,final
2024-12-01,2,1011445,RW44,20.0,20.75,30.945,219.95,119.653336,584.0,391.61002,71.63722,180.46048,148.5086,final
2024-12-11,2,1011445,RW44,20.0,31.65,27.981667,146.65,105.130005,599.30005,383.50833,111.122345,137.7009,155.54366,final
2024-12-21,2,1011445,RW44,20.0,37.05,34.858334,89.45,93.785,553.85004,381.4467,105.498634,95.61167,144.61246,final
2025-01-01,2,1011445,RW44,20.0,16.4,23.756666,85.1,85.35167,510.89996,357.02667,74.41753,99.72146,142.5033,final
2025-01-11,2,1011445,RW44,20.0,19.25,21.973333,72.7,81.21667,477.14996,330.67,89.90361,90.12178,143.63808,final
2025-01-21,2,1011445,RW44,20.0,35.35,26.406666,71.0,72.136665,475.3,302.685,128.4759,98.52642,156.1012,final
2025-02-01,2,1011445,RW44,20.0,30.95,29.451666,85.55,77.831665,390.6,281.06833,104.34909,109.3181,138.28864,final
2025-02-11,2,1011445,RW44,20.0,33.85,35.535,100.15,91.39333,319.5,274.23666,95.843094,109.084305,116.20967,final
2025-02-21,2,1011445,RW44,20.0,3.2,27.786667,68.0,92.77333,228.45,256.22665,25.010166,74.66249,89.36684,final
2025-03-01,2,1011445,RW44,20.0,26.65,47.056667,63.699997,110.378334,234.34999,273.56168,60.79913,59.54324,85.923515,final
2025-03-11,2,1011445,RW44,20.0,17.9,38.706665,47.75,113.55,220.59999,286.16,52.394753,44.49599,77.48316,final
2025-03-21,2,1011445,RW44,20.0,42.0,58.775,86.55,144.53833,225.54997,309.44833,73.69659,61.221767,73.31888,final
2025-04-01,2,1011445,RW44,20.0,64.5,58.83,124.4,156.31166,273.65,344.52167,108.882965,80.217384,79.723236,final
2025-04-11,2,1011445,RW44,20.0,67.6,57.963333,174.1,175.56833,322.0,380.51166,115.3052,99.18683,84.82234,final
2025-04-21,2,1011445,RW44,20.0,86.95,50.466667,219.05,167.26,373.59998,404.57166,165.77522,130.06502,92.438034,final
2025-05-01,2,1011445,RW44,20.0,59.45,44.838333,213.99998,153.26834,402.10004,419.9583,129.31812,138.37257,95.79764,final
2025-05-11,2,1011445,RW44,20.0,50.05,37.508335,196.45,132.81334,418.3,421.93167,129.50401,146.17598,99.14935,final
2025-05-21,2,1011445,RW44,20.0,16.45,31.851667,125.95,114.19833,431.55,425.99667,58.20632,109.85892,101.28848,final
2025-06-01,2,1011445,RW44,20.0,7.85,14.79,74.35,84.15,412.75003,393.73,64.93178,89.007286,104.77015,final
2025-06-11,2,1011445,RW44,20.0,35.95,7.911667,60.25,54.553333,430.80002,362.935,317.15503,109.56565,118.44484,final
2025-06-21,2,1011445,RW44,20.0,7.65,6.2966666,51.45,28.998333,396.45,310.45667,111.97993,166.03757,127.25996,final
2025-07-01,2,1011445,RW44,20.0,4.9,3.5083334,48.500004,17.716667,336.85,255.13501,116.356514,235.50992,131.41254,final
2025-07-11,2,1011445,RW44,20.0,5.0,2.48,17.55,12.285,274.25,199.65167,133.68985,130.45993,136.45137,final
2025-07-21,2,1011445,RW44,20.0,2.45,5.4683332,12.349999,11.456667,189.74998,154.65334,71.16701,105.42838,121.98304,final
2025-08-01,2,1011445,RW44,20.0,24.9,11.986667,32.35,19.935,155.2,121.80167,176.0204,149.78946,126.33903,final
2025-08-11,2,1011445,RW44,20.0,36.35,17.308332,63.699997,34.763332,141.5,101.60167,185.35675,172.77223,137.42749,final
2025-08-21,2,1011445,RW44,20.0,2.45,22.875,63.7,52.170002,127.5,92.625,26.726458,120.16791,135.72343,final
2025-09-01,2,1011445,RW44,20.0,16.45,37.823334,55.25,78.00667,136.1,115.65833,50.089516,72.584526,116.94179,final
2025-09-11,2,1011445,RW44,20.0,43.85,36.083332,62.75,96.78167,144.0,143.83,118.90466,66.56405,100.11423,final
2025-09-21,2,1011445,RW44,20.0,9.8,36.920002,70.1,110.82667,146.15001,174.45334,35.305344,64.83826,84.22803,final
2025-10-01,2,1011445,RW44,20.0,57.85,44.953335,111.5,117.956665,199.09998,215.89833,125.81742,94.74883,92.39544,final
2025-10-11,2,1011445,RW44,20.0,40.0,48.858334,107.65,130.73167,234.09998,262.27667,83.55253,82.99463,89.457855,final
2025-10-21,2,1011445,RW44,20.0,88.25,53.838333,186.1,147.65001,319.9,310.64667,158.4851,125.18834,102.93155,final
2025-11-01,2,1011445,RW44,20.0,59.9,51.303333,188.15,154.0,354.9,349.96335,115.26849,121.47798,101.39075,final
2025-11-11,2,1011445,RW44,20.0,28.35,42.505,176.5,147.64667,346.9,375.16,70.20313,118.90204,92.566284,final
2025-11-21,2,1011445,RW44,20.0,23.8,46.203335,112.05,140.01167,368.25,398.48834,56.246334,80.71764,92.50577,final
2025-12-01,2,1011445,RW44,20.0,27.5,30.945,79.65,119.653336,379.3,391.61002,90.41592,67.90833,96.89619,final
2025-12-11,2,1011445,RW44,20.0,29.95,27.981667,81.25,105.130005,365.4,383.50833,105.967964,78.316536,95.33901,final
2025-12-21,2,1011445,RW44,20.0,71.65,34.858334,129.1,93.785,427.25,381.4467,192.30609,135.74936,111.85243,final
2026-01-01,2,1011445,RW44,20.0,38.35,23.756666,139.95001,85.35167,407.75,357.02667,150.74765,160.4287,114.01094,final
2026-01-11,2,1011445,RW44,20.0,25.6,21.973333,135.6,81.21667,393.35,330.67,113.44537,163.07751,118.673096,final
2026-01-21,2,1011445,RW44,20.0,65.65,26.406666,129.6,72.136665,370.75,302.685,224.95224,174.4955,122.12166,final
2026-02-01,2,1011445,RW44,20.0,38.75,29.451666,130.0,77.831665,349.6,281.06833,126.989494,162.98116,123.956406,final
2026-02-11,2,1011445,RW44,20.0,38.9,35.535,143.3,91.39333,360.15,274.23666,108.301476,153.84882,130.76721,final
2026-02-21,2,1011445,RW44,20.0,27.5,27.786667,105.15,92.77333,363.85,256.22665,99.125656,112.65854,141.19922,final
2026-03-01,2,1011445,RW44,20.0,52.45,47.056667,118.850006,110.378334,388.80002,273.56168,110.360504,107.342514,141.36905,prelim
2026-03-11,2,1011445,RW44,20.0,38.4,38.706665,118.35,113.55,397.25,286.16,99.298355,104.04892,138.15428,prelim
2026-03-21,2,1011445,RW44,20.0,50.55,58.775,141.40001,144.53833,376.15,309.44833,87.103096,97.90133,121.21228,prelim
2026-04-01,2,1011445,RW44,20.0,28.05,58.83,117.0,156.31166,365.84998,344.52167,51.778156,75.63,106.10214,prelim
2026-04-11,2,1011445,RW44,20.0,51.9,57.963333,130.5,175.56833,392.14996,380.51166,90.370056,75.04085,103.01893,forecast
2022-01-01,2,1011446,RW42,22.0,14.454545,25.265152,115.63637,91.10909,322.13638,354.16818,64.28034,125.52024,91.08167,final
2022-01-11,2,1011446,RW42,22.0,39.31818,23.83788,118.13637,87.11212,324.8182,335.1,153.68045,133.68097,96.97683,final
2022-01-21,2,1011446,RW42,22.0,37.18182,29.445454,90.954544,78.548485,316.3182,314.76062,122.459755,114.84894,100.487114,final
2022-02-01,2,1011446,RW42,22.0,74.0,31.275757,150.5,84.55909,340.9091,295.69696,217.7763,173.62839,115.035774,final
2022-02-11,2,1011446,RW42,22.0,93.454544,37.974243,204.63637,98.69546,409.22723,290.2591,229.10127,202.16544,140.2928,final
2022-02-21,2,1011446,RW42,22.0,24.136364,27.98182,191.59091,97.23182,400.18182,271.44394,88.34068,192.29913,146.56924,final
2022-03-01,2,1011446,RW42,22.0,33.5,50.01212,151.09091,115.96818,417.22723,291.63635,69.98458,129.03468,142.33833,final
2022-03-11,2,1011446,RW42,22.0,53.045456,40.813637,110.68182,118.80757,433.45453,304.61514,126.69908,93.4368,141.61276,final
2022-03-21,2,1011446,RW42,22.0,40.409092,61.313637,126.954544,152.13939,409.49997,327.9197,68.47625,83.97292,124.504486,final
2022-04-01,2,1011446,RW42,22.0,31.90909,59.271214,125.36363,161.39848,426.95453,361.92575,57.427097,78.344246,117.722595,final
2022-04-11,2,1011446,RW42,22.0,50.545456,56.6,122.86364,177.18484,438.18182,394.68787,90.171196,70.18347,110.88198,final
2022-04-21,2,1011446,RW42,22.0,49.363636,51.186363,131.81818,167.05757,450.36365,416.42877,96.75593,79.51884,108.05234,final
2022-05-01,2,1011446,RW42,22.0,23.272728,46.70909,123.181816,154.49545,399.63638,431.86212,54.676514,80.36707,92.62336,final
2022-05-11,2,1011446,RW42,22.0,61.636364,38.831818,134.27274,136.72728,367.81818,432.7197,152.02739,98.26812,85.17281,final
2022-05-21,2,1011446,RW42,22.0,82.545456,33.965153,167.45454,119.50606,426.2273,438.70303,224.67627,138.51097,97.18827,final
2022-06-01,2,1011446,RW42,22.0,5.318182,15.310606,149.5,88.107574,398.0454,404.00153,50.801937,165.93709,98.54375,final
2022-06-11,2,1011446,RW42,22.0,7.7727275,6.7818184,95.63637,56.057575,352.77274,369.9697,108.4105,164.82208,95.41377,final
2022-06-21,2,1011446,RW42,22.0,5.3636365,5.6227274,18.454546,27.71515,317.7273,314.27878,97.560974,71.69323,101.08009,final
2022-07-01,2,1011446,RW42,22.0,1.1363636,2.8863637,14.272728,15.290909,286.95456,257.89395,77.80979,94.98208,111.05412,final
2022-07-11,2,1011446,RW42,22.0,1.0,2.039394,7.5,10.548485,237.40909,203.33333,85.23461,80.393684,116.35636,final
2022-07-21,2,1011446,RW42,22.0,5.409091,4.190909,7.5454545,9.116667,193.45453,156.33788,113.25421,88.869804,123.00555,final
2022-08-01,2,1011446,RW42,22.0,20.727272,10.483334,27.136364,16.713636,190.90909,120.11212,166.16106,148.00084,156.5868,final
2022-08-11,2,1011446,RW42,22.0,22.545454,15.028788,48.681816,29.70303,151.81819,96.30909,137.52931,154.68913,154.79184,final
2022-08-21,2,1011446,RW42,22.0,43.227272,18.25909,86.5,43.771214,112.5,80.60303,207.34805,187.61067,137.2615,final
2022-09-01,2,1011446,RW42,22.0,23.0,30.483334,88.77273,63.771214,130.18182,95.77576,78.910286,136.35463,134.14122,final
2022-09-11,2,1011446,RW42,22.0,34.863636,29.080303,101.09091,77.82273,157.27272,118.07424,116.96972,128.09396,131.84946,final
2022-09-21,2,1011446,RW42,22.0,34.272728,31.431818,92.13637,90.99545,186.18182,143.88333,107.79788,101.18851,128.41049,final
2022-10-01,2,1011446,RW42,22.0,28.5,38.54697,97.63637,99.05909,213.54544,179.54395,76.92843,98.632774,118.42461,final
2022-10-11,2,1011446,RW42,22.0,23.045454,43.339394,85.818184,113.318184,235.5909,220.84393,58.017803,76.75758,106.52971,final
2022-10-21,2,1011446,RW42,22.0,61.090908,48.863636,112.63637,130.75,291.2727,265.51666,122.70043,86.656624,109.52106,final
2022-11-01,2,1011446,RW42,22.0,40.590908,50.25,124.727264,142.45303,311.13635,305.28333,82.51748,87.97871,101.886345,final
2022-11-11,2,1011446,RW42,22.0,70.77273,43.53182,172.45454,142.64545,359.36365,333.78638,156.13,120.18965,107.54968,final
2022-11-21,2,1011446,RW42,22.0,47.454544,46.645454,158.81818,140.42728,363.59094,362.17273,101.56663,112.64612,100.38625,final
2022-12-01,2,1011446,RW42,22.0,43.772728,31.295454,162.0,121.472725,384.36368,362.98486,134.37695,132.04428,105.8097,final
2022-12-11,2,1011446,RW42,22.0,45.909092,29.498486,137.13637,107.43939,395.40912,363.40305,147.56906,126.411545,108.68778,final
2022-12-21,2,1011446,RW42,22.0,47.18182,36.978786,136.86365,97.77273,408.31818,368.95,124.305214,138.03627,110.52766,final
2023-01-01,2,1011446,RW42,22.0,28.0,25.265152,121.09091,91.10909,407.81818,354.16818,109.03629,131.19562,114.937294,final
2023-01-11,2,1011446,RW42,22.0,51.727272,23.83788,126.909096,87.11212,436.5,335.1,196.71097,143.20491,129.81476,final
2023-01-21,2,1011446,RW42,22.0,32.5,29.445454,112.22727,78.548485,407.9091,314.76062,108.867775,140.31047,129.13069,final
2023-02-01,2,1011446,RW42,22.0,5.909091,31.275757,90.13636,84.55909,373.22726,295.69696,30.072678,106.22748,125.78354,final
2023-02-11,2,1011446,RW42,22.0,5.0454545,37.974243,43.454548,98.69546,307.5,290.2591,23.375523,46.727745,105.83924,final
2023-02-21,2,1011446,RW42,22.0,23.454546,27.98182,34.409092,97.23182,283.5,271.44394,86.27342,38.54875,104.36113,final
2023-03-01,2,1011446,RW42,22.0,26.545454,50.01212,55.045456,115.96818,266.2727,291.63635,57.34274,49.637398,91.449585,final
2023-03-11,2,1011446,RW42,22.0,80.045456,40.813637,130.04546,118.80757,300.4091,304.61514,185.6335,109.0769,98.64152,final
2023-03-21,2,1011446,RW42,22.0,74.09091,61.313637,180.68182,152.13939,327.31818,327.9197,119.267944,118.163765,99.81931,final
2023-04-01,2,1011446,RW42,22.0,87.0,59.271214,241.13637,161.39848,386.31818,361.92575,143.1434,147.91983,106.64778,final
2023-04-11,2,1011446,RW42,22.0,53.727272,56.6,214.81818,177.18484,388.31818,394.68787,95.33649,120.65667,98.406334,final
2023-04-21,2,1011446,RW42,22.0,81.5,51.186363,222.22726,167.05757,437.31818,416.42877,153.95195,132.06467,104.9568,final
2023-05-01,2,1011446,RW42,22.0,189.22728,46.70909,324.45453,154.49545,620.63635,431.86212,375.61533,206.56044,143.2114,final
2023-05-11,2,1011446,RW42,22.0,10.227273,38.831818,280.95456,136.72728,625.8182,432.7197,34.740227,201.76395,144.11464,final
2023-05-21,2,1011446,RW42,22.0,19.0,33.965153,218.45456,119.50606,621.36365,438.70303,61.5935,179.47284,141.16731,final
2023-06-01,2,1011446,RW42,22.0,1.7727273,15.310606,31.0,88.107574,596.59094,404.00153,33.345764,38.66495,147.0877,final
2023-06-11,2,1011446,RW42,22.0,3.4545455,6.7818184,24.227274,56.057575,519.99994,369.9697,71.75926,47.86838,140.01129,final
2023-06-21,2,1011446,RW42,22.0,4.318182,5.6227274,9.545455,27.71515,450.22726,314.27878,87.7193,44.460915,142.57986,final
2023-07-01,2,1011446,RW42,22.0,3.0,2.8863637,10.772728,15.290909,366.22726,257.89395,101.44092,77.73298,141.208,final
2023-07-11,2,1011446,RW42,22.0,0.8636364,2.039394,8.181818,10.548485,313.36368,203.33333,83.29746,84.7788,152.81456,final
2023-07-21,2,1011446,RW42,22.0,1.0454545,4.190909,4.909091,9.116667,232.90909,156.33788,65.77646,70.19427,147.46016,final
2023-08-01,2,1011446,RW42,22.0,1.6363636,10.483334,3.5454545,16.713636,45.318184,120.11212,42.861336,39.355244,40.21847,final
2023-08-11,2,1011446,RW42,22.0,1.2272727,15.028788,3.9090908,29.70303,36.318184,96.30909,31.091612,25.672373,40.784283,final
2023-08-21,2,1011446,RW42,22.0,2.6363637,18.25909,5.5,43.771214,19.954546,80.60303,32.83174,21.529093,29.151476,final
2023-09-01,2,1011446,RW42,22.0,39.81818,30.483334,43.681816,63.771214,58.0,95.77576,126.30769,70.78807,62.515038,final
2023-09-11,2,1011446,RW42,22.0,42.409092,29.080303,84.86363,77.82273,96.954544,118.07424,139.10994,108.501175,82.839874,final
2023-09-21,2,1011446,RW42,22.0,28.272728,31.431818,110.5,90.99545,120.909096,143.88333,91.328766,120.3182,84.56896,final
2023-10-01,2,1011446,RW42,22.0,20.136364,38.54697,90.81819,99.05909,138.04546,179.54395,57.72242,92.08056,77.51295,final
2023-10-11,2,1011446,RW42,22.0,41.045456,43.339394,89.454544,113.318184,178.22728,220.84393,95.25452,79.83096,81.13004,final
2023-10-21,2,1011446,RW42,22.0,29.272728,48.863636,90.454544,130.75,206.45456,265.51666,63.628693,70.31642,78.16692,final
2023-11-01,2,1011446,RW42,22.0,38.272728,50.25,108.59091,142.45303,243.09091,305.28333,78.32168,77.03532,79.95625,final
2023-11-11,2,1011446,RW42,22.0,62.045456,43.53182,129.59091,142.64545,303.90912,333.78638,138.14743,91.15819,91.18109,final
2023-11-21,2,1011446,RW42,22.0,52.272728,46.645454,152.59091,140.42728,353.5455,362.17273,110.895966,108.36407,97.65036,final
2023-12-01,2,1011446,RW42,22.0,20.90909,31.295454,135.22728,121.472725,334.6364,362.98486,71.38384,110.87551,92.2963,final
2023-12-11,2,1011446,RW42,22.0,22.863636,29.498486,96.045456,107.43939,315.0909,363.40305,80.76771,89.8666,86.88606,final
2023-12-21,2,1011446,RW42,22.0,65.59091,36.978786,109.36364,97.77273,352.4091,368.95,168.15854,111.2782,95.576706,final
2024-01-01,2,1011446,RW42,22.0,15.681818,25.265152,104.13636,91.10909,347.95456,354.16818,68.33542,113.55467,98.27,final
2024-01-11,2,1011446,RW42,22.0,22.363636,23.83788,103.63637,87.11212,329.27277,335.1,94.887825,117.93927,98.28661,final
2024-01-21,2,1011446,RW42,22.0,35.227272,29.445454,73.27273,78.548485,335.22726,314.76062,116.78543,93.685394,106.40061,final
2024-02-01,2,1011446,RW42,22.0,15.727273,31.275757,73.318184,84.55909,312.68182,295.69696,57.138084,87.448616,105.64849,final
2024-02-11,2,1011446,RW42,22.0,25.90909,37.974243,76.86363,98.69546,276.54547,290.2591,71.92468,78.94621,95.35539,final
2024-02-21,2,1011446,RW42,22.0,8.045455,27.98182,49.68182,97.23182,232.31818,271.44394,39.55347,53.488064,85.84676,final
2024-03-01,2,1011446,RW42,22.0,31.545454,50.01212,65.5,115.96818,242.95454,291.63635,66.43165,58.27979,83.58872,final
2024-03-11,2,1011446,RW42,22.0,27.045454,40.813637,66.63636,118.80757,247.13638,304.61514,69.94742,57.86105,81.43542,final
2024-03-21,2,1011446,RW42,22.0,40.363636,61.313637,98.954544,152.13939,221.90909,327.9197,68.4077,66.15435,68.1573,final
2024-04-01,2,1011446,RW42,22.0,51.090908,59.271214,118.5,161.39848,257.31818,361.92575,87.27222,74.21942,71.49081,final
2024-04-11,2,1011446,RW42,22.0,65.13636,56.6,156.59091,177.18484,300.0909,394.68787,113.857735,88.69614,76.3323,final
2024-04-21,2,1011446,RW42,22.0,101.40909,51.186363,217.63635,167.05757,366.27274,416.42877,189.38597,129.39642,88.09857,final
2024-05-01,2,1011446,RW42,22.0,62.409092,46.70909,228.95453,154.49545,412.95453,431.86212,130.36217,146.68413,95.67195,final
2024-05-11,2,1011446,RW42,22.0,9.454545,38.831818,173.27272,136.72728,396.5,432.7197,32.977287,125.78574,91.725365,final
2024-05-21,2,1011446,RW42,22.0,10.227273,33.965153,82.09091,119.50606,398.68182,438.70303,39.07921,69.949135,90.98019,final
2024-06-01,2,1011446,RW42,22.0,2.590909,15.310606,22.272728,88.107574,369.72726,404.00153,37.374115,29.291634,91.62002,final
2024-06-11,2,1011446,RW42,22.0,2.409091,6.7818184,15.227273,56.057575,345.0909,369.9697,62.885803,33.128193,93.36512,final
2024-06-21,2,1011446,RW42,22.0,2.8181818,5.6227274,7.818182,27.71515,307.54544,314.27878,73.59863,39.181183,97.89108,final
2024-07-01,2,1011446,RW42,22.0,3.409091,2.8863637,8.636364,15.290909,259.86362,257.89395,106.62824,67.2043,100.74922,final
2024-07-11,2,1011446,RW42,22.0,1.0909091,2.039394,7.318182,10.548485,195.81818,203.33333,86.52604,79.22433,96.39273,final
2024-07-21,2,1011446,RW42,22.0,1.4090909,4.190909,5.909091,9.116667,95.818184,156.33788,69.73295,77.2781,62.48885,final
2024-08-01,2,1011446,RW42,22.0,1.3636364,10.483334,3.8636365,16.713636,34.772728,120.11212,41.09991,40.820595,31.789669,final
2024-08-11,2,1011446,RW42,22.0,6.9545455,15.028788,9.727273,29.70303,32.272724,96.30909,59.686817,42.438004,36.791096,final
2024-08-21,2,1011446,RW42,22.0,11.863636,18.25909,20.181818,43.771214,33.90909,80.60303,72.50342,51.63254,45.452934,final
2024-09-01,2,1011446,RW42,22.0,20.772728,30.483334,39.59091,63.771214,52.09091,95.77576,72.63333,64.83951,56.651436,final
2024-09-11,2,1011446,RW42,22.0,12.727273,29.080303,45.363636,77.82273,62.40909,118.07424,52.016182,60.808952,54.771076,final
2024-09-21,2,1011446,RW42,22.0,64.36364,31.431818,97.86364,90.99545,123.954544,143.88333,190.39304,107.1547,86.614494,final
2024-10-01,2,1011446,RW42,22.0,55.81818,38.54697,132.90909,99.05909,176.36363,179.54395,139.6611,132.52959,98.276665,final
2024-10-11,2,1011446,RW42,22.0,51.5,43.339394,171.68182,113.318184,226.77272,220.84393,116.8819,149.3277,102.62517,final
2024-10-21,2,1011446,RW42,22.0,32.5,48.863636,139.81818,130.75,257.86365,265.51666,69.620255,106.68006,97.17096,final
2024-11-01,2,1011446,RW42,22.0,104.954544,50.25,188.95454,142.45303,361.45453,305.28333,199.01274,131.53648,118.103195,final
2024-11-11,2,1011446,RW42,22.0,104.63636,43.53182,242.09091,142.64545,459.13635,333.78638,225.90613,167.35423,136.99971,final
2024-11-21,2,1011446,RW42,22.0,120.818184,46.645454,330.4091,140.42728,568.0909,362.17273,243.61908,230.63698,156.08209,final
2024-12-01,2,1011446,RW42,22.0,22.045454,31.295454,247.5,121.472725,569.36365,362.98486,74.51471,199.64778,156.0835,final
2024-12-11,2,1011446,RW42,22.0,31.5,29.498486,174.36363,107.43939,588.13635,363.40305,105.80175,159.52028,161.00201,final
2024-12-21,2,1011446,RW42,22.0,30.636364,36.978786,84.18182,97.77273,554.40906,368.95,84.89136,86.775764,149.5946,final
2025-01-01,2,1011446,RW42,22.0,13.818182,25.265152,75.954544,91.10909,512.40906,354.16818,62.177723,84.23193,144.0576,final
2025-01-11,2,1011446,RW42,22.0,22.545454,23.83788,67.0,87.11212,483.4545,335.1,95.51831,78.16561,143.62085,final
2025-01-21,2,1011446,RW42,22.0,46.772728,29.445454,83.13637,78.548485,497.72723,314.76062,150.30351,105.49128,157.21988,final
2025-02-01,2,1011446,RW42,22.0,36.727272,31.275757,106.045456,84.55909,429.49997,295.69696,115.027985,123.99127,144.49762,final
2025-02-11,2,1011446,RW42,22.0,31.0,37.974243,114.5,98.69546,355.86362,290.2591,83.77111,115.2413,122.219315,final
2025-02-21,2,1011446,RW42,22.0,3.090909,27.98182,70.818184,97.23182,238.13638,271.44394,24.531422,74.163,87.95142,final
2025-03-01,2,1011446,RW42,22.0,26.40909,50.01212,60.5,115.96818,242.5,291.63635,57.094852,54.14647,83.43549,final
2025-03-11,2,1011446,RW42,22.0,21.09091,40.813637,50.59091,118.80757,232.09091,304.61514,56.9501,44.901062,76.576004,final
2025-03-21,2,1011446,RW42,22.0,37.545456,61.313637,85.045456,152.13939,239.00002,327.9197,64.15793,57.302917,73.29095,final
2025-04-01,2,1011446,RW42,22.0,68.72727,59.271214,127.36364,161.39848,293.9091,361.92575,114.71275,79.54618,81.4631,final
2025-04-11,2,1011446,RW42,22.0,73.681816,56.6,179.95454,177.18484,345.04547,394.68787,127.730225,101.52026,87.57971,final
2025-04-21,2,1011446,RW42,22.0,98.045456,51.186363,240.45454,167.05757,396.31818,416.42877,183.3994,142.65837,95.228,final
2025-05-01,2,1011446,RW42,22.0,58.31818,46.70909,230.04544,154.49545,417.90912,431.86212,122.45077,147.3681,96.80608,final
2025-05-11,2,1011446,RW42,22.0,66.954544,38.831818,223.31818,136.72728,453.86365,432.7197,164.16052,161.09685,104.83048,final
2025-05-21,2,1011446,RW42,22.0,22.681818,33.965153,147.95454,119.50606,473.45453,438.70303,71.042496,122.84908,107.83216,final
2025-06-01,2,1011446,RW42,22.0,9.909091,15.310606,99.54545,88.107574,456.95456,404.00153,73.40544,112.28458,112.94691,final
2025-06-11,2,1011446,RW42,22.0,36.5,6.7818184,69.09091,56.057575,472.36362,369.9697,352.23764,121.34597,127.30725,final
2025-06-21,2,1011446,RW42,22.0,10.636364,5.6227274,57.045456,27.71515,445.45456,314.27878,147.19727,189.6536,141.08502,final
2025-07-01,2,1011446,RW42,22.0,4.6363635,2.8863637,51.772728,15.290909,381.36362,257.89395,122.1902,279.7939,146.96558,final
2025-07-11,2,1011446,RW42,22.0,2.5454545,2.039394,17.818182,10.548485,310.22723,203.33333,107.18897,146.75502,151.30907,final
2025-07-21,2,1011446,RW42,22.0,2.5454545,4.190909,9.727272,9.116667,214.72728,156.33788,82.09694,104.325424,136.19077,final
2025-08-01,2,1011446,RW42,22.0,20.454546,10.483334,25.545456,16.713636,176.86363,120.11212,164.39964,140.67407,145.36052,final
2025-08-11,2,1011446,RW42,22.0,31.727272,15.028788,54.727272,29.70303,141.63637,96.30909,183.37242,172.10968,144.74158,final
2025-08-21,2,1011446,RW42,22.0,2.590909,18.25909,54.772724,43.771214,121.545456,80.60303,32.63631,122.55739,147.82825,final
2025-09-01,2,1011446,RW42,22.0,14.227273,30.483334,48.545452,63.771214,125.86364,95.77576,54.186768,77.860275,129.85628,final
2025-09-11,2,1011446,RW42,22.0,34.81818,29.080303,51.63636,77.82273,124.18182,118.07424,116.83634,68.38263,104.96252,final
2025-09-21,2,1011446,RW42,22.0,9.545455,31.431818,58.590908,90.99545,123.09091,143.88333,39.925144,66.24367,86.034424,final
2025-10-01,2,1011446,RW42,22.0,48.454544,38.54697,92.81818,99.05909,166.90909,179.54395,122.751465,94.002525,93.15347,final
2025-10-11,2,1011446,RW42,22.0,33.5,43.339394,91.5,113.318184,197.86363,220.84393,79.64519,81.55974,89.8247,final
2025-10-21,2,1011446,RW42,22.0,77.36364,48.863636,159.31818,130.75,272.68182,265.51666,152.9114,121.04469,102.6487,final
2025-11-01,2,1011446,RW42,22.0,58.863636,50.25,169.72728,142.45303,311.0909,305.28333,115.59029,118.49691,101.871704,final
2025-11-11,2,1011446,RW42,22.0,31.045454,43.53182,167.27274,142.64545,310.4091,333.78638,74.271805,116.680016,93.09969,final
2025-11-21,2,1011446,RW42,22.0,28.727272,46.645454,118.63636,140.42728,336.54544,362.17273,65.3054,85.01594,93.02037,final
2025-12-01,2,1011446,RW42,22.0,29.454546,31.295454,89.22727,121.472725,351.77274,362.98486,94.927986,74.50402,96.9531,final
2025-12-11,2,1011446,RW42,22.0,32.636364,29.498486,90.81818,107.43939,349.5909,363.40305,109.0957,85.21763,96.25081,final
2025-12-21,2,1011446,RW42,22.0,70.318184,36.978786,132.40909,97.77273,410.36362,368.95,179.41963,133.7019,111.07464,final
2026-01-01,2,1011446,RW42,22.0,47.409092,25.265152,150.36363,91.10909,409.31818,354.16818,173.16646,161.65341,115.35492,final
2026-01-11,2,1011446,RW42,22.0,29.181818,23.83788,146.9091,87.11212,405.0,335.1,118.53097,164.9176,120.55278,final
2026-01-21,2,1011446,RW42,22.0,70.63636,29.445454,147.22726,78.548485,398.27274,314.76062,219.58301,182.2023,126.11707,final
2026-02-01,2,1011446,RW42,22.0,35.0,31.275757,134.81818,84.55909,374.4091,295.69696,110.26648,156.11836,126.17656,final
2026-02-11,2,1011446,RW42,22.0,35.31818,37.974243,140.95454,98.69546,378.6818,290.2591,93.81941,140.75308,129.9475,final
2026-02-21,2,1011446,RW42,22.0,20.90909,27.98182,91.227264,97.23182,370.86362,271.44394,78.55567,94.126526,135.96378,final
2026-03-01,2,1011446,RW42,22.0,57.0,50.01212,113.22727,115.96818,398.4091,291.63635,112.70244,97.73419,135.99448,prelim
2026-03-11,2,1011446,RW42,22.0,44.409092,40.813637,122.31818,118.80757,410.18182,304.61514,107.848,102.83553,134.0961,prelim
2026-03-21,2,1011446,RW42,22.0,49.0,61.313637,150.40909,152.13939,388.86362,327.9197,81.43121,98.89887,118.305885,prelim
2026-04-01,2,1011446,RW42,22.0,30.09091,59.271214,123.5,161.39848,371.54544,361.92575,54.598183,77.22426,102.6217,prelim
2026-04-11,2,1011446,RW42,22.0,50.0,56.6,129.09091,177.18484,392.36365,394.68787,89.28572,73.60157,99.41849,forecast
2022-01-01,2,1011447,RW12,14.0,11.285714,22.583334,100.07143,81.916664,320.42856,322.43808,59.04186,120.88755,99.386284,final
2022-01-11,2,1011447,RW12,14.0,40.857143,21.345238,104.0,78.7619,316.21426,305.3738,174.06236,130.13075,103.492714,final
2022-01-21,2,1011447,RW12,14.0,23.857143,24.64762,76.0,68.57619,276.35715,283.50476,97.33376,110.089966,97.52253,final
2022-02-01,2,1011447,RW12,14.0,36.285713,26.430952,101.0,72.42381,290.50003,264.43094,131.35368,136.90878,109.67561,final
2022-02-11,2,1011447,RW12,14.0,65.71429,32.554764,125.85715,83.63333,325.57144,258.67142,188.29645,147.63875,125.37249,final
2022-02-21,2,1011447,RW12,14.0,39.642857,26.811905,141.64285,85.79762,319.64285,241.55238,140.3338,161.50516,131.67297,final
2022-03-01,2,1011447,RW12,14.0,41.285713,47.65,146.64285,107.01666,347.7143,261.35715,87.91208,135.37526,132.42157,final
2022-03-11,2,1011447,RW12,14.0,49.42857,40.140476,130.35715,114.60238,360.21426,276.99762,120.57597,113.17262,129.5097,final
2022-03-21,2,1011447,RW12,14.0,31.428572,58.47381,122.14285,146.26428,339.78568,300.6381,57.391506,84.05345,112.80848,final
2022-04-01,2,1011447,RW12,14.0,25.285715,56.1,106.14285,154.71428,353.78568,334.15475,49.567455,69.588554,105.78819,final
2022-04-11,2,1011447,RW12,14.0,61.714287,50.538094,118.42857,165.11191,374.64282,363.34763,120.12347,72.55728,103.066444,final
2022-04-21,2,1011447,RW12,14.0,76.85714,44.969048,163.85715,151.60715,427.64285,383.66904,163.81569,107.82212,111.31395,final
2022-05-01,2,1011447,RW12,14.0,22.428572,40.17857,161.0,135.68571,413.7857,397.41666,60.711468,117.9935,104.06768,final
2022-05-11,2,1011447,RW12,14.0,9.071428,34.459522,108.35714,119.60714,357.14288,399.32144,35.66041,90.97163,89.56806,final
2022-05-21,2,1011447,RW12,14.0,68.57143,26.657143,100.07143,101.295235,386.0714,399.1667,232.40073,98.84867,96.75993,final
2022-06-01,2,1011447,RW12,14.0,3.0714285,9.021428,80.71428,70.13809,347.85715,360.5381,57.56495,114.07566,96.53088,final
2022-06-11,2,1011447,RW12,14.0,2.0714285,3.2904763,73.71428,38.969048,300.5,323.6881,85.29581,179.02203,92.94525,final
2022-06-21,2,1011447,RW12,14.0,2.642857,2.4095237,7.785714,14.721428,271.71432,267.6238,103.14909,64.83158,101.50043,final
2022-07-01,2,1011447,RW12,14.0,1.0,1.8595238,5.714286,7.5595236,247.42856,213.38333,87.469635,85.30806,115.58967,final
2022-07-11,2,1011447,RW12,14.0,1.2857143,1.4357142,4.928571,5.704762,186.99998,164.28096,97.66926,92.749115,113.420906,final
2022-07-21,2,1011447,RW12,14.0,4.571429,2.8904762,6.857143,6.1857142,114.71428,122.20238,121.30356,106.002556,94.11324,final
2022-08-01,2,1011447,RW12,14.0,5.928571,7.759524,11.785714,12.085714,98.21428,89.78333,85.650314,98.24414,108.894966,final
2022-08-11,2,1011447,RW12,14.0,12.142858,10.569048,22.642857,21.219048,101.28571,65.89285,110.10858,105.430435,149.92444,final
2022-08-21,2,1011447,RW12,14.0,37.92857,14.161904,56.0,32.490475,70.64285,53.397617,224.03082,162.708,129.53072,final
2022-09-01,2,1011447,RW12,14.0,11.0,23.669048,61.071426,48.4,78.57143,68.045235,55.80932,123.72926,114.41051,final
2022-09-11,2,1011447,RW12,14.0,28.071428,23.821428,77.0,61.65238,104.57143,88.57619,114.745964,123.02636,117.09328,final
2022-09-21,2,1011447,RW12,14.0,14.142858,25.07619,53.214283,72.566666,116.07143,111.24286,63.647877,75.050644,104.15386,final
2022-10-01,2,1011447,RW12,14.0,16.071428,33.19524,58.285713,82.09286,131.14285,142.57857,55.167683,72.66464,92.2511,final
2022-10-11,2,1011447,RW12,14.0,12.785714,38.783333,43.0,97.05476,142.64287,179.9262,40.62211,47.033573,79.838806,final
2022-10-21,2,1011447,RW12,14.0,43.714287,45.471428,72.57143,117.45,181.7857,222.50714,96.51854,63.349472,82.10103,final
2022-11-01,2,1011447,RW12,14.0,28.071428,45.819046,84.57143,130.0738,203.92857,260.56668,65.076836,66.31295,78.67274,final
2022-11-11,2,1011447,RW12,14.0,61.57143,37.82381,133.35715,129.11429,253.35715,287.82144,155.45422,103.16361,88.23027,final
2022-11-21,2,1011447,RW12,14.0,48.857143,43.990475,138.5,127.63333,264.2857,317.65,109.933914,108.193016,83.46063,final
2022-12-01,2,1011447,RW12,14.0,40.285713,30.980953,150.7143,112.79524,293.57144,324.9619,125.86024,132.19064,90.48664,final
2022-12-11,2,1011447,RW12,14.0,29.214285,25.590477,118.35714,100.561905,294.7143,326.73096,111.8462,116.85762,90.34861,final
2022-12-21,2,1011447,RW12,14.0,33.857143,33.904762,103.35715,90.47619,314.4286,335.55954,99.8776,113.49127,93.79523,final
2023-01-01,2,1011447,RW12,14.0,18.428572,22.583334,81.5,81.916664,316.7857,322.43808,84.937416,99.520615,98.27376,final
2023-01-11,2,1011447,RW12,14.0,46.57143,21.345238,98.85715,78.7619,350.5714,305.3738,195.75238,123.99092,114.56231,final
2023-01-21,2,1011447,RW12,14.0,36.07143,24.64762,101.07143,68.57619,342.9286,283.50476,138.53197,144.16544,120.59717,final
2023-02-01,2,1011447,RW12,14.0,4.928571,26.430952,87.571434,72.42381,319.78574,264.43094,31.588518,119.564545,120.545074,final
2023-02-11,2,1011447,RW12,14.0,3.857143,32.554764,44.857143,83.63333,262.0714,258.67142,23.584608,56.251007,101.28949,final
2023-02-21,2,1011447,RW12,14.0,20.785715,26.811905,29.57143,85.79762,234.00002,241.55238,81.05681,38.07526,96.93681,final
2023-03-01,2,1011447,RW12,14.0,21.642857,47.65,46.285713,107.01666,215.35715,261.35715,50.603718,45.784004,82.72995,final
2023-03-11,2,1011447,RW12,14.0,82.64286,40.140476,125.071434,114.60238,268.78574,276.99762,194.1558,108.75323,97.08796,final
2023-03-21,2,1011447,RW12,14.0,57.142857,58.47381,161.42857,146.26428,292.0714,300.6381,97.90315,110.02504,97.19711,final
2023-04-01,2,1011447,RW12,14.0,58.0,56.1,197.78572,154.71428,331.64285,334.15475,103.10966,126.96781,99.25936,final
2023-04-11,2,1011447,RW12,14.0,65.28571,50.538094,180.42856,165.11191,350.35715,363.34763,126.55406,109.00387,96.47331,final
2023-04-21,2,1011447,RW12,14.0,57.714287,44.969048,181.0,151.60715,372.0,383.66904,125.50627,118.768524,96.997696,final
2023-05-01,2,1011447,RW12,14.0,75.42857,40.17857,198.42857,135.68571,442.5,397.41666,178.02373,144.59789,111.20315,final
2023-05-11,2,1011447,RW12,14.0,8.785714,34.459522,141.92857,119.60714,447.4286,399.32144,34.936344,117.91345,111.89825,final
2023-05-21,2,1011447,RW12,14.0,11.142858,26.657143,95.35715,101.295235,437.78574,399.1667,50.992783,94.41359,109.55523,final
2023-06-01,2,1011447,RW12,14.0,1.7142857,9.021428,21.642857,70.13809,417.85715,360.5381,47.88589,35.458523,115.68073,final
2023-06-11,2,1011447,RW12,14.0,1.7142857,3.2904763,14.571429,38.969048,336.92856,323.6881,80.987946,44.511837,104.028275,final
2023-06-21,2,1011447,RW12,14.0,1.0,2.4095237,4.4285717,14.721428,280.78574,267.6238,80.97686,47.80877,104.827866,final
2023-07-01,2,1011447,RW12,14.0,1.0714285,1.8595238,3.7857144,7.5595236,223.85713,213.38333,88.51093,69.95261,104.79607,final
2023-07-11,2,1011447,RW12,14.0,0.85714287,1.4357142,2.9285715,5.704762,159.42856,164.28096,91.009995,74.06584,97.13352,final
2023-07-21,2,1011447,RW12,14.0,1.0,2.8904762,2.9285715,6.1857142,102.71429,122.20238,76.04104,70.881226,84.67946,final
2023-08-01,2,1011447,RW12,14.0,1.0,7.759524,2.857143,12.085714,28.285713,89.78333,47.023697,45.98662,35.117687,final
2023-08-11,2,1011447,RW12,14.0,1.0,10.569048,3.0,21.219048,20.500002,65.89285,38.538002,30.512169,35.96978,final
2023-08-21,2,1011447,RW12,14.0,1.3571428,14.161904,3.357143,32.490475,10.714286,53.397617,33.17595,22.291378,26.909122,final
2023-09-01,2,1011447,RW12,14.0,16.5,23.669048,18.857143,48.4,25.5,68.045235,74.993774,44.676296,41.754948,final
2023-09-11,2,1011447,RW12,14.0,42.142857,23.821428,60.0,61.65238,65.92857,88.57619,163.56877,97.5209,75.797676,final
2023-09-21,2,1011447,RW12,14.0,18.0,25.07619,76.64285,72.566666,82.92857,111.24286,76.47245,105.25508,75.64213,final
2023-10-01,2,1011447,RW12,14.0,19.214285,33.19524,79.35714,82.09286,101.071434,142.57857,63.39608,96.85885,71.87455,final
2023-10-11,2,1011447,RW12,14.0,37.0,38.783333,74.21429,97.05476,137.2143,179.9262,95.92692,77.61939,76.903275,final
2023-10-21,2,1011447,RW12,14.0,24.0,45.471428,80.21429,117.45,160.2143,222.50714,57.458252,69.59109,72.61939,final
2023-11-01,2,1011447,RW12,14.0,39.285713,45.819046,100.28571,130.0738,198.5,260.56668,87.14393,77.9468,76.628586,final
2023-11-11,2,1011447,RW12,14.0,52.714287,37.82381,116.0,129.11429,250.2143,287.82144,134.77148,90.22156,87.15697,final
2023-11-21,2,1011447,RW12,14.0,63.785713,43.990475,155.7857,127.63333,312.64285,317.65,140.4063,121.225716,98.44812,final
2023-12-01,2,1011447,RW12,14.0,25.357143,30.980953,141.85715,112.79524,321.5,324.9619,84.37003,124.67154,98.95081,final
2023-12-11,2,1011447,RW12,14.0,21.714285,25.590477,110.85714,100.561905,301.07144,326.73096,87.32876,109.7528,92.26496,final
2023-12-21,2,1011447,RW12,14.0,50.57143,33.904762,97.64285,90.47619,333.64288,335.55954,142.83966,107.506226,99.4372,final
2024-01-01,2,1011447,RW12,14.0,10.714286,22.583334,83.0,81.916664,325.14288,322.43808,56.970222,101.24641,100.82605,final
2024-01-11,2,1011447,RW12,14.0,20.0,21.345238,81.28572,78.7619,308.14285,305.3738,94.893814,103.013084,100.892166,final
2024-01-21,2,1011447,RW12,14.0,27.428572,24.64762,58.14286,68.57619,311.5714,283.50476,109.38003,85.819695,109.72831,final
2024-02-01,2,1011447,RW12,14.0,15.142858,26.430952,62.57143,72.42381,287.42856,264.43094,64.08606,87.274734,108.53562,final
2024-02-11,2,1011447,RW12,14.0,14.214286,32.554764,56.785717,83.63333,248.92856,258.67142,51.16338,69.70935,96.304924,final
2024-02-21,2,1011447,RW12,14.0,7.571429,26.811905,36.928574,85.79762,192.71428,241.55238,39.517998,46.17805,80.19159,final
2024-03-01,2,1011447,RW12,14.0,28.357143,47.65,50.14286,107.01666,195.71428,261.35715,63.35639,49.22737,75.35532,final
2024-03-11,2,1011447,RW12,14.0,21.142857,40.140476,57.07143,114.60238,195.14287,276.99762,57.914448,51.89816,70.97324,final
2024-03-21,2,1011447,RW12,14.0,37.285713,58.47381,86.78571,146.26428,181.85715,300.6381,66.61915,60.679035,61.136734,final
2024-04-01,2,1011447,RW12,14.0,57.642857,56.1,116.07143,154.71428,228.7857,334.15475,102.52514,75.80501,68.93187,final
2024-04-11,2,1011447,RW12,14.0,52.714287,50.538094,147.64285,165.11191,261.5,363.34763,103.91837,89.73085,72.350136,final
2024-04-21,2,1011447,RW12,14.0,78.07143,44.969048,188.42857,151.60715,312.14288,383.66904,166.24577,123.51197,81.59715,final
2024-05-01,2,1011447,RW12,14.0,47.714287,40.17857,178.5,135.68571,344.7143,397.41666,116.67985,130.43257,86.903534,final
2024-05-11,2,1011447,RW12,14.0,7.214286,34.459522,133.0,119.60714,337.7143,399.32144,30.953962,110.74806,84.76283,final
2024-05-21,2,1011447,RW12,14.0,4.785714,26.657143,59.714287,101.295235,334.9286,399.1667,30.911552,60.881645,84.10604,final
2024-06-01,2,1011447,RW12,14.0,1.6428572,9.021428,13.642858,70.13809,308.21426,360.5381,47.376465,24.811459,85.68581,final
2024-06-11,2,1011447,RW12,14.0,1.0,3.2904763,7.428571,38.969048,288.0714,323.6881,72.37221,28.266638,89.16399,final
2024-06-21,2,1011447,RW12,14.0,1.0,2.4095237,3.642857,14.721428,251.7857,267.6238,80.97686,43.8247,94.19049,final
2024-07-01,2,1011447,RW12,14.0,1.3571428,1.8595238,3.357143,7.5595236,195.5,213.38333,92.676155,66.54029,91.811035,final
2024-07-11,2,1011447,RW12,14.0,0.78571427,1.4357142,3.142857,5.704762,143.57144,164.28096,89.900116,76.06761,87.76619,final
2024-07-21,2,1011447,RW12,14.0,1.5714285,2.8904762,3.7142856,6.1857142,67.07143,122.20238,83.283035,77.90549,56.65887,final
2024-08-01,2,1011447,RW12,14.0,2.9285715,7.759524,5.285714,12.085714,22.285715,89.78333,62.138462,60.20067,28.78746,final
2024-08-11,2,1011447,RW12,14.0,9.214286,10.569048,13.714286,21.219048,24.285713,65.89285,91.29836,71.376686,41.309826,final
2024-08-21,2,1011447,RW12,14.0,12.642858,14.161904,24.785715,32.490475,32.142857,53.397617,92.07257,79.44875,63.60338,final
2024-09-01,2,1011447,RW12,14.0,7.857143,23.669048,29.714287,48.4,38.357143,68.045235,44.84677,65.008026,59.356564,final
2024-09-11,2,1011447,RW12,14.0,7.0,23.821428,27.5,61.65238,44.357143,88.57619,41.63569,48.76045,52.745407,final
2024-09-21,2,1011447,RW12,14.0,50.142857,25.07619,65.0,72.566666,93.5,111.24286,183.34389,90.24495,84.73639,final
2024-10-01,2,1011447,RW12,14.0,25.357143,33.19524,82.5,82.09286,117.5,142.57857,79.47887,100.467476,83.00663,final
2024-10-11,2,1011447,RW12,14.0,67.5,38.783333,143.0,97.05476,184.2143,179.9262,165.58813,145.02017,102.318825,final
2024-10-21,2,1011447,RW12,14.0,24.142857,45.471428,117.0,117.45,206.7857,222.50714,57.741295,99.63251,93.08969,final
2024-11-01,2,1011447,RW12,14.0,65.35714,45.819046,157.0,130.0738,269.2143,260.56668,138.4464,119.934425,103.25629,final
2024-11-11,2,1011447,RW12,14.0,87.5,37.82381,177.0,129.11429,347.5,287.82144,216.00131,135.70515,120.38053,final
2024-11-21,2,1011447,RW12,14.0,101.07143,43.990475,253.92857,127.63333,435.9286,317.65,216.5144,195.22136,136.65848,final
2024-12-01,2,1011447,RW12,14.0,16.714285,30.980953,205.2857,112.79524,444.7857,324.9619,60.34939,178.51799,136.31442,final
2024-12-11,2,1011447,RW12,14.0,24.142857,25.590477,141.92857,100.561905,461.92856,326.73096,95.267746,139.18712,140.7552,final
2024-12-21,2,1011447,RW12,14.0,36.5,33.904762,77.35714,90.47619,448.28574,335.55954,106.670746,86.259346,133.1003,final
2025-01-01,2,1011447,RW12,14.0,4.785714,22.583334,65.42857,81.916664,427.71426,322.43808,35.47691,81.03,132.15149,final
2025-01-11,2,1011447,RW12,14.0,24.785715,21.345238,66.07143,78.7619,384.99997,305.3738,113.0592,84.84934,125.65492,final
2025-01-21,2,1011447,RW12,14.0,38.142857,24.64762,67.71429,68.57619,398.99997,283.50476,145.5188,98.82856,140.03233,final
2025-02-01,2,1011447,RW12,14.0,26.357143,26.430952,89.28572,72.42381,359.99997,264.43094,99.76517,121.77872,135.4707,final
2025-02-11,2,1011447,RW12,14.0,18.571428,32.554764,83.07143,83.63333,291.07144,258.67142,62.76548,99.366035,112.28803,final
2025-02-21,2,1011447,RW12,14.0,2.7857144,26.811905,47.714287,85.79762,192.78572,241.55238,24.474216,58.056904,80.220566,final
2025-03-01,2,1011447,RW12,14.0,13.357142,47.65,34.714287,107.01666,189.42859,261.35715,34.866367,35.45391,72.995445,final
2025-03-11,2,1011447,RW12,14.0,32.0,40.140476,48.142857,114.60238,197.28572,276.99762,81.96635,44.432945,71.73313,final
2025-03-21,2,1011447,RW12,14.0,32.357143,58.47381,77.71429,146.26428,193.14285,300.6381,58.854424,54.68197,64.82924,final
2025-04-01,2,1011447,RW12,14.0,51.42857,56.1,115.78572,154.71428,239.78572,334.15475,92.354454,75.62612,72.17523,final
2025-04-11,2,1011447,RW12,14.0,70.57143,50.538094,154.35715,165.11191,285.5714,363.34763,136.07133,93.67783,78.8851,final
2025-04-21,2,1011447,RW12,14.0,111.92857,44.969048,233.92857,151.60715,359.35715,383.66904,234.002,152.56557,93.744835,final
2025-05-01,2,1011447,RW12,14.0,43.0,40.17857,225.5,135.68571,376.0,397.41666,106.24506,163.84038,94.67799,final
2025-05-11,2,1011447,RW12,14.0,29.357143,34.459522,184.28572,119.60714,386.78574,399.32144,87.069336,151.906,96.89957,final
2025-05-21,2,1011447,RW12,14.0,38.5,26.657143,110.85715,101.295235,422.5,399.1667,137.40974,108.99561,105.773186,final
2025-06-01,2,1011447,RW12,14.0,5.928571,9.021428,73.78572,70.13809,415.0714,360.5381,77.94193,104.85457,114.91865,final
2025-06-11,2,1011447,RW12,14.0,16.0,3.2904763,60.42857,38.969048,399.0714,323.6881,253.30272,148.80598,122.9346,final
2025-06-21,2,1011447,RW12,14.0,5.285714,2.4095237,27.214287,14.721428,372.0,267.6238,138.81747,163.34662,138.2858,final
2025-07-01,2,1011447,RW12,14.0,2.2857144,1.8595238,23.571428,7.5595236,322.85712,213.38333,106.21312,227.48816,150.12918,final
2025-07-11,2,1011447,RW12,14.0,1.2857143,1.4357142,8.857142,5.704762,253.57146,164.28096,97.66926,129.4484,152.74693,final
2025-07-21,2,1011447,RW12,14.0,1.0,2.8904762,4.571429,6.1857142,142.64288,122.20238,76.04104,85.56832,116.06928,final
2025-08-01,2,1011447,RW12,14.0,14.142858,7.759524,16.428572,12.085714,113.78572,89.78333,150.02798,125.41807,125.323425,final
2025-08-11,2,1011447,RW12,14.0,25.428572,10.569048,40.57143,21.219048,109.85715,65.89285,195.44272,173.8104,162.01512,final
2025-08-21,2,1011447,RW12,14.0,4.142857,14.161904,43.714287,32.490475,75.50001,53.397617,47.71372,129.93777,137.8481,final
2025-09-01,2,1011447,RW12,14.0,6.285714,23.669048,35.857143,48.4,75.85715,68.045235,39.3655,76.511505,110.694626,final
2025-09-11,2,1011447,RW12,14.0,25.071428,23.821428,35.5,61.65238,84.92857,88.57619,104.33705,60.76302,96.10199,final
2025-09-21,2,1011447,RW12,14.0,7.571429,25.07619,38.928574,72.566666,87.21429,111.24286,41.798607,56.633312,79.32899,final
2025-10-01,2,1011447,RW12,14.0,47.07143,33.19524,79.71429,82.09286,132.0,142.57857,136.32962,97.26893,92.83191,final
2025-10-11,2,1011447,RW12,14.0,26.0,38.783333,80.64286,97.05476,156.71428,179.9262,70.8032,83.91853,87.44801,final
2025-10-21,2,1011447,RW12,14.0,68.21429,45.471428,141.2857,117.45,223.92856,222.50714,145.06087,119.46566,100.62478,final
2025-11-01,2,1011447,RW12,14.0,46.357143,45.819046,140.57143,130.0738,256.14285,260.56668,101.05885,107.77177,98.33419,final
2025-11-11,2,1011447,RW12,14.0,28.142857,37.82381,142.71428,129.11429,258.85715,287.82144,77.393524,110.140594,90.10855,final
2025-11-21,2,1011447,RW12,14.0,16.357143,43.990475,90.85715,127.63333,271.07144,317.65,43.594482,72.272285,85.56375,final
2025-12-01,2,1011447,RW12,14.0,24.5,30.980953,69.0,112.79524,289.2857,324.9619,81.98782,62.820877,89.187775,final
2025-12-11,2,1011447,RW12,14.0,32.714287,25.590477,73.57143,100.561905,296.9286,326.73096,123.28767,74.43161,91.0161,final
2025-12-21,2,1011447,RW12,14.0,68.5,33.904762,125.71429,90.47619,357.85715,335.55954,188.92288,136.90775,106.54734,final
2026-01-01,2,1011447,RW12,14.0,46.42857,22.583334,147.64285,81.916664,357.21426,322.43808,186.44798,175.61978,110.62069,final
2026-01-11,2,1011447,RW12,14.0,18.928572,21.345238,133.85715,78.7619,350.14282,305.3738,90.826935,165.77602,114.424225,final
2026-01-21,2,1011447,RW12,14.0,53.785713,24.64762,119.14285,68.57619,335.71426,283.50476,198.2814,168.72694,118.09658,final
2026-02-01,2,1011447,RW12,14.0,30.714285,26.430952,103.42857,72.42381,320.07144,264.43094,113.627754,140.04552,120.651115,final
2026-02-11,2,1011447,RW12,14.0,30.071428,32.554764,114.57143,83.63333,322.00003,258.67142,93.38743,134.9057,124.018005,final
2026-02-21,2,1011447,RW12,14.0,22.0,26.811905,82.78571,85.79762,327.64288,241.55238,84.873886,96.68283,134.91774,final
2026-03-01,2,1011447,RW12,14.0,57.214287,47.65,109.28571,107.01666,360.35715,261.35715,118.16578,102.02564,137.16815,prelim
2026-03-11,2,1011447,RW12,14.0,38.357143,40.140476,117.57143,114.60238,366.0,276.99762,96.04937,102.48243,131.5614,prelim
2026-03-21,2,1011447,RW12,14.0,51.142857,58.47381,146.71428,146.26428,348.64285,300.6381,88.45043,100.297485,115.706406,prelim
2026-04-01,2,1011447,RW12,14.0,22.928572,56.1,112.42857,154.71428,325.14285,334.15475,45.70961,73.524155,97.342834,prelim
2026-04-11,2,1011447,RW12,14.0,51.5,50.538094,125.57143,165.11191,357.71426,363.34763,101.73198,76.756195,98.47064,forecast
2022-01-01,2,1011448,RW53,51.0,15.784314,22.300653,100.82353,81.973854,307.09802,321.8281,76.131195,121.672806,95.49302,final
2022-01-11,2,1011448,RW53,51.0,38.117645,21.72026,98.666664,78.88824,314.68628,306.1026,161.36685,123.57712,102.75911,final
2022-01-21,2,1011448,RW53,51.0,23.313726,23.628757,77.21568,67.64967,270.4902,282.82614,98.8996,113.16731,95.714096,final
2022-02-01,2,1011448,RW53,51.0,35.901962,24.501307,97.333336,69.85033,275.09802,262.26144,138.64458,136.71729,104.803,final
2022-02-11,2,1011448,RW53,51.0,54.098038,28.305882,113.31373,76.43594,305.41174,252.02876,177.44025,145.28441,120.76927,final
2022-02-21,2,1011448,RW53,51.0,39.64706,24.863398,129.64706,77.670586,307.47058,234.48889,149.50429,162.8718,130.47394,final
2022-03-01,2,1011448,RW53,51.0,36.862743,43.901962,130.60785,97.07124,328.76468,248.89543,85.605446,132.85606,131.45753,final
2022-03-11,2,1011448,RW53,51.0,40.72549,37.517647,117.23529,106.283005,329.2157,261.60718,107.54473,109.841835,125.35886,final
2022-03-21,2,1011448,RW53,51.0,33.35294,55.683006,110.94118,137.10262,317.80392,282.42288,63.202106,81.58976,112.30975,final
2022-04-01,2,1011448,RW53,51.0,22.333334,55.860783,96.411766,149.06143,324.35294,315.983,44.91124,65.82554,102.6076,final
2022-04-11,2,1011448,RW53,51.0,73.09804,53.673203,128.7843,165.217,359.33337,347.93594,133.10683,78.59632,103.22932,final
2022-04-21,2,1011448,RW53,51.0,102.15686,41.951633,197.58823,151.48563,438.17645,366.25882,228.22818,129.46124,119.37129,final
2022-05-01,2,1011448,RW53,51.0,16.37255,39.54379,191.62744,135.16862,418.64706,381.3013,47.980984,140.2792,109.66753,final
2022-05-11,2,1011448,RW53,51.0,11.3529415,29.101961,129.88235,110.59739,375.90195,382.09738,47.953083,116.68288,98.39951,final
2022-05-21,2,1011448,RW53,51.0,67.27451,26.279085,95.0,94.924835,403.52942,383.51306,231.06339,100.07522,105.15205,final
2022-06-01,2,1011448,RW53,51.0,3.3921568,9.005229,82.019615,64.38628,370.0588,348.61633,59.921593,125.4133,106.063774,final
2022-06-11,2,1011448,RW53,51.0,2.0980392,4.385621,72.76471,39.669933,331.43137,315.4843,75.62674,174.08737,104.97593,final
2022-06-21,2,1011448,RW53,51.0,2.0392158,3.2562091,7.5294123,16.647058,300.11765,263.05753,85.25966,57.880436,113.82544,final
2022-07-01,2,1011448,RW53,51.0,1.372549,2.1594772,5.509804,9.801308,279.15686,209.3562,89.00858,71.00592,132.56294,final
2022-07-11,2,1011448,RW53,51.0,0.98039216,1.3928105,4.392157,6.808497,207.0392,157.07582,93.54871,79.53728,130.82716,final
2022-07-21,2,1011448,RW53,51.0,6.1764708,3.3673203,8.529412,6.919608,111.05882,118.4915,133.57289,113.50551,93.981224,final
2022-08-01,2,1011448,RW53,51.0,8.039216,9.144444,15.196079,13.904575,102.725494,88.092155,92.18613,106.8317,115.7192,final
2022-08-11,2,1011448,RW53,51.0,17.039215,10.684314,31.254902,23.19608,108.411766,69.67451,140.51756,128.58136,151.8748,final
2022-08-21,2,1011448,RW53,51.0,28.588236,16.596079,53.666664,36.424835,69.725494,59.991505,155.52933,141.62196,114.97733,final
2022-09-01,2,1011448,RW53,51.0,14.90196,24.369934,60.52941,51.650326,81.2353,75.35621,67.76305,115.67349,107.31628,final
2022-09-11,2,1011448,RW53,51.0,23.843138,24.167974,67.333336,65.13399,102.9804,95.138565,98.88632,103.13592,107.830986,final
2022-09-21,2,1011448,RW53,51.0,25.039215,24.611765,63.784313,73.14967,125.98039,116.49412,101.44352,88.01613,107.80801,final
2022-10-01,2,1011448,RW53,51.0,23.039215,36.9366,71.92157,85.71634,147.64706,151.27124,66.86096,84.79351,97.68084,final
2022-10-11,2,1011448,RW53,51.0,17.666666,37.72222,65.745094,99.270584,164.33334,187.60066,53.05592,67.8476,87.919395,final
2022-10-21,2,1011448,RW53,51.0,46.372547,45.86536,87.07843,120.524185,204.52942,230.0987,100.997116,73.35513,89.12402,final
2022-11-01,2,1011448,RW53,51.0,29.137255,45.420914,93.17647,129.0085,225.62746,266.37515,67.70455,73.261375,84.98474,final
2022-11-11,2,1011448,RW53,51.0,52.862743,38.14902,128.37254,129.43529,261.45096,293.83987,134.09978,99.20947,89.16178,final
2022-11-21,2,1011448,RW53,51.0,41.235294,42.17059,123.23529,125.740524,274.09805,319.41437,98.01721,98.08381,86.03135,final
2022-12-01,2,1011448,RW53,51.0,46.92157,32.16601,141.0196,112.48562,306.11765,327.21045,139.70175,124.287224,93.65077,final
2022-12-11,2,1011448,RW53,51.0,27.313726,25.969934,115.47059,100.30653,309.58823,329.01242,104.33903,114.399925,94.184586,final
2022-12-21,2,1011448,RW53,51.0,26.549019,34.08693,100.78432,92.22288,311.09802,338.48758,80.71501,108.80599,92.02605,final
2023-01-01,2,1011448,RW53,51.0,20.470589,22.300653,74.333336,81.973854,308.5294,321.8281,93.29663,91.21516,95.93098,final
2023-01-11,2,1011448,RW53,51.0,58.333332,21.72026,105.352936,78.88824,349.19608,306.1026,237.02364,131.54758,113.85186,final
2023-01-21,2,1011448,RW53,51.0,36.490196,23.628757,115.29412,67.64967,339.31372,282.82614,144.9249,165.5811,119.625595,final
2023-02-01,2,1011448,RW53,51.0,5.470588,24.501307,100.29412,69.85033,315.64706,262.26144,35.49195,140.6729,119.97505,final
2023-02-11,2,1011448,RW53,51.0,3.8039215,28.305882,45.764706,76.43594,266.58823,252.02876,26.433533,62.336975,105.66453,final
2023-02-21,2,1011448,RW53,51.0,18.882353,24.863398,28.156862,77.670586,244.23529,234.48889,79.971985,40.1072,104.069664,final
2023-03-01,2,1011448,RW53,51.0,16.470589,43.901962,39.15686,97.07124,213.7843,248.89543,43.905373,43.260826,86.17103,final
2023-03-11,2,1011448,RW53,51.0,80.72549,37.517647,116.07843,106.283005,267.19608,261.60718,201.62332,108.80227,102.096306,final
2023-03-21,2,1011448,RW53,51.0,55.60784,55.683006,152.80392,137.10262,296.2549,282.42288,99.87614,111.04927,104.81243,final
2023-04-01,2,1011448,RW53,51.0,54.294117,55.860783,190.62744,149.06143,330.07846,315.983,97.42582,126.98015,104.391335,final
2023-04-11,2,1011448,RW53,51.0,72.39216,53.673203,182.29413,165.217,344.13727,347.93594,131.90376,110.03257,98.9237,final
2023-04-21,2,1011448,RW53,51.0,51.431374,41.951633,178.11765,151.48563,359.07843,366.25882,120.190445,117.01883,98.06593,final
2023-05-01,2,1011448,RW53,51.0,79.94118,39.54379,203.76471,135.16862,433.549,381.3013,190.6914,148.93826,113.525116,final
2023-05-11,2,1011448,RW53,51.0,7.0588236,29.101961,138.43138,110.59739,436.80396,382.09738,35.361088,124.07839,114.132515,final
2023-05-21,2,1011448,RW53,51.0,7.5882354,26.279085,94.588234,94.924835,425.5098,383.51306,40.2449,99.66315,110.809616,final
2023-06-01,2,1011448,RW53,51.0,2.7058823,9.005229,17.352942,64.38628,411.7451,348.61633,55.021465,32.21522,117.85233,final
2023-06-11,2,1011448,RW53,51.0,4.019608,4.385621,14.313726,39.669933,335.03925,315.4843,96.10027,43.236523,106.10168,final
2023-06-21,2,1011448,RW53,51.0,1.3529412,3.2562091,8.078432,16.647058,280.78433,263.05753,76.94743,60.416668,106.61307,final
2023-07-01,2,1011448,RW53,51.0,1.4313725,2.1594772,6.8039217,9.801308,227.92157,209.3562,89.8302,79.749176,108.66098,final
2023-07-11,2,1011448,RW53,51.0,0.8039216,1.3928105,3.5882354,6.808497,156.33334,157.07582,90.78827,72.72929,99.54189,final
2023-07-21,2,1011448,RW53,51.0,0.98039216,3.3673203,3.2156863,6.919608,105.882355,118.4915,71.473206,68.92582,89.78946,final
2023-08-01,2,1011448,RW53,51.0,1.9019607,9.144444,3.6862745,13.904575,27.843136,88.092155,48.796265,45.948,35.28024,final
2023-08-11,2,1011448,RW53,51.0,1.7843137,10.684314,4.6666665,23.19608,22.568626,69.67451,43.255405,34.283726,36.91839,final
2023-08-21,2,1011448,RW53,51.0,2.0392158,16.596079,5.7254906,36.424835,17.019608,59.991505,32.59488,25.89145,33.88075,final
2023-09-01,2,1011448,RW53,51.0,30.843138,24.369934,34.666668,51.650326,45.156864,75.35621,122.040245,70.020195,62.418156,final
2023-09-11,2,1011448,RW53,51.0,46.372547,24.167974,79.2549,65.13399,87.5098,95.138565,176.12656,120.134186,92.38179,final
2023-09-21,2,1011448,RW53,51.0,25.039215,24.611765,102.2549,73.14967,111.196075,116.49412,101.44352,137.24292,95.63926,final
2023-10-01,2,1011448,RW53,51.0,26.137255,36.9366,97.54901,85.71634,135.90196,151.27124,74.248405,113.043594,90.165,final
2023-10-11,2,1011448,RW53,51.0,37.862743,37.72222,89.039215,99.270584,172.96078,187.60066,100.32892,90.187675,92.39885,final
2023-10-21,2,1011448,RW53,51.0,29.039215,45.86536,93.039215,120.524185,201.0196,230.0987,66.92023,78.10384,87.63112,final
2023-11-01,2,1011448,RW53,51.0,38.568626,45.420914,105.47059,129.0085,237.68628,266.37515,86.40983,82.43551,89.42834,final
2023-11-11,2,1011448,RW53,51.0,53.294117,38.14902,120.90196,129.43529,289.19608,293.83987,135.0995,93.652466,98.44606,final
2023-11-21,2,1011448,RW53,51.0,61.60784,42.17059,153.47058,125.740524,348.7647,319.41437,141.2063,121.20999,109.04717,final
2023-12-01,2,1011448,RW53,51.0,34.54902,32.16601,149.45099,112.48562,352.47058,327.21045,106.41179,131.46375,107.60366,final
2023-12-11,2,1011448,RW53,51.0,24.039215,25.969934,120.196075,100.30653,330.13724,329.01242,93.76582,118.88728,100.336754,final
2023-12-21,2,1011448,RW53,51.0,54.92157,34.08693,113.5098,92.22288,360.0196,338.48758,153.30334,121.89498,106.26865,final
2024-01-01,2,1011448,RW53,51.0,11.960784,22.300653,90.92157,81.973854,345.84314,321.8281,62.125935,110.28782,107.347916,final
2024-01-11,2,1011448,RW53,51.0,21.37255,21.72026,88.254906,78.88824,329.35294,306.1026,98.6987,111.16566,107.473526,final
2024-01-21,2,1011448,RW53,51.0,29.705883,23.628757,63.039215,67.64967,330.0196,282.82614,121.22735,93.65385,116.39651,final
2024-02-01,2,1011448,RW53,51.0,23.82353,24.501307,74.90196,69.85033,315.2745,262.26144,97.70256,106.748985,119.83565,final
2024-02-11,2,1011448,RW53,51.0,15.980392,28.305882,69.5098,76.43594,277.96075,252.02876,62.993057,91.49498,110.08915,final
2024-02-21,2,1011448,RW53,51.0,14.431373,24.863398,54.2353,77.670586,230.78432,234.48889,65.06752,71.65221,98.45313,final
2024-03-01,2,1011448,RW53,51.0,29.980392,43.901962,60.39216,97.07124,226.21568,248.89543,71.53168,64.06521,91.06729,final
2024-03-11,2,1011448,RW53,51.0,18.490196,37.517647,62.901962,106.283005,220.66666,261.60718,55.24811,61.017372,84.643875,final
2024-03-21,2,1011448,RW53,51.0,35.627453,55.683006,84.09804,137.10262,201.37257,282.42288,66.950294,62.699787,71.801025,final
2024-04-01,2,1011448,RW53,51.0,49.862743,55.860783,103.98039,149.06143,239.27454,315.983,90.14466,70.738266,76.10202,final
2024-04-11,2,1011448,RW53,51.0,59.627453,53.673203,145.11765,165.217,277.52942,347.93594,110.14817,88.191925,80.05119,final
2024-04-21,2,1011448,RW53,51.0,67.588234,41.951633,177.07843,151.48563,315.41177,366.25882,154.60214,116.35473,86.30415,final
2024-05-01,2,1011448,RW53,51.0,45.666668,39.54379,172.88235,135.16862,337.2549,381.3013,113.74575,126.90597,88.597916,final
2024-05-11,2,1011448,RW53,51.0,4.470588,29.101961,117.72549,110.59739,325.7451,382.09738,27.771393,106.16631,85.442345,final
2024-05-21,2,1011448,RW53,51.0,3.372549,26.279085,53.509804,94.924835,314.68628,383.51306,26.767244,58.553814,82.28456,final
2024-06-01,2,1011448,RW53,51.0,1.3137255,9.005229,9.156862,64.38628,286.0196,348.61633,45.0812,20.402971,82.29812,final
2024-06-11,2,1011448,RW53,51.0,1.2156863,4.385621,5.901961,39.669933,268.7451,315.4843,66.225624,24.40559,85.41607,final
2024-06-21,2,1011448,RW53,51.0,1.372549,3.2562091,3.9019608,16.647058,234.49017,263.05753,77.18493,41.123188,89.34283,final
2024-07-01,2,1011448,RW53,51.0,3.0588236,2.1594772,5.647059,9.801308,187.68625,209.3562,112.56162,71.93323,89.890686,final
2024-07-11,2,1011448,RW53,51.0,0.8235294,1.3928105,5.254902,6.808497,128.88235,157.07582,91.09498,86.84342,82.60477,final
2024-07-21,2,1011448,RW53,51.0,2.372549,3.3673203,6.254902,6.919608,63.666664,118.4915,88.11124,94.423416,55.604362,final
2024-08-01,2,1011448,RW53,51.0,2.0392158,9.144444,5.2352943,13.904575,20.039215,88.092155,49.766647,54.14189,26.897234,final
2024-08-11,2,1011448,RW53,51.0,7.8039217,10.684314,12.215687,23.19608,23.372551,69.67451,81.63521,61.057026,37.994965,final
2024-08-21,2,1011448,RW53,51.0,9.980392,16.596079,19.82353,36.424835,29.980392,59.991505,69.36626,59.92427,53.823025,final
2024-09-01,2,1011448,RW53,51.0,9.137255,24.369934,26.921568,51.650326,37.803925,75.35621,48.135124,56.348427,53.267723,final
2024-09-11,2,1011448,RW53,51.0,8.666667,24.167974,27.784313,65.13399,45.2549,95.138565,46.855045,46.74526,50.185364,final
2024-09-21,2,1011448,RW53,51.0,52.235294,24.611765,70.039215,73.14967,96.117645,116.49412,193.28566,96.01987,83.228424,final
2024-10-01,2,1011448,RW53,51.0,31.960785,36.9366,92.86275,85.71634,125.01961,151.27124,88.13491,107.877754,83.20124,final
2024-10-11,2,1011448,RW53,51.0,60.215687,37.72222,144.41176,99.270584,184.41176,187.60066,152.6505,143.29234,98.34429,final
2024-10-21,2,1011448,RW53,51.0,19.90196,45.86536,112.07843,120.524185,201.94118,230.0987,48.95662,93.271614,88.02311,final
2024-11-01,2,1011448,RW53,51.0,64.23529,45.420914,144.35294,129.0085,264.13727,266.37515,137.31464,111.45035,99.175354,final
2024-11-11,2,1011448,RW53,51.0,78.45098,38.14902,162.58823,129.43529,334.7843,293.83987,193.4018,124.66089,113.701126,final
2024-11-21,2,1011448,RW53,51.0,88.52941,42.17059,231.2157,125.740524,413.33334,319.41437,198.27908,180.6752,128.95032,final
2024-12-01,2,1011448,RW53,51.0,22.27451,32.16601,189.2549,112.48562,426.47058,327.21045,73.38563,165.34355,129.8787,final
2024-12-11,2,1011448,RW53,51.0,23.019608,25.969934,133.82353,100.30653,440.82355,329.01242,90.47357,131.82803,133.47514,final
2024-12-21,2,1011448,RW53,51.0,37.568626,34.08693,82.86275,92.22288,426.1569,338.48758,108.90757,90.372505,125.523285,final
2025-01-01,2,1011448,RW53,51.0,4.8235292,22.300653,65.411766,81.973854,399.0196,321.8281,35.982765,80.9574,123.61838,final
2025-01-11,2,1011448,RW53,51.0,21.09804,21.72026,63.490196,78.88824,359.90195,306.1026,97.67136,81.64458,117.29312,final
2025-01-21,2,1011448,RW53,51.0,29.82353,23.628757,55.745102,67.64967,369.82355,282.82614,121.6383,83.61373,130.22568,final
2025-02-01,2,1011448,RW53,51.0,20.235294,24.501307,71.15686,69.85033,325.82352,262.26144,85.53958,101.74554,123.78273,final
2025-02-11,2,1011448,RW53,51.0,12.607843,28.305882,62.666664,76.43594,259.98038,252.02876,52.867065,83.09189,103.09367,final
2025-02-21,2,1011448,RW53,51.0,2.372549,24.863398,35.21569,77.670586,173.82353,234.48889,24.687576,48.645706,74.668816,final
2025-03-01,2,1011448,RW53,51.0,12.137255,43.901962,27.117647,97.07124,163.68628,248.89543,35.044106,31.465908,66.43927,final
2025-03-11,2,1011448,RW53,51.0,32.235294,37.517647,46.7451,106.283005,172.90196,261.60718,87.57609,46.498653,66.72812,final
2025-03-21,2,1011448,RW53,51.0,31.392157,55.683006,75.76471,137.10262,166.72548,282.42288,59.97092,56.835484,59.746628,final
2025-04-01,2,1011448,RW53,51.0,57.980392,55.860783,121.60784,149.06143,219.88234,315.983,103.48273,82.1801,70.06052,final
2025-04-11,2,1011448,RW53,51.0,61.52941,53.673203,150.90196,165.217,260.31372,347.93594,113.38978,91.590126,75.17334,final
2025-04-21,2,1011448,RW53,51.0,90.70588,41.951633,210.21568,151.48563,321.19608,366.25882,203.8393,137.53064,87.862175,final
2025-05-01,2,1011448,RW53,51.0,60.588234,39.54379,212.82352,135.16862,361.549,381.3013,147.2444,155.40105,94.88682,final
2025-05-11,2,1011448,RW53,51.0,28.078432,29.101961,179.37254,110.59739,377.0196,382.09738,96.99862,159.49542,98.68824,final
2025-05-21,2,1011448,RW53,51.0,28.215687,26.279085,116.882355,94.924835,402.86273,383.51306,106.19136,121.97404,104.980446,final
2025-06-01,2,1011448,RW53,51.0,7.8235292,9.005229,64.11765,64.38628,398.549,348.61633,91.56244,99.612854,114.120575,final
2025-06-11,2,1011448,RW53,51.0,16.294117,4.385621,52.333332,39.669933,382.60785,315.4843,226.88022,128.34882,120.944405,final
2025-06-21,2,1011448,RW53,51.0,10.019608,3.2562091,34.137253,16.647058,361.2353,263.05753,181.91893,180.7971,136.62564,final
2025-07-01,2,1011448,RW53,51.0,2.6470587,2.1594772,28.960783,9.801308,305.90195,209.3562,106.810295,229.44447,145.03987,final
2025-07-11,2,1011448,RW53,51.0,1.0784314,1.3928105,13.745097,6.808497,245.45097,157.07582,95.0823,158.74246,154.52704,final
2025-07-21,2,1011448,RW53,51.0,1.0,3.3673203,4.72549,6.919608,155.7451,118.4915,71.70755,81.59237,130.16693,final
2025-08-01,2,1011448,RW53,51.0,9.176471,9.144444,11.254902,13.904575,104.333336,88.092155,100.226425,85.983955,117.44635,final
2025-08-11,2,1011448,RW53,51.0,26.882353,10.684314,37.058823,23.19608,103.13725,69.67451,203.27542,149.1655,144.81148,final
2025-08-21,2,1011448,RW53,51.0,3.6862745,16.596079,39.7451,36.424835,78.60784,59.991505,40.221535,108.01515,128.64426,final
2025-09-01,2,1011448,RW53,51.0,7.6666665,24.369934,38.235294,51.650326,78.45097,75.35621,43.128002,76.31959,103.8513,final
2025-09-11,2,1011448,RW53,51.0,18.72549,24.167974,30.078432,65.13399,80.882355,95.138565,81.34089,50.016308,85.76351,final
2025-09-21,2,1011448,RW53,51.0,8.039216,24.611765,34.431374,73.14967,78.90196,116.49412,44.0339,50.456226,69.05846,final
2025-10-01,2,1011448,RW53,51.0,54.235294,36.9366,81.0,85.71634,130.49019,151.27124,141.24963,94.801,86.701935,final
2025-10-11,2,1011448,RW53,51.0,34.568626,37.72222,96.84314,99.270584,163.98038,187.60066,92.61838,97.671974,87.73614,final
2025-10-21,2,1011448,RW53,51.0,67.98039,45.86536,156.78432,120.524185,230.96077,230.0987,143.47758,128.88698,100.366684,final
2025-11-01,2,1011448,RW53,51.0,52.117645,45.420914,154.66666,129.0085,273.90198,266.37515,113.281654,119.14667,102.77358,final
2025-11-11,2,1011448,RW53,51.0,23.117647,38.14902,143.21568,129.43529,270.13727,293.83987,65.16404,110.25058,92.06846,final
2025-11-21,2,1011448,RW53,51.0,12.843137,42.17059,88.07843,125.740524,279.29413,319.41437,37.826824,71.19325,87.633026,final
2025-12-01,2,1011448,RW53,51.0,24.72549,32.16601,60.686275,112.48562,296.35294,327.21045,79.98031,55.910057,90.71146,final
2025-12-11,2,1011448,RW53,51.0,32.235294,25.969934,69.803925,100.30653,309.86273,329.01242,120.23046,71.034454,94.26677,final
2025-12-21,2,1011448,RW53,51.0,81.882355,34.08693,138.84314,92.22288,383.70587,338.48758,222.27982,147.95195,113.16446,final
2026-01-01,2,1011448,RW53,51.0,31.019608,22.300653,145.13725,81.973854,360.49017,321.8281,131.9368,172.62343,111.82948,final
2026-01-11,2,1011448,RW53,51.0,18.156862,21.72026,131.05882,78.88824,344.07843,306.1026,86.664055,162.19058,112.206856,final
2026-01-21,2,1011448,RW53,51.0,49.019608,23.628757,98.196075,67.64967,325.1176,282.82614,188.69002,142.04617,114.69341,final
2026-02-01,2,1011448,RW53,51.0,31.549019,24.501307,98.72549,69.85033,304.549,262.26144,123.889496,138.5772,115.82254,final
2026-02-11,2,1011448,RW53,51.0,38.45098,28.305882,119.01961,76.43594,319.88235,252.02876,130.46039,152.29099,126.39923,final
2026-02-21,2,1011448,RW53,51.0,29.235294,24.863398,99.23529,77.670586,336.2745,234.48889,114.63965,126.085106,142.50119,final
2026-03-01,2,1011448,RW53,51.0,57.901962,43.901962,125.58824,97.07124,369.451,248.89543,128.62871,127.93833,147.48238,prelim
2026-03-11,2,1011448,RW53,51.0,39.058823,37.517647,126.196075,106.283005,376.27454,261.60718,103.624794,117.89407,143.00986,prelim
2026-03-21,2,1011448,RW53,51.0,44.705883,55.683006,141.66667,137.10262,339.09802,282.42288,81.91071,103.21181,119.71838,prelim
2026-04-01,2,1011448,RW53,51.0,23.019608,55.860783,106.78432,149.06143,331.09802,315.983,46.038853,72.55827,104.708984,prelim
2026-04-11,2,1011448,RW53,51.0,50.372547,53.673203,118.09804,165.217,363.31372,347.93594,94.374504,72.3183,104.3571,forecast
2022-01-01,2,1011449,RW45,27.0,15.222222,22.25432,104.37037,80.52099,310.55557,334.042,74.19822,127.88717,93.072716,final
2022-01-11,2,1011449,RW45,27.0,32.074074,20.730864,99.44444,77.24321,297.07407,311.1247,144.08406,126.99461,95.55535,final
2022-01-21,2,1011449,RW45,27.0,25.11111,24.387655,72.40741,67.37284,262.1852,284.4531,102.46177,106.956436,92.306915,final
2022-02-01,2,1011449,RW45,27.0,49.666668,26.517284,106.85185,71.6358,279.03702,263.58765,173.4498,145.95247,105.752075,final
2022-02-11,2,1011449,RW45,27.0,71.51852,32.940742,146.2963,83.84568,325.1111,256.67532,201.67902,170.2911,126.15295,final
2022-02-21,2,1011449,RW45,27.0,35.37037,27.377777,156.55554,86.8358,330.92593,240.21852,124.68543,175.91783,136.99043,final
2022-03-01,2,1011449,RW45,27.0,40.11111,48.01358,147.0,108.3321,358.22223,260.4889,85.0935,134.11911,136.81259,final
2022-03-11,2,1011449,RW45,27.0,47.444443,40.6642,122.92592,116.05556,368.6667,277.14444,114.84805,105.67538,132.43808,final
2022-03-21,2,1011449,RW45,27.0,38.48148,59.750618,126.03703,148.42839,354.99997,302.63702,67.15223,85.40599,117.02101,final
2022-04-01,2,1011449,RW45,27.0,25.0,61.649384,110.92592,162.0642,364.77774,342.0321,45.01167,69.390045,106.55433,final
2022-04-11,2,1011449,RW45,27.0,57.962963,58.474075,121.44444,179.87407,390.66666,379.7753,99.19477,68.394905,102.830574,final
2022-04-21,2,1011449,RW45,27.0,63.77778,49.49259,146.74075,169.61604,429.3333,404.88025,126.21491,86.89966,105.9659,final
2022-05-01,2,1011449,RW45,27.0,20.185184,46.214813,141.92592,154.18149,399.8518,424.5778,49.175587,92.30088,94.244125,final
2022-05-11,2,1011449,RW45,27.0,24.777779,37.36296,108.740746,133.07037,353.11108,429.0,70.292015,82.37882,82.51408,final
2022-05-21,2,1011449,RW45,27.0,95.96296,31.635803,140.92592,115.21358,413.70367,433.25803,275.58548,121.388885,95.53816,final
2022-06-01,2,1011449,RW45,27.0,3.0,11.014814,123.74074,80.01358,376.59256,396.25928,49.953747,151.4355,95.098755,final
2022-06-11,2,1011449,RW45,27.0,2.925926,4.369136,101.888885,47.019753,332.07407,359.9642,84.59613,205.4775,92.358116,final
2022-06-21,2,1011449,RW45,27.0,2.4074075,3.217284,8.333334,18.601234,296.0,303.43085,90.14423,56.494225,97.59076,final
2022-07-01,2,1011449,RW45,27.0,1.0,2.071605,6.3333335,9.658025,272.0,243.85309,84.846375,77.31828,111.310646,final
2022-07-11,2,1011449,RW45,27.0,1.037037,1.7765433,4.4444447,7.065432,215.07407,187.15556,89.087265,78.27689,114.52912,final
2022-07-21,2,1011449,RW45,27.0,6.4814816,3.9012346,8.518518,7.7493825,157.77776,141.5642,128.98752,106.03273,111.06243,final
2022-08-01,2,1011449,RW45,27.0,12.925926,11.012345,20.444445,16.690123,150.5185,106.36173,111.95067,117.3089,139.65164,final
2022-08-11,2,1011449,RW45,27.0,20.037037,14.474074,39.444443,29.387655,145.77779,83.47284,128.566,129.24535,170.42268,final
2022-08-21,2,1011449,RW45,27.0,38.25926,19.75926,71.22222,45.245678,88.07407,71.5963,174.71951,151.69907,121.5125,final
2022-09-01,2,1011449,RW45,27.0,18.11111,32.10247,76.40741,66.3358,103.18518,92.68395,62.289955,114.11859,110.75021,final
2022-09-11,2,1011449,RW45,27.0,36.62963,29.417284,93.0,81.279015,136.88889,117.7321,120.9556,113.584984,115.60862,final
2022-09-21,2,1011449,RW45,27.0,30.37037,30.474073,85.111115,91.99383,164.85185,144.98889,99.70766,92.90397,113.24296,final
2022-10-01,2,1011449,RW45,27.0,22.074074,40.918518,89.07407,100.809875,185.92593,183.8358,58.961124,88.90859,101.10686,final
2022-10-11,2,1011449,RW45,27.0,19.444445,44.10988,71.888885,115.50247,204.33336,226.16913,49.775005,63.806896,90.5542,final
2022-10-21,2,1011449,RW45,27.0,50.703705,50.165432,92.22222,135.19383,248.55556,272.43335,100.97574,69.348434,91.39332,final
2022-11-01,2,1011449,RW45,27.0,35.851852,47.771606,106.0,142.04692,271.48148,309.1926,77.41257,75.486115,87.99745,final
2022-11-11,2,1011449,RW45,27.0,64.55556,39.446915,151.11111,137.38396,316.0,334.16544,156.4913,109.640945,94.64407,final
2022-11-21,2,1011449,RW45,27.0,44.962963,44.077778,145.37038,131.2963,322.7037,358.48395,101.803635,110.32609,90.1563,final
2022-12-01,2,1011449,RW45,27.0,40.48148,30.258024,150.0,113.782715,345.07407,356.6395,128.9961,130.49036,96.80194,final
2022-12-11,2,1011449,RW45,27.0,21.25926,25.379013,106.703705,99.71481,329.70367,352.60123,86.43882,106.67422,93.59691,final
2022-12-21,2,1011449,RW45,27.0,35.51852,33.350616,97.25926,88.987656,334.85184,355.47778,105.652855,108.800735,94.27816,final
2023-01-01,2,1011449,RW45,27.0,23.962963,22.25432,80.74074,80.52099,336.74072,334.042,106.26925,100.25696,100.79598,final
2023-01-11,2,1011449,RW45,27.0,53.444443,20.730864,112.92593,77.24321,370.74072,311.1247,227.13751,143.38683,118.85838,final
2023-01-21,2,1011449,RW45,27.0,33.592594,24.387655,111.0,67.37284,353.62964,284.4531,131.32246,160.28113,123.899055,final
2023-02-01,2,1011449,RW45,27.0,4.0740743,26.517284,91.11111,71.6358,321.85184,263.58765,28.790787,125.412796,121.6928,final
2023-02-11,2,1011449,RW45,27.0,3.148148,32.940742,40.814816,83.84568,260.44446,256.67532,21.475985,51.56673,101.440384,final
2023-02-21,2,1011449,RW45,27.0,22.666666,27.377777,29.88889,86.8358,238.14816,240.21852,85.449554,37.99051,99.15571,final
2023-03-01,2,1011449,RW45,27.0,23.777779,48.01358,49.59259,108.3321,221.44446,260.4889,54.283787,48.170456,85.29338,final
2023-03-11,2,1011449,RW45,27.0,88.44444,40.6642,134.88889,116.05556,288.62964,277.14444,204.63393,115.55759,104.07068,final
2023-03-21,2,1011449,RW45,27.0,58.592594,59.750618,170.81482,148.42839,311.7037,302.63702,98.21156,114.5908,102.9472,final
2023-04-01,2,1011449,RW45,27.0,65.81481,61.649384,212.85184,162.0642,353.55557,342.0321,106.24976,130.40007,103.32057,final
2023-04-11,2,1011449,RW45,27.0,87.96296,58.474075,212.37036,179.87407,388.07407,379.7753,146.45815,117.57753,102.156784,final
2023-04-21,2,1011449,RW45,27.0,76.77778,49.49259,230.55554,169.61604,431.25925,404.88025,150.07137,134.89914,106.435776,final
2023-05-01,2,1011449,RW45,27.0,152.96297,46.214813,317.7037,154.18149,580.14813,424.5778,308.43216,202.72691,136.2147,final
2023-05-11,2,1011449,RW45,27.0,6.888889,37.36296,236.62964,133.07037,583.8889,429.0,28.06435,175.0047,135.68869,final
2023-05-21,2,1011449,RW45,27.0,5.5555553,31.635803,165.40741,115.21358,566.7778,433.25803,28.812132,141.75388,130.466,final
2023-06-01,2,1011449,RW45,27.0,2.1111112,11.014814,14.555555,80.01358,545.1111,396.25928,44.40333,23.00286,137.09616,final
2023-06-11,2,1011449,RW45,27.0,1.5555556,4.369136,9.222222,47.019753,458.22217,359.9642,69.96969,27.340042,126.92263,final
2023-06-21,2,1011449,RW45,27.0,1.8888888,3.217284,5.5555553,18.601234,401.51846,303.43085,83.83413,44.72459,131.80214,final
2023-07-01,2,1011449,RW45,27.0,1.5555556,2.071605,5.0,9.658025,337.25922,243.85309,92.702515,68.222015,137.53464,final
2023-07-11,2,1011449,RW45,27.0,1.0,1.7765433,4.4444447,7.065432,250.29631,187.15556,88.54072,78.27689,132.85918,final
2023-07-21,2,1011449,RW45,27.0,1.0,3.9012346,3.5555556,7.7493825,174.51852,141.5642,67.40638,67.105644,122.48457,final
2023-08-01,2,1011449,RW45,27.0,1.6666666,11.012345,3.6666665,16.690123,23.222221,106.36173,41.634544,39.95674,25.342836,final
2023-08-11,2,1011449,RW45,27.0,1.4814814,14.474074,4.148148,29.387655,17.814814,83.47284,33.282616,26.602999,25.787365,final
2023-08-21,2,1011449,RW45,27.0,1.5185186,19.75926,4.6666665,45.245678,13.777778,71.5963,26.327599,19.238802,24.515257,final
2023-09-01,2,1011449,RW45,27.0,27.814816,32.10247,30.814816,66.3358,39.481483,92.68395,88.44375,50.20595,45.53612,final
2023-09-11,2,1011449,RW45,27.0,45.62963,29.417284,74.96297,81.279015,83.55556,117.7321,147.10526,92.679504,72.15354,final
2023-09-21,2,1011449,RW45,27.0,25.814816,30.474073,99.25926,91.99383,107.48149,144.98889,86.86574,107.49061,74.99322,final
2023-10-01,2,1011449,RW45,27.0,20.703703,40.918518,92.14815,100.809875,126.62964,183.8358,55.976765,91.81387,69.70587,final
2023-10-11,2,1011449,RW45,27.0,43.77778,44.10988,90.296295,115.50247,169.40741,226.16913,99.32376,79.08244,75.44581,final
2023-10-21,2,1011449,RW45,27.0,28.518518,50.165432,93.0,135.19383,196.92593,272.43335,60.76,69.90322,72.783585,final
2023-11-01,2,1011449,RW45,27.0,40.444443,47.771606,112.74074,142.04692,235.70372,309.1926,86.11533,80.07018,76.610245,final
2023-11-11,2,1011449,RW45,27.0,50.407406,39.446915,119.37036,137.38396,284.62964,334.16544,124.65973,87.34858,85.3948,final
2023-11-21,2,1011449,RW45,27.0,56.37037,44.077778,147.22223,131.2963,339.48148,358.48395,125.04716,111.684784,94.77213,final
2023-12-01,2,1011449,RW45,27.0,23.407408,30.258024,130.18518,113.782715,335.0741,356.6395,80.570045,113.8088,94.03677,final
2023-12-11,2,1011449,RW45,27.0,20.444445,25.379013,100.22222,99.71481,309.8889,352.60123,83.75665,100.48456,88.05587,final
2023-12-21,2,1011449,RW45,27.0,54.185184,33.350616,98.03703,88.987656,338.25928,355.47778,154.32655,109.62826,95.22342,final
2024-01-01,2,1011449,RW45,27.0,9.333333,22.25432,83.96297,80.52099,326.88892,334.042,52.59105,104.02472,97.89021,final
2024-01-11,2,1011449,RW45,27.0,19.074074,20.730864,82.59259,77.24321,302.18518,311.1247,93.56108,106.50435,97.17215,final
2024-01-21,2,1011449,RW45,27.0,28.37037,24.387655,56.77778,67.37284,302.03702,284.4531,113.55233,85.36044,106.07488,final
2024-02-01,2,1011449,RW45,27.0,15.851851,26.517284,63.296295,71.6358,277.4444,263.58765,66.16005,89.118,105.15912,final
2024-02-11,2,1011449,RW45,27.0,18.703703,32.940742,62.925926,83.84568,245.74075,256.67532,62.475594,76.45383,95.82132,final
2024-02-21,2,1011449,RW45,27.0,10.592592,27.377777,45.148148,86.8358,199.96297,240.21852,48.158314,54.60632,83.5838,final
2024-03-01,2,1011449,RW45,27.0,28.814816,48.01358,58.11111,108.3321,205.37038,260.4889,63.785194,55.68688,79.23886,final
2024-03-11,2,1011449,RW45,27.0,23.851852,40.6642,63.259262,116.05556,208.77777,277.14444,63.18265,56.386723,75.76891,final
2024-03-21,2,1011449,RW45,27.0,36.37037,59.750618,89.03703,148.42839,190.96295,302.63702,63.891853,61.290504,63.699406,final
2024-04-01,2,1011449,RW45,27.0,43.814816,61.649384,104.03703,162.0642,225.44446,342.0321,73.24121,65.26655,66.40436,final
2024-04-11,2,1011449,RW45,27.0,60.37037,58.474075,140.55554,179.87407,266.74072,379.7753,102.9875,78.73226,70.62322,final
2024-04-21,2,1011449,RW45,27.0,91.25926,49.49259,195.44444,169.61604,329.62964,404.88025,176.6465,114.791534,81.64083,final
2024-05-01,2,1011449,RW45,27.0,59.592594,46.214813,211.22223,154.18149,373.37036,424.5778,126.12091,135.83377,88.07959,final
2024-05-11,2,1011449,RW45,27.0,5.851852,37.36296,156.7037,133.07037,360.51852,429.0,25.61637,117.11687,84.220856,final
2024-05-21,2,1011449,RW45,27.0,6.296296,31.635803,71.74074,115.21358,356.22223,433.25803,30.834034,63.836998,82.42227,final
2024-06-01,2,1011449,RW45,27.0,1.8888888,11.014814,14.037037,80.01358,329.2963,396.25928,43.015728,22.392937,83.31179,final
2024-06-11,2,1011449,RW45,27.0,1.0,4.369136,9.1851845,47.019753,306.44443,359.9642,64.04006,27.268843,85.33561,final
2024-06-21,2,1011449,RW45,27.0,1.3333334,3.217284,4.2222223,18.601234,271.4074,303.43085,77.07332,39.07517,89.61731,final
2024-07-01,2,1011449,RW45,27.0,3.148148,2.071605,5.4814816,9.658025,230.74074,243.85309,115.22346,71.50678,94.73089,final
2024-07-11,2,1011449,RW45,27.0,1.0,1.7765433,5.4814816,7.065432,171.37036,187.15556,88.54072,86.872,91.7852,final
2024-07-21,2,1011449,RW45,27.0,2.1851852,3.9012346,6.333333,7.7493825,82.296295,141.5642,80.72122,88.893196,59.561813,final
2024-08-01,2,1011449,RW45,27.0,1.962963,11.012345,5.148148,16.690123,24.666666,106.36173,43.48497,46.786957,26.639912,final
2024-08-11,2,1011449,RW45,27.0,10.666667,14.474074,14.8148155,29.387655,29.48148,83.47284,80.44884,57.621883,38.974087,final
2024-08-21,2,1011449,RW45,27.0,11.888889,19.75926,24.51852,45.245678,35.074074,71.5963,68.21242,58.748375,52.31855,final
2024-09-01,2,1011449,RW45,27.0,14.888889,32.10247,37.444447,66.3358,48.074078,92.68395,53.605293,59.499504,54.33244,final
2024-09-11,2,1011449,RW45,27.0,11.37037,29.417284,38.148148,81.279015,58.444447,117.7321,47.56439,50.010014,51.69344,final
2024-09-21,2,1011449,RW45,27.0,73.81481,30.474073,100.074066,91.99383,130.92592,144.98889,222.17581,108.330666,90.62399,final
2024-10-01,2,1011449,RW45,27.0,42.074074,40.918518,127.259254,100.809875,169.85184,183.8358,102.51653,124.99707,92.59464,final
2024-10-11,2,1011449,RW45,27.0,58.333332,44.10988,174.22221,115.50247,227.18517,226.16913,128.96251,148.72908,100.43952,final
2024-10-21,2,1011449,RW45,27.0,31.074074,50.165432,131.48148,135.19383,256.07407,272.43335,65.39253,97.35198,94.10335,final
2024-11-01,2,1011449,RW45,27.0,92.85185,47.771606,182.25926,142.04692,346.96295,309.1926,185.42519,127.34661,112.0214,final
2024-11-11,2,1011449,RW45,27.0,88.14815,39.446915,212.07407,137.38396,424.4444,334.16544,209.5717,152.45683,126.617966,final
2024-11-21,2,1011449,RW45,27.0,83.22222,44.077778,264.22223,131.2963,495.77777,358.48395,179.76001,197.52718,137.77164,final
2024-12-01,2,1011449,RW45,27.0,19.074074,30.258024,190.44443,113.782715,499.96292,356.6395,68.27969,164.53946,139.63158,final
2024-12-11,2,1011449,RW45,27.0,25.296297,25.379013,127.59259,99.71481,513.88885,352.60123,99.72772,126.62257,145.10265,final
2024-12-21,2,1011449,RW45,27.0,31.148148,33.350616,75.51852,88.987656,471.22223,355.47778,94.25702,85.66925,132.10861,final
2025-01-01,2,1011449,RW45,27.0,7.7777777,22.25432,64.22222,80.52099,436.9259,334.042,46.883495,80.94179,130.34547,final
2025-01-11,2,1011449,RW45,27.0,20.37037,20.730864,59.296295,77.24321,398.96295,311.1247,98.59898,78.17824,127.78596,final
2025-01-21,2,1011449,RW45,27.0,32.185184,24.387655,60.333332,67.37284,400.07404,284.4531,126.533356,90.27327,139.94463,final
2025-02-01,2,1011449,RW45,27.0,25.037037,26.517284,77.59259,71.6358,332.25925,263.58765,95.30338,107.77285,125.56767,final
2025-02-11,2,1011449,RW45,27.0,20.62963,32.940742,77.85185,83.84568,264.74072,256.67532,67.551735,93.25367,103.082214,final
2025-02-21,2,1011449,RW45,27.0,2.8148148,27.377777,48.48148,86.8358,184.33333,240.21852,24.136353,58.235977,77.210045,final
2025-03-01,2,1011449,RW45,27.0,17.518518,48.01358,40.962963,108.3321,182.77777,260.4889,42.476887,40.555996,70.72905,final
2025-03-11,2,1011449,RW45,27.0,25.74074,40.6642,46.074074,116.05556,183.22221,277.14444,67.31912,42.190605,66.711296,final
2025-03-21,2,1011449,RW45,27.0,36.555557,59.750618,79.81482,148.42839,188.62962,302.63702,64.17786,55.279743,62.940937,final
2025-04-01,2,1011449,RW45,27.0,55.703705,61.649384,118.0,162.0642,236.55556,342.0321,91.07917,73.6244,69.60611,final
2025-04-11,2,1011449,RW45,27.0,64.48148,58.474075,156.74075,179.87407,280.66666,379.7753,109.46435,87.48699,74.24246,final
2025-04-21,2,1011449,RW45,27.0,112.81481,49.49259,233.0,169.61604,361.2963,404.88025,216.20335,136.29906,89.36666,final
2025-05-01,2,1011449,RW45,27.0,59.11111,46.214813,236.40741,154.18149,395.3704,424.5778,125.1808,151.65546,93.200905,final
2025-05-11,2,1011449,RW45,27.0,28.88889,37.36296,200.8148,133.07037,403.62964,429.0,79.996506,149.06516,94.15429,final
2025-05-21,2,1011449,RW45,27.0,29.666666,31.635803,117.666664,115.21358,430.48148,433.25803,94.6251,102.04061,99.366455,final
2025-06-01,2,1011449,RW45,27.0,6.5925927,11.014814,65.14815,80.01358,419.55554,396.25928,72.38667,82.514046,105.80579,final
2025-06-11,2,1011449,RW45,27.0,20.925926,4.369136,57.185184,47.019753,414.74075,359.9642,276.7163,119.54149,115.00875,final
2025-06-21,2,1011449,RW45,27.0,8.222222,3.217284,35.74074,18.601234,386.4074,303.43085,160.90744,172.62123,126.90281,final
2025-07-01,2,1011449,RW45,27.0,3.074074,2.071605,32.22222,9.658025,333.77777,243.85309,114.17597,253.9375,136.13565,final
2025-07-11,2,1011449,RW45,27.0,1.8888888,1.7765433,13.1851845,7.065432,271.18518,187.15556,101.65785,150.72137,143.73,final
2025-07-21,2,1011449,RW45,27.0,1.0,3.9012346,5.962963,7.7493825,159.37038,141.5642,67.40638,85.9882,112.14907,final
2025-08-01,2,1011449,RW45,27.0,20.777779,11.012345,23.666668,16.690123,121.03703,106.36173,160.98691,132.16463,113.17805,final
2025-08-11,2,1011449,RW45,27.0,38.25926,14.474074,60.037037,29.387655,130.40741,83.47284,222.13766,189.12901,153.0497,final
2025-08-21,2,1011449,RW45,27.0,3.4444444,19.75926,62.48148,45.245678,104.18518,71.5963,34.10621,134.30304,142.54628,final
2025-09-01,2,1011449,RW45,27.0,11.037037,32.10247,52.740738,66.3358,108.62962,92.68395,43.223637,80.94216,116.32373,final
2025-09-11,2,1011449,RW45,27.0,32.185184,29.417284,46.666664,81.279015,119.888885,117.7321,108.04219,59.883236,101.75731,final
2025-09-21,2,1011449,RW45,27.0,7.4444447,30.474073,50.666664,91.99383,119.1111,144.98889,35.08039,57.391964,82.746864,final
2025-10-01,2,1011449,RW45,27.0,56.51852,40.918518,96.14815,100.809875,172.55556,183.8358,133.97324,95.59424,94.02643,final
2025-10-11,2,1011449,RW45,27.0,31.407408,44.10988,95.37038,115.50247,202.07408,226.16913,74.1346,83.29321,89.57687,final
2025-10-21,2,1011449,RW45,27.0,83.296295,50.165432,171.22223,135.19383,284.37036,272.43335,160.0573,125.69898,104.30266,final
2025-11-01,2,1011449,RW45,27.0,49.88889,47.771606,164.59259,142.04692,313.48148,309.1926,104.01217,115.33229,101.36505,final
2025-11-11,2,1011449,RW45,27.0,23.62963,39.446915,156.8148,137.38396,298.85187,334.16544,64.413086,113.64679,89.5881,final
2025-11-21,2,1011449,RW45,27.0,15.333333,44.077778,88.85185,131.2963,310.74075,358.48395,41.430836,68.858696,86.86511,final
2025-12-01,2,1011449,RW45,27.0,23.185184,30.258024,62.148148,113.782715,322.88892,356.6395,79.93977,56.530235,90.66734,final
2025-12-11,2,1011449,RW45,27.0,29.703703,25.379013,68.22222,99.71481,320.4074,352.60123,114.23578,69.92537,90.997284,final
2025-12-21,2,1011449,RW45,27.0,73.74074,33.350616,126.62962,88.987656,386.70367,355.47778,205.31804,140.04991,108.66237,final
2026-01-01,2,1011449,RW45,27.0,38.48148,22.25432,141.92592,80.52099,368.66666,334.042,159.53976,171.80101,110.2125,final
2026-01-11,2,1011449,RW45,27.0,19.0,20.730864,131.22221,77.24321,356.25925,311.1247,93.2732,165.63339,114.27744,final
2026-01-21,2,1011449,RW45,27.0,54.74074,24.387655,112.22222,67.37284,327.7037,284.4531,203.28517,161.9699,114.942184,final
2026-02-01,2,1011449,RW45,27.0,30.666666,26.517284,104.4074,71.6358,308.48148,263.58765,113.16541,142.76279,116.714775,final
2026-02-11,2,1011449,RW45,27.0,36.88889,32.940742,122.296295,83.84568,321.74072,256.67532,110.40609,143.27798,124.86494,final
2026-02-21,2,1011449,RW45,27.0,27.814816,27.377777,95.37038,86.8358,334.2222,240.21852,101.34981,109.293304,138.33466,final
2026-03-01,2,1011449,RW45,27.0,55.962963,48.01358,120.66667,108.3321,367.0,260.4889,114.99499,110.88357,140.11887,prelim
2026-03-11,2,1011449,RW45,27.0,38.48148,40.6642,122.25926,116.05556,375.77774,277.14444,95.22006,105.12468,134.95845,prelim
2026-03-21,2,1011449,RW45,27.0,48.74074,59.750618,143.18518,148.42839,350.77777,302.63702,82.99649,96.582634,115.64856,prelim
2026-04-01,2,1011449,RW45,27.0,28.333334,61.649384,115.55556,162.0642,340.62967,342.0321,50.01297,72.16122,99.59587,prelim
2026-04-11,2,1011449,RW45,27.0,50.074074,58.474075,127.14815,179.87407,371.7037,379.7753,86.76625,71.48009,97.90226,forecast
2022-01-01,2,1011450,RW22,24.0,19.041666,34.180557,132.70834,116.05972,419.7083,391.5014,61.361217,113.7524,107.113945,final
2022-01-11,2,1011450,RW22,24.0,79.541664,34.322224,166.58333,116.147224,424.12497,380.87082,214.99715,141.63208,111.20949,final
2022-01-21,2,1011450,RW22,24.0,39.041668,38.175,137.625,106.67777,394.74997,372.19028,102.00734,127.711174,105.98098,final
2022-02-01,2,1011450,RW22,24.0,36.291668,34.879166,154.875,107.37639,401.49997,355.36804,103.54196,142.26743,112.80134,final
2022-02-11,2,1011450,RW22,24.0,74.208336,40.93611,149.54167,113.99028,446.2083,351.68057,172.43152,129.87755,126.502075,final
2022-02-21,2,1011450,RW22,24.0,37.458332,30.291666,147.95833,106.10694,419.5,331.8653,120.30697,137.66766,126.014755,final
2022-03-01,2,1011450,RW22,24.0,32.5,47.63889,144.16667,118.86667,431.75003,342.30276,71.240105,120.425186,125.75484,final
2022-03-11,2,1011450,RW22,24.0,67.625,41.08889,137.58333,119.01945,453.70834,349.15695,157.57594,114.96853,129.52121,final
2022-03-21,2,1011450,RW22,24.0,39.375,59.53611,139.5,148.26389,425.08334,361.0486,68.75996,94.28184,117.4935,final
2022-04-01,2,1011450,RW22,24.0,38.75,64.14166,145.75,164.76666,444.7917,391.0097,63.275887,88.79835,113.58098,final
2022-04-11,2,1011450,RW22,24.0,63.666668,57.95139,141.79167,181.62917,428.91666,414.6389,109.07889,78.6542,103.4024,final
2022-04-21,2,1011450,RW22,24.0,89.625,52.97361,192.04167,175.06667,479.49997,429.4375,163.22083,109.42707,111.523506,final
2022-05-01,2,1011450,RW22,24.0,19.625,44.643055,172.91667,155.56805,462.83334,439.2014,49.60412,110.80452,105.3201,final
2022-05-11,2,1011450,RW22,24.0,15.291667,34.46389,124.541664,132.08055,403.91666,432.72916,51.418316,94.50039,93.41773,final
2022-05-21,2,1011450,RW22,24.0,94.583336,32.38889,129.5,111.495834,461.0417,434.8264,266.34473,115.45477,105.96037,final
2022-06-01,2,1011450,RW22,24.0,4.5416665,8.818055,114.416664,75.67083,433.08334,396.00555,69.05216,148.02954,109.24621,final
2022-06-11,2,1011450,RW22,24.0,2.625,3.7722223,101.75,44.979168,368.08334,358.6889,86.9221,213.589,102.5831,final
2022-06-21,2,1011450,RW22,24.0,4.0833335,2.5486112,11.25,15.138889,332.7917,301.7014,120.33119,80.68965,110.137,final
2022-07-01,2,1011450,RW22,24.0,1.8333334,1.8986111,8.541667,8.219444,295.87503,239.45833,99.05376,102.4375,123.07825,final
2022-07-11,2,1011450,RW22,24.0,1.4166666,0.8680556,7.3333335,5.3152776,233.625,182.375,109.349106,119.56377,127.35157,final
2022-07-21,2,1011450,RW22,24.0,6.0833335,2.3569446,9.333334,5.123611,150.08333,131.75833,150.65132,141.5832,113.39954,final
2022-08-01,2,1011450,RW22,24.0,6.7916665,6.8236113,14.291666,10.048612,137.25,93.93889,99.72982,128.19565,143.77562,final
2022-08-11,2,1011450,RW22,24.0,4.9166665,8.256945,17.791666,17.4375,126.875,67.73194,74.80356,101.57845,181.31648,final
2022-08-21,2,1011450,RW22,24.0,45.208332,12.456944,56.916664,27.5375,77.5,47.8,287.6124,190.29326,156.25,final
2022-09-01,2,1011450,RW22,24.0,10.041667,22.405556,60.166668,43.119446,82.99999,61.3875,54.885464,135.4269,132.55507,final
2022-09-11,2,1011450,RW22,24.0,20.958334,22.919445,76.208336,57.781944,101.33333,80.53472,92.97582,129.34982,124.31598,final
2022-09-21,2,1011450,RW22,24.0,20.083334,25.644444,51.083336,70.969444,117.333336,103.630554,81.85279,73.82354,112.61412,final
2022-10-01,2,1011450,RW22,24.0,26.166666,36.756943,67.208336,85.32083,141.66667,138.48889,74.63828,79.946495,102.21466,final
2022-10-11,2,1011450,RW22,24.0,21.0,44.983334,67.25,107.38472,161.25,182.60417,52.017338,64.2881,88.61743,final
2022-10-21,2,1011450,RW22,24.0,43.833332,46.63333,91.0,128.37361,199.0,226.88055,94.57715,71.97826,87.97633,final
2022-11-01,2,1011450,RW22,24.0,47.541668,52.309723,112.375,143.92639,239.75,272.36667,91.6802,78.8141,88.24059,final
2022-11-11,2,1011450,RW22,24.0,67.833336,44.005554,159.20834,142.94861,302.6667,308.11526,148.62262,110.99012,98.25988,final
2022-11-21,2,1011450,RW22,24.0,57.875,49.59028,173.25,145.90555,315.33334,345.2486,115.176186,118.12024,91.458855,final
2022-12-01,2,1011450,RW22,24.0,46.875,40.883335,172.58334,134.47917,352.1667,363.72638,113.05847,127.31889,96.86497,final
2022-12-11,2,1011450,RW22,24.0,37.916668,34.918056,142.66667,125.39167,369.125,375.725,107.51192,113.24855,98.266464,final
2022-12-21,2,1011450,RW22,24.0,46.458332,46.75139,131.25,122.55278,395.5,396.83194,99.43372,106.81852,99.66853,final
2023-01-01,2,1011450,RW22,24.0,26.666666,34.180557,111.041664,116.05972,396.0,391.5014,80.822395,95.85489,101.134575,final
2023-01-11,2,1011450,RW22,24.0,93.5,34.322224,166.625,116.147224,468.5,380.87082,250.49448,141.66647,122.709465,final
2023-01-21,2,1011450,RW22,24.0,85.625,38.175,205.79166,106.67777,510.29166,372.19028,209.90157,188.74988,136.61317,final
2023-02-01,2,1011450,RW22,24.0,11.375,34.879166,190.5,107.37639,474.125,355.36804,41.061543,173.96893,132.95436,final
2023-02-11,2,1011450,RW22,24.0,12.416667,40.93611,109.416664,113.99028,418.70834,351.68057,37.91498,96.15631,118.79211,final
2023-02-21,2,1011450,RW22,24.0,31.25,30.291666,55.041668,106.10694,392.08334,331.8653,102.71547,54.03953,117.87601,final
2023-03-01,2,1011450,RW22,24.0,24.333334,47.63889,68.0,118.86667,369.54166,342.30276,55.725594,58.934338,107.84298,final
2023-03-11,2,1011450,RW22,24.0,83.291664,41.08889,138.875,119.01945,414.91666,349.15695,191.56822,116.01003,118.567955,final
2023-03-21,2,1011450,RW22,24.0,62.625,59.53611,170.25,148.26389,431.0833,361.0486,104.7863,114.34526,119.13263,final
2023-04-01,2,1011450,RW22,24.0,85.083336,64.14166,231.0,164.76666,489.5,391.0097,130.28807,139.01434,124.87068,final
2023-04-11,2,1011450,RW22,24.0,60.666668,57.95139,208.37502,181.62917,456.66666,414.6389,104.3133,114.33101,110.01523,final
2023-04-21,2,1011450,RW22,24.0,89.125,52.97361,234.875,175.06667,460.16666,429.4375,162.35835,133.21454,107.07332,final
2023-05-01,2,1011450,RW22,24.0,54.208332,44.643055,204.0,155.56805,503.0,439.2014,119.268105,130.16289,114.36254,final
2023-05-11,2,1011450,RW22,24.0,22.0,34.46389,165.33333,132.08055,512.5834,432.72916,68.41698,124.257835,118.242836,final
2023-05-21,2,1011450,RW22,24.0,14.375,32.38889,90.58333,111.495834,495.70834,434.8264,51.820206,82.048706,113.84227,final
2023-06-01,2,1011450,RW22,24.0,2.2083333,8.818055,38.583332,75.67083,473.58334,396.00555,52.166046,54.02614,119.34582,final
2023-06-11,2,1011450,RW22,24.0,1.4583334,3.7722223,18.041668,44.979168,391.75003,358.6889,73.62254,46.102543,109.09049,final
2023-06-21,2,1011450,RW22,24.0,1.4166666,2.5486112,5.083333,15.138889,330.5417,301.7014,85.0046,50.068962,109.40338,final
2023-07-01,2,1011450,RW22,24.0,1.0416666,1.8986111,3.9166665,8.219444,246.5,239.45833,87.57801,67.45114,102.88052,final
2023-07-11,2,1011450,RW22,24.0,0.5833333,0.8680556,3.0416665,5.3152776,186.41666,182.375,95.147934,77.9588,102.15698,final
2023-07-21,2,1011450,RW22,24.0,1.0,2.3569446,2.625,5.123611,98.291664,131.75833,81.555595,75.31897,75.52861,final
2023-08-01,2,1011450,RW22,24.0,3.0,6.8236113,4.583333,10.048612,47.083332,93.93889,67.661224,63.68251,52.641922,final
2023-08-11,2,1011450,RW22,24.0,3.2083333,8.256945,7.208333,17.4375,28.291668,67.73194,61.917233,54.410397,45.773106,final
2023-08-21,2,1011450,RW22,24.0,3.7083333,12.456944,9.916666,27.5375,17.625,47.8,49.88464,45.84454,42.85038,final
2023-09-01,2,1011450,RW22,24.0,27.375,22.405556,34.291668,43.119446,42.791664,61.3875,118.13299,81.65445,71.98895,final
2023-09-11,2,1011450,RW22,24.0,35.125,22.919445,66.208336,57.781944,76.45833,80.53472,143.71704,113.42168,95.23422,final
2023-09-21,2,1011450,RW22,24.0,29.833334,25.644444,92.333336,70.969444,104.875,103.630554,113.669334,128.12169,101.14558,final
2023-10-01,2,1011450,RW22,24.0,26.833334,36.756943,91.79167,85.32083,130.66667,138.48889,76.23483,107.16429,94.54855,final
2023-10-11,2,1011450,RW22,24.0,51.666668,44.983334,108.333336,107.38472,181.75,182.60417,113.371124,100.84407,99.54469,final
2023-10-21,2,1011450,RW22,24.0,35.25,46.63333,113.75,128.37361,216.0,226.88055,77.95352,89.03561,95.30769,final
2023-11-01,2,1011450,RW22,24.0,53.5,52.309723,140.41667,143.92639,266.5,272.36667,102.07693,97.64332,97.88487,final
2023-11-11,2,1011450,RW22,24.0,40.666668,44.005554,129.41667,142.94861,303.95834,308.11526,93.18672,90.85362,98.6724,final
2023-11-21,2,1011450,RW22,24.0,57.291668,49.59028,151.45834,145.90555,357.54166,345.2486,114.10762,103.67964,103.50981,final
2023-12-01,2,1011450,RW22,24.0,22.541666,40.883335,120.5,134.47917,352.7083,363.72638,60.025425,89.97759,97.011856,final
2023-12-11,2,1011450,RW22,24.0,33.791668,34.918056,113.625,125.39167,351.375,375.725,97.17825,90.975914,93.60431,final
2023-12-21,2,1011450,RW22,24.0,83.083336,46.75139,139.41667,122.55278,404.625,396.83194,170.20479,113.22111,101.93938,final
2024-01-01,2,1011450,RW22,24.0,26.875,34.180557,143.75,116.05972,404.6667,391.5014,81.354126,122.87324,103.32036,final
2024-01-11,2,1011450,RW22,24.0,32.208332,34.322224,142.16667,116.147224,385.20837,380.87082,94.624176,121.47755,101.1241,final
2024-01-21,2,1011450,RW22,24.0,38.291668,38.175,97.375,106.67777,388.25003,372.19028,100.270226,91.66999,104.25773,final
2024-02-01,2,1011450,RW22,24.0,20.0,34.879166,90.5,107.37639,354.75,355.36804,62.689377,84.98226,99.8285,final
2024-02-11,2,1011450,RW22,24.0,29.958334,40.93611,88.25,113.99028,344.0417,351.68057,76.10208,78.367744,97.85834,final
2024-02-21,2,1011450,RW22,24.0,16.375,30.291666,66.333336,106.10694,303.12503,331.8653,60.56671,64.20241,91.46832,final
2024-03-01,2,1011450,RW22,24.0,28.625,47.63889,74.958336,118.86667,309.20834,342.30276,63.878624,64.55194,90.471016,final
2024-03-11,2,1011450,RW22,24.0,20.708334,41.08889,65.708336,119.01945,296.12503,349.15695,55.779892,57.013912,85.02587,final
2024-03-21,2,1011450,RW22,24.0,43.5,59.53611,92.833336,148.26389,256.54166,361.0486,75.151726,63.83326,71.449974,final
2024-04-01,2,1011450,RW22,24.0,64.541664,64.14166,128.75,164.76666,294.20834,391.0097,100.57852,78.78461,75.55582,final
2024-04-11,2,1011450,RW22,24.0,80.958336,57.95139,189.0,181.62917,342.95834,414.6389,136.54716,103.94945,82.91852,final
2024-04-21,2,1011450,RW22,24.0,113.583336,52.97361,259.08334,175.06667,418.25003,429.4375,204.54709,146.65865,97.42484,final
2024-05-01,2,1011450,RW22,24.0,53.041668,44.643055,247.58334,155.56805,451.2917,439.2014,116.91801,157.30609,102.72181,final
2024-05-11,2,1011450,RW22,24.0,15.833333,34.46389,182.45833,132.08055,437.1667,432.72916,52.790874,136.75049,101.013756,final
2024-05-21,2,1011450,RW22,24.0,9.625,32.38889,78.5,111.495834,430.4167,434.8264,39.1159,71.676384,98.997406,final
2024-06-01,2,1011450,RW22,24.0,2.5416667,8.818055,27.999998,75.67083,404.33334,396.00555,54.578354,40.906982,102.07672,final
2024-06-11,2,1011450,RW22,24.0,1.5833334,3.7722223,13.75,44.979168,385.20834,358.6889,75.0475,37.515633,107.291794,final
2024-06-21,2,1011450,RW22,24.0,1.4166666,2.5486112,5.5416665,15.138889,343.125,301.7014,85.0046,52.344822,113.50617,final
2024-07-01,2,1011450,RW22,24.0,1.5,1.8986111,4.5,8.219444,280.08334,239.45833,94.22186,71.86384,116.618385,final
2024-07-11,2,1011450,RW22,24.0,0.6666667,0.8680556,3.5833333,5.3152776,199.79167,182.375,96.56805,83.209915,109.2951,final
2024-07-21,2,1011450,RW22,24.0,1.0833334,2.3569446,3.25,5.123611,87.291664,131.75833,82.68832,81.49265,67.48522,final
2024-08-01,2,1011450,RW22,24.0,2.75,6.8236113,4.5,10.048612,37.0,93.93889,65.546814,63.128746,42.450447,final
2024-08-11,2,1011450,RW22,24.0,5.875,8.256945,9.708334,17.4375,27.041668,67.73194,82.03248,65.55246,44.054466,final
2024-08-21,2,1011450,RW22,24.0,11.083333,12.456944,19.708332,27.5375,28.5,47.8,92.13143,75.93802,63.446968,final
2024-09-01,2,1011450,RW22,24.0,12.333333,22.405556,29.291664,43.119446,38.291664,61.3875,63.247513,71.263626,65.21057,final
2024-09-11,2,1011450,RW22,24.0,6.2083335,22.919445,29.625,57.781944,42.916664,80.53472,40.14526,55.151207,56.020134,final
2024-09-21,2,1011450,RW22,24.0,49.666668,25.644444,68.208336,70.969444,91.166664,103.630554,178.39015,96.3655,88.52635,final
2024-10-01,2,1011450,RW22,24.0,42.75,36.756943,98.625,85.32083,132.41666,138.48889,114.35224,114.729904,95.76815,final
2024-10-11,2,1011450,RW22,24.0,56.708332,44.983334,149.125,107.38472,188.45833,182.60417,123.45781,137.14052,103.12048,final
2024-10-21,2,1011450,RW22,24.0,48.375,46.63333,147.83333,128.37361,235.74998,226.88055,103.373146,114.590385,103.825,final
2024-11-01,2,1011450,RW22,24.0,129.04167,52.309723,234.125,143.92639,362.0417,272.36667,233.88994,160.5659,132.33086,final
2024-11-11,2,1011450,RW22,24.0,118.5,44.005554,295.9167,142.94861,474.6667,308.11526,252.01225,203.39272,153.19173,final
2024-11-21,2,1011450,RW22,24.0,101.25,49.59028,348.7917,145.90555,564.8334,345.2486,194.63171,234.44579,162.69397,final
2024-12-01,2,1011450,RW22,24.0,23.875,40.883335,243.625,134.47917,576.375,363.72638,62.931347,178.25243,157.67111,final
2024-12-11,2,1011450,RW22,24.0,23.208334,34.918056,148.33333,125.39167,593.375,375.725,70.665596,117.59442,157.16724,final
2024-12-21,2,1011450,RW22,24.0,57.583332,46.75139,104.66667,122.55278,601.2916,396.83194,120.93073,85.977486,150.88188,final
2025-01-01,2,1011450,RW22,24.0,8.166667,34.180557,88.95833,116.05972,566.7084,391.5014,33.605106,77.613205,144.18823,final
2025-01-11,2,1011450,RW22,24.0,44.041668,34.322224,109.79167,116.147224,554.0417,380.87082,124.71744,94.75386,144.87793,final
2025-01-21,2,1011450,RW22,24.0,53.458332,38.175,105.66667,106.67777,559.125,372.19028,135.39856,99.09463,149.5598,final
2025-02-01,2,1011450,RW22,24.0,50.958332,34.879166,148.45833,107.37639,481.0417,355.36804,140.31972,136.55745,134.87369,final
2025-02-11,2,1011450,RW22,24.0,20.541666,40.93611,124.95833,113.99028,383.08334,351.68057,55.602585,109.2176,108.80417,final
2025-02-21,2,1011450,RW22,24.0,4.125,30.291666,75.625,106.10694,285.9583,331.8653,25.855965,72.56522,86.37231,final
2025-03-01,2,1011450,RW22,24.0,15.25,47.63889,39.916664,118.86667,277.3333,342.30276,38.469658,36.262108,81.29314,final
2025-03-11,2,1011450,RW22,24.0,33.833332,41.08889,53.208332,119.01945,287.95834,349.15695,84.25747,46.934845,82.71992,final
2025-03-21,2,1011450,RW22,24.0,37.333332,59.53611,86.416664,148.26389,267.70834,361.0486,65.59635,59.646576,74.50058,final
2025-04-01,2,1011450,RW22,24.0,75.666664,64.14166,146.83333,164.76666,335.2083,391.0097,116.66868,89.436485,85.90909,final
2025-04-11,2,1011450,RW22,24.0,71.041664,57.95139,184.04166,181.62917,362.2083,414.6389,120.79426,101.29267,87.50579,final
2025-04-21,2,1011450,RW22,24.0,117.458336,52.97361,264.16666,175.06667,426.2083,429.4375,211.23119,149.48166,99.25669,final
2025-05-01,2,1011450,RW22,24.0,54.541668,44.643055,243.04167,155.56805,429.79166,439.2014,119.939575,154.4776,97.88165,final
2025-05-11,2,1011450,RW22,24.0,36.208332,34.46389,208.20833,132.08055,445.45834,432.72916,104.42035,155.53506,102.908005,final
2025-05-21,2,1011450,RW22,24.0,20.166666,32.38889,110.916664,111.495834,461.5,434.8264,67.31055,99.50284,106.06458,final
2025-06-01,2,1011450,RW22,24.0,9.916667,8.818055,66.291664,75.67083,456.16666,396.00555,107.950554,88.373535,115.00256,final
2025-06-11,2,1011450,RW22,24.0,8.833333,3.7722223,38.916664,44.979168,431.16666,358.6889,157.69473,87.869934,119.928505,final
2025-06-21,2,1011450,RW22,24.0,2.9583333,2.5486112,21.708334,15.138889,396.79166,301.7014,105.42778,132.6207,131.0042,final
2025-07-01,2,1011450,RW22,24.0,1.5833334,1.8986111,13.374999,8.219444,322.70834,239.45833,95.42984,138.9998,134.05489,final
2025-07-11,2,1011450,RW22,24.0,1.125,0.8680556,5.6666665,5.3152776,252.79166,182.375,104.3787,103.40649,137.58061,final
2025-07-21,2,1011450,RW22,24.0,3.2083333,2.3569446,5.916667,5.123611,138.54164,131.75833,111.572586,107.83372,104.960075,final
2025-08-01,2,1011450,RW22,24.0,11.666667,6.8236113,16.0,10.048612,95.66667,93.93889,140.96089,139.54776,101.74631,final
2025-08-11,2,1011450,RW22,24.0,23.708334,8.256945,38.583336,17.4375,83.166664,67.73194,216.55316,194.24327,121.22139,final
2025-08-21,2,1011450,RW22,24.0,5.6666665,12.456944,41.041668,27.5375,68.666664,47.8,61.10271,141.5034,139.5202,final
2025-09-01,2,1011450,RW22,24.0,12.208333,22.405556,41.583332,43.119446,70.958336,61.3875,62.7914,96.80771,114.416626,final
2025-09-11,2,1011450,RW22,24.0,28.5,22.919445,46.375,57.781944,90.625,80.53472,119.98806,81.83086,111.7967,final
2025-09-21,2,1011450,RW22,24.0,10.875,25.644444,51.583332,70.969444,98.54167,103.630554,51.803844,74.4817,95.31542,final
2025-10-01,2,1011450,RW22,24.0,39.291668,36.756943,78.66667,85.32083,136.25,138.48889,106.07018,92.63275,98.439674,final
2025-10-11,2,1011450,RW22,24.0,26.833334,44.983334,77.0,107.38472,161.95833,182.60417,63.687897,72.96365,88.994995,final
2025-10-21,2,1011450,RW22,24.0,81.75,46.63333,147.875,128.37361,240.5,226.88055,168.01163,114.62163,105.873474,final
2025-11-01,2,1011450,RW22,24.0,71.875,52.309723,180.45834,143.92639,300.7083,272.36667,134.13954,124.530205,110.21812,final
2025-11-11,2,1011450,RW22,24.0,33.291668,44.005554,186.91667,142.94861,310.29166,308.11526,78.137405,129.71848,100.695076,final
2025-11-21,2,1011450,RW22,24.0,24.458334,49.59028,129.625,145.90555,329.08334,345.2486,53.9626,89.21143,95.384636,final
2025-12-01,2,1011450,RW22,24.0,36.416668,40.883335,94.16667,134.47917,353.29166,363.72638,90.26517,71.09783,97.17006,final
2025-12-11,2,1011450,RW22,24.0,38.5,34.918056,99.375,125.39167,363.29166,375.725,108.97324,80.047295,96.7343,final
2025-12-21,2,1011450,RW22,24.0,56.0,46.75139,130.91667,122.55278,408.41666,396.83194,117.87124,106.557205,102.88298,final
2026-01-01,2,1011450,RW22,24.0,76.458336,34.180557,170.95834,116.05972,445.58334,391.5014,207.905,145.34839,113.639786,final
2026-01-11,2,1011450,RW22,24.0,47.291668,34.322224,179.75002,116.147224,466.0417,380.87082,132.98248,152.50041,122.07237,final
2026-01-21,2,1011450,RW22,24.0,83.291664,38.175,207.04166,106.67777,467.58334,372.19028,204.4972,189.86917,125.29044,final
2026-02-01,2,1011450,RW22,24.0,34.916668,34.879166,165.5,107.37639,430.62497,355.36804,100.09405,151.72226,120.883354,final
2026-02-11,2,1011450,RW22,24.0,25.166666,40.93611,143.375,113.99028,422.49997,351.68057,65.67092,124.69506,119.85513,final
2026-02-21,2,1011450,RW22,24.0,28.791666,30.291666,88.875,106.10694,426.8333,331.8653,95.7497,84.49067,128.19168,final
2026-03-01,2,1011450,RW22,24.0,48.291668,47.63889,102.25,118.86667,438.7083,342.30276,101.24011,86.58504,127.75836,prelim
2026-03-11,2,1011450,RW22,24.0,44.5,41.08889,121.583336,119.01945,444.7083,349.15695,107.40115,102.06733,126.97995,prelim
2026-03-21,2,1011450,RW22,24.0,51.208332,59.53611,144.0,148.26389,439.91666,361.0486,87.09594,97.21795,121.54578,prelim
2026-04-01,2,1011450,RW22,24.0,26.208334,64.14166,121.916664,164.76666,389.6667,391.0097,45.1368,74.75947,99.66086,prelim
2026-04-11,2,1011450,RW22,24.0,57.333332,57.95139,134.75,181.62917,399.70837,414.6389,99.018196,74.88111,96.442055,forecast
2022-01-01,2,1011451,RW24,17.0,22.529411,35.341175,121.823524,114.719604,389.17648,371.35687,68.24147,105.9338,104.734764,final
2022-01-11,2,1011451,RW24,17.0,79.411766,36.69804,158.70587,117.87451,398.23532,363.12744,202.4358,133.23013,109.53689,final
2022-01-21,2,1011451,RW24,17.0,46.117645,39.045097,148.05882,111.08431,378.4706,358.2451,116.05752,131.85143,105.568016,final
2022-02-01,2,1011451,RW24,17.0,37.411766,34.654903,162.94118,110.39804,383.4706,345.51373,106.95213,145.53209,110.828926,final
2022-02-11,2,1011451,RW24,17.0,78.94118,41.294117,162.47058,114.99412,431.4118,346.6,181.32147,139.56566,124.121666,final
2022-02-21,2,1011451,RW24,17.0,34.058823,29.184315,150.41177,105.13333,418.1765,330.32156,114.25948,141.11238,126.20021,final
2022-03-01,2,1011451,RW24,17.0,31.470589,47.596077,144.47058,118.07451,429.2353,343.19217,69.34089,121.44723,124.711395,final
2022-03-11,2,1011451,RW24,17.0,71.35294,39.286274,136.88235,116.066666,458.0588,348.9353,172.4077,117.19358,130.83148,final
2022-03-21,2,1011451,RW24,17.0,41.941177,59.88235,144.76471,146.76471,443.2353,362.98236,72.348145,98.682175,121.808914,final
2022-04-01,2,1011451,RW24,17.0,28.235294,63.515686,141.52942,162.68431,448.94116,391.15686,48.507572,87.3841,114.58622,final
2022-04-11,2,1011451,RW24,17.0,74.47059,58.292156,144.64706,181.6902,444.0,412.75098,125.56151,80.15797,107.4803,final
2022-04-21,2,1011451,RW24,17.0,85.35294,54.980392,188.05884,176.78824,483.23526,428.68628,150.63747,106.19985,112.57799,final
2022-05-01,2,1011451,RW24,17.0,23.588236,50.72157,183.41177,163.99411,469.41174,444.75293,51.305508,111.49014,105.48274,final
2022-05-11,2,1011451,RW24,17.0,21.058823,40.635296,130.0,146.33725,411.52942,444.09412,57.10234,89.20474,92.7488,final
2022-05-21,2,1011451,RW24,17.0,109.64706,39.382355,154.29411,130.73921,487.11765,454.29218,258.31674,117.35306,107.146965,final
2022-06-01,2,1011451,RW24,17.0,2.9411764,10.427451,133.64705,90.4451,458.58823,417.12354,51.474327,145.26366,109.82288,final
2022-06-11,2,1011451,RW24,17.0,1.9411764,4.456863,114.52941,54.266666,389.17645,382.29413,73.39829,201.68068,101.77703,final
2022-06-21,2,1011451,RW24,17.0,4.0,3.062745,8.882353,17.947058,351.2353,325.47452,111.62451,60.497314,107.79508,final
2022-07-01,2,1011451,RW24,17.0,1.9411764,2.2980392,7.882353,9.817647,324.94113,264.25687,95.11015,86.93926,122.53768,final
2022-07-11,2,1011451,RW24,17.0,1.5294118,1.1313726,7.470588,6.492157,252.00002,207.09608,106.49185,108.5139,121.1715,final
2022-07-21,2,1011451,RW24,17.0,4.7647057,3.0333333,8.235294,6.462745,171.41177,155.14902,121.55236,115.46357,110.15476,final
2022-08-01,2,1011451,RW24,17.0,8.117647,8.158824,14.411764,12.323529,155.94118,112.58627,99.68707,112.05434,136.87071,final
2022-08-11,2,1011451,RW24,17.0,5.1764708,9.947059,18.058823,21.139215,140.05882,81.89804,68.083435,88.21543,166.92992,final
2022-08-21,2,1011451,RW24,17.0,41.294117,14.607843,54.588234,32.713726,71.70589,57.12353,236.09998,158.00145,123.47315,final
2022-09-01,2,1011451,RW24,17.0,15.6470585,23.049019,62.117645,47.60392,84.411766,69.7451,73.61063,127.590576,119.622246,final
2022-09-11,2,1011451,RW24,17.0,25.470589,23.898039,82.411766,61.5549,107.94118,89.18627,105.44171,131.33783,119.91257,final
2022-09-21,2,1011451,RW24,17.0,20.882353,25.727451,62.0,72.67451,124.82353,111.85098,84.23202,86.257385,111.10179,final
2022-10-01,2,1011451,RW24,17.0,26.058823,36.690197,72.411766,86.31569,148.94118,146.24313,74.4991,84.77379,101.783905,final
2022-10-11,2,1011451,RW24,17.0,20.352942,44.82745,67.29412,107.2451,167.76471,189.93922,50.881474,64.40737,88.62491,final
2022-10-21,2,1011451,RW24,17.0,51.17647,43.782352,97.58824,125.3,214.17647,230.68823,115.157364,78.73234,92.99424,final
2022-11-01,2,1011451,RW24,17.0,43.17647,47.741177,114.70589,136.35098,249.23529,270.2706,91.345085,84.68699,92.358315,final
2022-11-11,2,1011451,RW24,17.0,62.52941,39.74706,156.88235,131.27058,306.58823,300.0706,150.91364,118.794785,102.13644,final
2022-11-21,2,1011451,RW24,17.0,56.64706,44.927452,162.35295,132.41568,321.9412,330.3902,123.473274,121.78591,97.48084,final
2022-12-01,2,1011451,RW24,17.0,45.882355,37.427452,165.05882,122.10196,352.17648,344.76862,119.92791,133.79716,102.117935,final
2022-12-11,2,1011451,RW24,17.0,25.588236,34.545097,128.11766,116.9,352.29413,355.41568,77.35026,109.20235,99.1339,final
2022-12-21,2,1011451,RW24,17.0,44.0,45.492157,115.47059,117.46471,375.41177,375.1804,97.04477,98.37168,100.06086,final
2023-01-01,2,1011451,RW24,17.0,25.529411,35.341175,95.117645,114.719604,374.88235,371.35687,75.67805,83.62678,100.93674,final
2023-01-11,2,1011451,RW24,17.0,90.411766,36.69804,159.94118,117.87451,444.9412,363.12744,228.81596,134.23546,122.224304,final
2023-01-21,2,1011451,RW24,17.0,82.0,39.045097,197.94118,111.08431,475.76474,358.2451,197.52483,174.82222,132.35272,final
2023-02-01,2,1011451,RW24,17.0,10.588235,34.654903,183.00002,110.39804,443.17648,345.51373,39.309727,162.9144,127.862755,final
2023-02-11,2,1011451,RW24,17.0,11.882353,41.294117,104.47059,114.99412,392.52942,346.6,36.467598,91.229965,113.06298,final
2023-02-21,2,1011451,RW24,17.0,30.529411,29.184315,53.0,105.13333,366.41177,330.32156,103.93484,52.66344,110.76287,final
2023-03-01,2,1011451,RW24,17.0,26.294117,47.596077,68.70589,118.07451,346.82355,343.19217,59.498955,59.887207,101.04292,final
2023-03-11,2,1011451,RW24,17.0,80.117645,39.286274,136.94118,116.066666,401.35297,348.9353,192.1987,117.24216,114.80995,final
2023-03-21,2,1011451,RW24,17.0,62.058823,59.88235,168.47058,146.76471,419.4118,362.98236,103.35448,114.302315,115.33482,final
2023-04-01,2,1011451,RW24,17.0,78.70588,63.515686,220.88235,162.68431,472.58826,391.15686,122.17039,134.70691,120.55534,final
2023-04-11,2,1011451,RW24,17.0,58.058823,58.292156,198.82353,181.6902,440.2353,412.75098,99.63134,109.177414,106.57912,final
2023-04-21,2,1011451,RW24,17.0,90.47059,54.980392,227.23529,176.78824,448.70587,428.68628,159.16966,127.75044,104.61614,final
2023-05-01,2,1011451,RW24,17.0,76.23529,50.72157,224.76471,163.99411,514.3529,444.75293,145.78787,135.96019,115.47515,final
2023-05-11,2,1011451,RW24,17.0,25.411764,40.635296,192.11763,146.33725,527.8823,444.09412,66.640884,130.25058,118.65716,final
2023-05-21,2,1011451,RW24,17.0,14.588235,39.382355,116.23529,130.73921,511.94116,454.29218,44.13518,89.31486,112.551704,final
2023-06-01,2,1011451,RW24,17.0,2.0,10.427451,42.0,90.4451,487.64703,417.12354,45.373665,49.242966,116.70683,final
2023-06-11,2,1011451,RW24,17.0,1.0588236,4.456863,17.647057,54.266666,408.58826,382.29413,64.068,38.21213,106.789185,final
2023-06-21,2,1011451,RW24,17.0,1.882353,3.062745,4.9411764,17.947058,348.41177,325.47452,85.35992,43.322227,106.9407,final
2023-07-01,2,1011451,RW24,17.0,1.0588236,2.2980392,4.0,9.817647,270.76474,264.25687,83.01988,60.73839,102.41698,final
2023-07-11,2,1011451,RW24,17.0,0.88235295,1.1313726,3.8235292,6.492157,213.58823,207.09608,95.9386,76.7787,103.06095,final
2023-07-21,2,1011451,RW24,17.0,1.0,3.0333333,2.9411764,6.462745,124.117645,155.14902,74.688805,69.27813,80.62344,final
2023-08-01,2,1011451,RW24,17.0,3.0,8.158824,4.882353,12.323529,50.882355,112.58627,60.795708,57.04584,47.524555,final
2023-08-11,2,1011451,RW24,17.0,3.3529413,9.947059,7.3529415,21.139215,28.823528,81.89804,55.883514,47.258274,38.923233,final
2023-08-21,2,1011451,RW24,17.0,3.8823528,14.607843,10.235294,32.713726,18.117647,57.12353,45.3,40.397213,37.212383,final
2023-09-01,2,1011451,RW24,17.0,28.941177,23.049019,36.17647,47.60392,45.058823,69.7451,121.006645,78.27643,66.97272,final
2023-09-11,2,1011451,RW24,17.0,37.411766,23.898039,70.2353,61.5549,81.411766,89.18627,146.76347,113.042465,91.745605,final
2023-09-21,2,1011451,RW24,17.0,22.705883,25.727451,89.05882,72.67451,102.235306,111.85098,90.16655,121.09356,91.770996,final
2023-10-01,2,1011451,RW24,17.0,26.17647,36.690197,86.29412,86.31569,127.352936,146.24313,74.781296,99.97638,87.51004,final
2023-10-11,2,1011451,RW24,17.0,48.35294,44.82745,97.23529,107.2451,174.82353,189.93922,107.07539,91.082184,92.24595,final
2023-10-21,2,1011451,RW24,17.0,33.764706,43.782352,108.29411,125.3,207.58824,230.68823,79.46461,86.94866,90.19892,final
2023-11-01,2,1011451,RW24,17.0,47.117645,47.741177,129.23529,136.35098,251.70589,270.2706,98.81776,94.96594,93.25582,final
2023-11-11,2,1011451,RW24,17.0,40.47059,39.74706,121.35294,131.27058,288.82352,300.0706,101.61693,92.7221,96.31329,final
2023-11-21,2,1011451,RW24,17.0,49.17647,44.927452,136.76471,132.41568,334.11765,330.3902,108.51038,103.16488,101.111374,final
2023-12-01,2,1011451,RW24,17.0,19.17647,37.427452,108.82353,122.10196,324.35297,344.76862,56.98308,89.55293,94.16309,final
2023-12-11,2,1011451,RW24,17.0,24.941177,34.545097,93.29412,116.9,311.8824,355.41568,75.714005,80.63505,87.921364,final
2023-12-21,2,1011451,RW24,17.0,75.70588,45.492157,119.823524,117.46471,364.88232,375.1804,159.83846,101.926125,97.29127,final
2024-01-01,2,1011451,RW24,17.0,27.647058,35.341175,128.29411,114.719604,366.35294,371.35687,80.92738,111.33858,98.670425,final
2024-01-11,2,1011451,RW24,17.0,31.352942,36.69804,134.70587,117.87451,349.35294,363.12744,87.18142,113.698006,96.258224,final
2024-01-21,2,1011451,RW24,17.0,43.0,39.045097,102.0,111.08431,358.58823,358.2451,108.97921,92.174385,100.09446,final
2024-02-01,2,1011451,RW24,17.0,19.117647,34.654903,93.47059,110.39804,330.58823,345.51373,60.81883,85.33125,95.74182,final
2024-02-11,2,1011451,RW24,17.0,32.235294,41.294117,94.352936,114.99412,322.35294,346.6,80.43202,82.79817,93.10379,final
2024-02-21,2,1011451,RW24,17.0,13.0,29.184315,64.35294,105.13333,286.17645,330.32156,52.655727,62.9718,86.83499,final
2024-03-01,2,1011451,RW24,17.0,26.588236,47.596077,71.82353,118.07451,293.58823,343.19217,60.05816,62.420345,85.75386,final
2024-03-11,2,1011451,RW24,17.0,21.470589,39.286274,61.058823,116.066666,290.1176,348.9353,59.771545,54.564007,83.3818,final
2024-03-21,2,1011451,RW24,17.0,47.82353,59.88235,95.882355,146.76471,262.2353,362.98236,81.41432,66.47287,72.621765,final
2024-04-01,2,1011451,RW24,17.0,56.764706,63.515686,126.05882,162.68431,291.35294,391.15686,90.14681,78.158066,74.80697,final
2024-04-11,2,1011451,RW24,17.0,79.82353,58.292156,184.41177,181.6902,339.82355,412.75098,134.01903,101.4578,82.54285,final
2024-04-21,2,1011451,RW24,17.0,130.52942,54.980392,267.11768,176.78824,427.35297,428.68628,225.9562,149.68938,99.692566,final
2024-05-01,2,1011451,RW24,17.0,66.70588,50.72157,277.05884,163.99411,474.94116,444.75293,128.68604,166.90453,106.71219,final
2024-05-11,2,1011451,RW24,17.0,23.058823,40.635296,220.29411,146.33725,465.7647,444.09412,61.484917,148.86891,104.8254,final
2024-05-21,2,1011451,RW24,17.0,11.294118,39.382355,101.05882,130.73921,464.05884,454.29218,36.71305,78.134254,102.12646,final
2024-06-01,2,1011451,RW24,17.0,2.0588236,10.427451,36.411762,90.4451,439.52942,417.12354,45.75496,43.388046,105.3079,final
2024-06-11,2,1011451,RW24,17.0,1.2352941,4.456863,14.588236,54.266666,419.29413,382.29413,65.93406,33.051018,109.55347,final
2024-06-21,2,1011451,RW24,17.0,1.3529412,3.062745,4.647059,17.947058,372.82358,325.47452,78.79377,42.040504,114.3276,final
2024-07-01,2,1011451,RW24,17.0,2.0,2.2980392,4.5882354,9.817647,318.05887,264.25687,95.91617,64.70822,119.98166,final
2024-07-11,2,1011451,RW24,17.0,0.88235295,1.1313726,4.235294,6.492157,239.11763,207.09608,95.9386,80.36171,115.097664,final
2024-07-21,2,1011451,RW24,17.0,1.0,3.0333333,3.8823528,6.462745,109.588234,155.14902,74.688805,77.48888,71.55101,final
2024-08-01,2,1011451,RW24,17.0,2.6470587,8.158824,4.529412,12.323529,45.52941,112.58627,58.11354,55.008488,42.972202,final
2024-08-11,2,1011451,RW24,17.0,4.117647,9.947059,7.7647057,21.139215,26.588236,81.89804,60.999607,48.833546,36.350918,final
2024-08-21,2,1011451,RW24,17.0,12.176471,14.607843,18.941177,32.713726,27.470589,57.12353,87.600006,63.48134,52.267776,final
2024-09-01,2,1011451,RW24,17.0,14.176471,23.049019,30.470589,47.60392,39.588238,69.7451,68.36771,67.42956,59.653725,final
2024-09-11,2,1011451,RW24,17.0,7.882353,23.898039,34.235294,61.5549,46.2353,89.18627,44.57864,58.95177,54.39784,final
2024-09-21,2,1011451,RW24,17.0,49.0,25.727451,71.05882,72.67451,93.882355,111.85098,175.73862,97.91993,84.62261,final
2024-10-01,2,1011451,RW24,17.0,45.52941,36.690197,102.411766,86.31569,137.41177,146.24313,121.20213,117.62685,94.16082,final
2024-10-11,2,1011451,RW24,17.0,56.058823,44.82745,150.58823,107.2451,192.58824,189.93922,122.540535,138.61472,101.35889,final
2024-10-21,2,1011451,RW24,17.0,48.64706,43.782352,150.23529,125.3,240.2353,230.68823,109.972275,119.136826,104.05072,final
2024-11-01,2,1011451,RW24,17.0,114.47059,47.741177,219.17648,136.35098,352.05884,270.2706,226.52242,158.59563,129.71194,final
2024-11-11,2,1011451,RW24,17.0,97.35294,39.74706,260.47058,131.27058,445.29413,300.0706,228.7367,194.81137,147.60326,final
2024-11-21,2,1011451,RW24,17.0,96.23529,44.927452,308.05884,132.41568,529.3529,330.3902,202.76477,227.81888,159.32275,final
2024-12-01,2,1011451,RW24,17.0,22.17647,37.427452,215.7647,122.10196,537.3529,344.76862,64.05398,173.69102,155.06049,final
2024-12-11,2,1011451,RW24,17.0,25.882353,34.545097,144.29411,116.9,555.3529,355.41568,78.09401,122.47261,155.47406,final
2024-12-21,2,1011451,RW24,17.0,47.64706,45.492157,95.70589,117.46471,554.0,375.1804,104.2678,82.232574,147.03546,final
2025-01-01,2,1011451,RW24,17.0,10.588235,35.341175,84.117645,114.719604,519.05884,371.35687,38.641003,74.43864,139.2452,final
2025-01-11,2,1011451,RW24,17.0,46.64706,36.69804,104.882355,117.87451,509.64706,363.12744,123.85968,89.42648,139.80133,final
2025-01-21,2,1011451,RW24,17.0,55.82353,39.045097,113.05882,111.08431,516.82355,358.2451,138.09375,101.70093,143.65605,final
2025-02-01,2,1011451,RW24,17.0,51.882355,34.654903,154.35294,110.39804,454.23526,345.51373,143.44344,138.08981,131.01776,final
2025-02-11,2,1011451,RW24,17.0,23.0,41.294117,130.70589,114.99412,379.88235,346.6,60.48285,113.09378,109.465965,final
2025-02-21,2,1011451,RW24,17.0,4.0588236,29.184315,78.94118,105.13333,287.7059,330.32156,26.499943,76.21777,87.29111,final
2025-03-01,2,1011451,RW24,17.0,17.882353,47.596077,44.941177,118.07451,283.41177,343.19217,43.505817,40.578003,82.83121,final
2025-03-11,2,1011451,RW24,17.0,33.058823,39.286274,55.0,116.066666,290.58826,348.9353,85.938194,49.55947,83.51477,final
2025-03-21,2,1011451,RW24,17.0,38.764706,59.88235,89.70589,146.76471,281.70587,362.98236,67.4524,62.4031,77.91294,final
2025-04-01,2,1011451,RW24,17.0,74.23529,63.515686,146.05882,162.68431,345.35294,391.15686,115.64548,90.08524,88.437935,final
2025-04-11,2,1011451,RW24,17.0,64.94118,58.292156,177.94118,181.6902,363.64703,412.75098,110.50528,97.99185,88.24564,final
2025-04-21,2,1011451,RW24,17.0,110.23529,54.980392,249.41176,176.78824,418.05884,428.68628,192.1216,139.94951,97.54951,final
2025-05-01,2,1011451,RW24,17.0,65.52941,50.72157,240.70587,163.99411,431.70587,444.75293,126.57471,145.39316,97.09906,final
2025-05-11,2,1011451,RW24,17.0,43.705883,40.635296,219.4706,146.33725,452.41174,444.09412,106.72853,148.32475,101.8521,final
2025-05-21,2,1011451,RW24,17.0,20.411764,39.382355,129.64705,130.73921,468.7647,454.29218,57.256462,99.1954,103.15105,final
2025-06-01,2,1011451,RW24,17.0,11.411765,10.427451,75.52941,90.4451,462.29413,417.12354,106.38029,84.3725,110.7008,final
2025-06-11,2,1011451,RW24,17.0,7.647059,4.456863,39.47059,54.266666,436.88235,382.29413,133.73418,75.03474,114.09477,final
2025-06-21,2,1011451,RW24,17.0,2.7058823,3.062745,21.764708,17.947058,400.82352,325.47452,95.57393,116.63678,122.80024,final
2025-07-01,2,1011451,RW24,17.0,1.5882353,2.2980392,11.941176,9.817647,328.17645,264.25687,90.27404,114.33109,123.73926,final
2025-07-11,2,1011451,RW24,17.0,1.2352941,1.1313726,5.5294113,6.492157,264.47055,207.09608,101.694916,91.62258,127.05116,final
2025-07-21,2,1011451,RW24,17.0,3.235294,3.0333333,6.0588236,6.462745,157.47058,155.14902,102.51404,96.47622,101.44963,final
2025-08-01,2,1011451,RW24,17.0,28.117647,8.158824,32.588234,12.323529,120.05881,112.58627,251.67632,216.97794,106.35494,final
2025-08-11,2,1011451,RW24,17.0,44.058823,9.947059,75.411766,21.139215,120.411766,81.89804,328.21725,307.62885,144.3206,final
2025-08-21,2,1011451,RW24,17.0,9.588235,14.607843,81.7647,32.713726,109.588234,57.12353,74.399994,230.06134,184.45222,final
2025-09-01,2,1011451,RW24,17.0,14.6470585,23.049019,68.29411,47.60392,112.823524,69.7451,70.04544,139.33203,157.63377,final
2025-09-11,2,1011451,RW24,17.0,23.117647,23.898039,47.352943,61.5549,128.29411,89.18627,97.2995,78.661285,141.5218,final
2025-09-21,2,1011451,RW24,17.0,12.6470585,25.727451,50.411766,72.67451,138.23529,111.85098,57.430923,71.338425,122.579445,final
2025-10-01,2,1011451,RW24,17.0,37.294117,36.690197,73.05882,86.31569,173.94116,146.24313,101.44859,85.482376,118.313576,final
2025-10-11,2,1011451,RW24,17.0,28.764706,44.82745,78.70589,107.2451,201.47058,189.93922,67.76326,74.5742,105.91536,final
2025-10-21,2,1011451,RW24,17.0,75.29412,43.782352,141.35294,125.3,273.52942,230.68823,164.59665,112.319984,118.177055,final
2025-11-01,2,1011451,RW24,17.0,59.82353,47.741177,163.88235,136.35098,305.2353,270.2706,122.90877,119.47731,112.70193,final
2025-11-11,2,1011451,RW24,17.0,30.0,39.74706,165.11765,131.27058,291.17645,300.0706,78.21743,124.83813,97.084564,final
2025-11-21,2,1011451,RW24,17.0,25.647058,44.927452,115.47059,132.41568,307.23532,330.3902,61.383183,87.66873,93.09614,final
2025-12-01,2,1011451,RW24,17.0,36.117645,37.427452,91.7647,122.10196,328.70587,344.76862,96.912834,76.13156,95.40761,final
2025-12-11,2,1011451,RW24,17.0,35.941177,34.545097,97.70588,116.9,341.52942,355.41568,103.53035,84.2542,96.147156,final
2025-12-21,2,1011451,RW24,17.0,56.058823,45.492157,128.11765,117.46471,384.94116,375.1804,120.927345,108.698784,102.56741,final
2026-01-01,2,1011451,RW24,17.0,83.23529,35.341175,175.23529,114.719604,430.8824,371.35687,218.72266,150.54785,115.816246,final
2026-01-11,2,1011451,RW24,17.0,42.64706,36.69804,181.94118,117.87451,444.76474,363.12744,114.26691,152.13991,122.17638,final
2026-01-21,2,1011451,RW24,17.0,87.52941,39.045097,213.41177,111.08431,457.0,358.2451,210.07878,188.14926,127.18686,final
2026-02-01,2,1011451,RW24,17.0,34.0,34.654903,164.17647,110.39804,431.17648,345.51373,98.348495,146.60255,124.4392,final
2026-02-11,2,1011451,RW24,17.0,22.058823,41.294117,143.58823,114.99412,423.2353,346.6,58.44981,123.82959,121.79616,final
2026-02-21,2,1011451,RW24,17.0,29.82353,29.184315,85.882355,105.13333,427.41177,330.32156,101.86992,82.5203,128.95436,final
2026-03-01,2,1011451,RW24,17.0,46.235294,47.596077,98.117645,118.07451,437.5294,343.19217,97.412766,83.78473,127.09344,prelim
2026-03-11,2,1011451,RW24,17.0,43.764706,39.286274,119.82353,116.066666,445.35294,348.9353,110.112465,103.103134,127.2416,prelim
2026-03-21,2,1011451,RW24,17.0,50.0,59.88235,140.0,146.76471,439.2941,362.98236,84.76881,95.54263,120.73788,prelim
2026-04-01,2,1011451,RW24,17.0,26.058823,63.515686,119.82353,162.68431,382.11768,391.15686,45.330967,74.439606,97.71828,prelim
2026-04-11,2,1011451,RW24,17.0,54.47059,58.292156,130.52942,181.6902,393.94116,412.75098,93.96202,72.595894,95.49736,forecast
2022-01-01,2,1011452,RW28,22.0,10.636364,25.071213,97.772736,83.77273,318.54544,316.01514,51.99778,115.770615,100.78822,final
2022-01-11,2,1011452,RW28,22.0,47.68182,23.360605,106.72728,82.42121,320.45456,302.48486,185.75703,127.8034,105.84409,final
2022-01-21,2,1011452,RW28,22.0,27.90909,28.175756,86.22727,76.607574,293.68182,289.37726,99.19619,111.78775,101.46226,final
2022-02-01,2,1011452,RW28,22.0,42.18182,29.425756,117.772736,80.96212,305.7273,273.11667,137.05382,142.82191,111.725525,final
2022-02-11,2,1011452,RW28,22.0,70.181816,34.41212,140.27274,92.01363,343.0,269.23788,190.7581,149.74466,126.89713,final
2022-02-21,2,1011452,RW28,22.0,37.272728,25.642424,149.63635,89.4803,337.63638,251.19545,137.95491,163.67047,133.74023,final
2022-03-01,2,1011452,RW28,22.0,38.090908,46.577274,145.54546,106.63182,361.09094,271.36667,83.5463,134.8589,132.46567,final
2022-03-11,2,1011452,RW28,22.0,50.863636,38.75606,126.227264,110.97576,373.2273,285.4106,127.67062,113.1506,130.2388,final
2022-03-21,2,1011452,RW28,22.0,29.954546,57.239395,118.90909,142.57272,354.77277,308.6606,56.161446,83.96477,114.70129,final
2022-04-01,2,1011452,RW28,22.0,25.045454,53.19091,105.86364,149.18637,369.18185,336.7803,51.632553,71.90236,109.480225,final
2022-04-11,2,1011452,RW28,22.0,48.545456,48.95303,103.545456,159.38333,370.04547,362.3727,99.244576,66.031906,102.08855,final
2022-04-21,2,1011452,RW28,22.0,73.045456,46.416668,146.63637,148.56061,415.18182,380.61365,151.79019,98.74692,108.964455,final
2022-05-01,2,1011452,RW28,22.0,18.5,38.698486,140.09091,134.06818,391.5,389.88638,53.777607,104.33078,100.40862,final
2022-05-11,2,1011452,RW28,22.0,13.954545,36.11515,105.5,121.2303,335.27274,391.5894,46.101116,87.53841,85.79976,final
2022-05-21,2,1011452,RW28,22.0,87.5,28.16212,119.954544,102.97575,385.50003,394.1091,278.9327,115.72463,97.842926,final
2022-06-01,2,1011452,RW28,22.0,2.6818182,10.031818,104.13636,74.30909,350.0909,357.56363,51.103718,137.6089,97.93893,final
2022-06-11,2,1011452,RW28,22.0,2.4545455,3.821212,92.63636,42.015152,301.68185,322.62878,84.50705,207.67,93.60651,final
2022-06-21,2,1011452,RW28,22.0,3.090909,2.8954546,8.227273,16.748486,274.8182,268.28485,102.47553,60.81928,102.39067,final
2022-07-01,2,1011452,RW28,22.0,1.0454545,2.1121213,6.590909,8.828788,250.81819,217.20605,85.00212,83.817245,115.126564,final
2022-07-11,2,1011452,RW28,22.0,1.0454545,1.4909091,5.181818,6.498485,203.31819,169.74394,93.13725,88.54921,119.2134,final
2022-07-21,2,1011452,RW28,22.0,5.0,2.669697,7.090909,6.2727275,135.27272,125.99697,130.38326,107.25806,107.08088,final
2022-08-01,2,1011452,RW28,22.0,6.0454545,7.1742425,12.090909,11.334848,122.818184,94.472725,90.728065,104.6285,128.49571,final
2022-08-11,2,1011452,RW28,22.0,11.727273,9.474242,22.772728,19.318182,120.59091,67.83182,115.56579,114.20561,172.43962,final
2022-08-21,2,1011452,RW28,22.0,35.727272,13.319697,53.5,29.968182,68.81818,52.989395,222.3141,167.29494,127.296,final
2022-09-01,2,1011452,RW28,22.0,9.727273,23.49394,57.181816,46.28788,75.86364,66.451515,51.68563,121.24076,113.172745,final
2022-09-11,2,1011452,RW28,22.0,28.40909,25.145454,73.86363,61.95909,101.81818,87.77576,110.82629,117.778824,115.13587,final
2022-09-21,2,1011452,RW28,22.0,19.318182,25.719696,57.454544,74.35909,118.045456,110.6,79.16153,78.69866,106.44071,final
2022-10-01,2,1011452,RW28,22.0,20.136364,31.64394,67.86363,82.50909,137.13637,140.13182,68.59624,83.26408,97.93604,final
2022-10-11,2,1011452,RW28,22.0,16.727272,37.257576,56.181816,94.62121,152.81818,175.89848,51.41628,61.41445,87.241295,final
2022-10-21,2,1011452,RW28,22.0,39.5,40.9303,76.36363,109.83182,187.31818,214.15909,96.88593,70.85461,87.75277,final
2022-11-01,2,1011452,RW28,22.0,27.681818,45.957577,83.90909,124.145454,208.95456,252.94243,64.135345,68.844154,82.946625,final
2022-11-11,2,1011452,RW28,22.0,62.727272,37.88788,129.90909,124.77576,259.95453,281.35605,157.91705,103.95554,92.52626,final
2022-11-21,2,1011452,RW28,22.0,52.045456,43.839394,142.45454,127.68485,276.2727,311.87576,116.80213,111.13142,88.76434,final
2022-12-01,2,1011452,RW28,22.0,43.68182,29.331818,158.45454,111.05909,310.2273,317.71362,141.79797,140.83734,97.68019,final
2022-12-11,2,1011452,RW28,22.0,47.136364,25.821213,142.86365,98.992424,328.95453,318.3894,169.15741,142.18694,103.267,final
2022-12-21,2,1011452,RW28,22.0,37.545456,33.054546,128.36365,88.20757,347.18182,325.72424,111.80124,143.08241,106.48806,final
2023-01-01,2,1011452,RW28,22.0,18.681818,25.071213,103.36364,83.77273,345.7273,316.01514,78.75245,122.06862,109.255684,final
2023-01-11,2,1011452,RW28,22.0,57.81818,23.360605,114.045456,82.42121,386.81818,302.48486,221.49802,136.17458,127.42682,final
2023-01-21,2,1011452,RW28,22.0,36.18182,28.175756,112.68182,76.607574,383.5,289.37726,124.13226,144.20453,131.97351,final
2023-02-01,2,1011452,RW28,22.0,5.818182,29.425756,99.818184,80.96212,361.63635,273.11667,31.424675,121.93532,131.82826,final
2023-02-11,2,1011452,RW28,22.0,5.0,34.41212,47.0,92.01363,303.90912,269.23788,25.372904,53.600716,112.64275,final
2023-02-21,2,1011452,RW28,22.0,22.045454,25.642424,32.863636,89.4803,273.9091,251.19545,88.261475,40.07569,108.86575,final
2023-03-01,2,1011452,RW28,22.0,21.59091,46.577274,48.636364,106.63182,251.81819,271.36667,51.555477,48.047558,92.92661,final
2023-03-11,2,1011452,RW28,22.0,76.045456,38.75606,119.68182,110.97576,280.7273,285.4106,185.2211,107.5068,98.38735,final
2023-03-21,2,1011452,RW28,22.0,57.772728,57.239395,155.40909,142.57272,300.95456,308.6606,100.8569,108.69833,97.54318,final
2023-04-01,2,1011452,RW28,22.0,73.681816,53.19091,207.5,149.18637,355.95456,336.7803,135.21324,137.82022,105.61011,final
2023-04-11,2,1011452,RW28,22.0,52.31818,48.95303,183.77272,159.38333,350.45456,362.3727,106.23718,114.8369,96.755844,final
2023-04-21,2,1011452,RW28,22.0,66.72727,46.416668,192.72726,148.56061,381.0,380.61365,139.50198,128.7617,100.1002,final
2023-05-01,2,1011452,RW28,22.0,92.27273,38.698486,211.31818,134.06818,467.45456,389.88638,222.59976,155.5483,119.643166,final
2023-05-11,2,1011452,RW28,22.0,10.136364,36.11515,169.13637,121.2303,472.5909,391.5894,36.814564,137.95132,120.42453,final
2023-05-21,2,1011452,RW28,22.0,19.227272,28.16212,121.63636,102.97575,469.7727,394.1091,73.05707,117.28223,118.95813,final
2023-06-01,2,1011452,RW28,22.0,1.3181819,10.031818,30.681818,74.30909,449.49997,357.56363,42.032055,44.99083,125.35729,final
2023-06-11,2,1011452,RW28,22.0,1.0,3.821212,21.545454,42.015152,374.45453,322.62878,68.01787,56.46149,115.81843,final
2023-06-21,2,1011452,RW28,22.0,1.0454545,2.8954546,3.3636365,16.748486,317.72723,268.28485,76.5688,38.456177,118.09188,final
2023-07-01,2,1011452,RW28,22.0,1.0,2.1121213,3.0454545,8.828788,245.04546,217.20605,84.363014,58.179028,112.52865,final
2023-07-11,2,1011452,RW28,22.0,0.8636364,1.4909091,2.909091,6.498485,193.59091,169.74394,90.336136,68.78376,113.646805,final
2023-07-21,2,1011452,RW28,22.0,1.0,2.669697,2.8636365,6.2727275,127.86364,125.99697,78.22995,69.758064,101.424965,final
2023-08-01,2,1011452,RW28,22.0,1.3181819,7.1742425,3.1818182,11.334848,36.90909,94.472725,51.89795,50.08812,42.131237,final
2023-08-11,2,1011452,RW28,22.0,1.5909091,9.474242,3.909091,19.318182,28.363636,67.83182,45.535435,36.635513,45.80915,final
2023-08-21,2,1011452,RW28,22.0,2.0,13.319697,4.909091,29.968182,11.136364,52.989395,38.210236,28.337448,27.826405,final
2023-09-01,2,1011452,RW28,22.0,18.772728,23.49394,22.363636,46.28788,28.59091,66.451515,83.430824,53.353024,47.012177,final
2023-09-11,2,1011452,RW28,22.0,42.409092,25.145454,63.18182,61.95909,70.0,87.77576,157.26779,101.82608,80.84009,final
2023-09-21,2,1011452,RW28,22.0,17.863636,25.719696,79.045456,74.35909,86.81818,110.6,74.426636,105.90526,79.42749,final
2023-10-01,2,1011452,RW28,22.0,13.590909,31.64394,73.86364,82.50909,99.40909,140.13182,50.733925,90.12052,71.940865,final
2023-10-11,2,1011452,RW28,22.0,42.227272,37.257576,73.681816,94.62121,140.77274,175.89848,111.76048,78.98099,80.58262,final
2023-10-21,2,1011452,RW28,22.0,24.227272,40.9303,80.045456,109.83182,164.0,214.15909,63.633965,74.06088,77.11293,final
2023-11-01,2,1011452,RW28,22.0,32.045456,45.957577,98.5,124.145454,194.72728,252.94243,72.69862,80.1422,77.43095,final
2023-11-11,2,1011452,RW28,22.0,38.31818,37.88788,94.59091,124.77576,231.45454,281.35605,101.00331,76.74077,82.573616,final
2023-11-21,2,1011452,RW28,22.0,42.68182,43.839394,113.045456,127.68485,272.13635,311.87576,97.62984,88.9668,87.45899,final
2023-12-01,2,1011452,RW28,22.0,21.636364,29.331818,102.63637,111.05909,275.0,317.71362,77.58507,92.74273,86.76424,final
2023-12-11,2,1011452,RW28,22.0,21.454546,25.821213,85.77273,98.992424,254.04546,318.3894,85.83227,87.28783,80.103264,final
2023-12-21,2,1011452,RW28,22.0,57.863636,33.054546,100.954544,88.20757,294.04547,325.72424,165.1935,113.675896,90.421394,final
2024-01-01,2,1011452,RW28,22.0,18.318182,25.071213,97.63637,83.77273,298.77274,316.01514,77.543205,115.617004,94.628784,final
2024-01-11,2,1011452,RW28,22.0,20.90909,23.360605,97.090904,82.42121,277.45456,302.48486,91.35591,116.78047,91.859665,final
2024-01-21,2,1011452,RW28,22.0,27.863636,28.175756,67.09091,76.607574,281.0909,289.37726,99.05919,88.33851,97.18513,final
2024-02-01,2,1011452,RW28,22.0,16.227272,29.425756,65.0,80.96212,265.2727,273.11667,61.66102,81.43121,97.17962,final
2024-02-11,2,1011452,RW28,22.0,28.318182,34.41212,72.40909,92.01363,255.2727,269.23788,84.53791,79.79197,94.90764,final
2024-02-21,2,1011452,RW28,22.0,11.136364,25.642424,55.68182,89.4803,223.72728,251.19545,52.66021,64.22695,89.278435,final
2024-03-01,2,1011452,RW28,22.0,26.272728,46.577274,65.72727,106.63182,228.36362,271.36667,60.632767,63.357628,84.43986,final
2024-03-11,2,1011452,RW28,22.0,21.954546,38.75606,59.36364,110.97576,228.86363,285.4106,61.601852,55.49749,80.52861,final
2024-03-21,2,1011452,RW28,22.0,35.81818,57.239395,84.045456,142.57272,206.81819,308.6606,65.58254,60.340054,67.53101,final
2024-04-01,2,1011452,RW28,22.0,60.31818,53.19091,118.09091,149.18637,248.81816,336.7803,112.24808,79.83255,74.26354,final
2024-04-11,2,1011452,RW28,22.0,58.863636,48.95303,155.0,159.38333,286.77274,362.3727,118.36895,97.333466,79.42145,final
2024-04-21,2,1011452,RW28,22.0,87.72727,46.416668,206.90909,148.56061,346.63635,380.61365,180.34477,137.99702,91.188774,final
2024-05-01,2,1011452,RW28,22.0,45.636364,38.698486,192.22728,134.06818,376.04544,389.88638,115.8767,141.82057,96.49496,final
2024-05-11,2,1011452,RW28,22.0,6.318182,36.11515,139.68181,121.2303,354.04544,391.5894,27.52801,114.61733,90.533295,final
2024-05-21,2,1011452,RW28,22.0,4.409091,28.16212,56.363636,102.97575,347.31815,394.1091,28.373007,56.830944,88.276146,final
2024-06-01,2,1011452,RW28,22.0,1.5909091,10.031818,12.318182,74.30909,322.63635,357.56363,43.846386,21.836313,90.36658,final
2024-06-11,2,1011452,RW28,22.0,1.0454545,3.821212,7.0454545,42.015152,301.72723,322.62878,68.53315,25.620365,93.62035,final
2024-06-21,2,1011452,RW28,22.0,1.2272727,2.8954546,3.8636363,16.748486,267.13635,268.28485,78.87162,40.755188,99.57974,final
2024-07-01,2,1011452,RW28,22.0,1.0,2.1121213,3.2727273,8.828788,207.81819,217.20605,84.363014,59.822506,95.775154,final
2024-07-11,2,1011452,RW28,22.0,0.8636364,1.4909091,3.090909,6.498485,149.81818,169.74394,90.336136,70.365,88.59716,final
2024-07-21,2,1011452,RW28,22.0,1.0,2.669697,2.8636365,6.2727275,63.090908,125.99697,78.22995,69.758064,51.978992,final
2024-08-01,2,1011452,RW28,22.0,1.9545455,7.1742425,3.818182,11.334848,19.409092,94.472725,57.12508,53.98386,24.538477,final
2024-08-11,2,1011452,RW28,22.0,6.2727275,9.474242,9.227273,19.318182,19.363636,67.83182,77.8813,58.50467,33.451912,final
2024-08-21,2,1011452,RW28,22.0,12.136364,13.319697,20.363636,29.968182,27.09091,52.989395,93.54064,72.53347,55.339275,final
2024-09-01,2,1011452,RW28,22.0,10.272727,23.49394,28.68182,46.28788,35.772728,66.451515,53.59991,65.67208,57.06349,final
2024-09-11,2,1011452,RW28,22.0,7.2727275,25.145454,29.68182,61.95909,42.0,87.77576,40.711704,51.795536,50.659786,final
2024-09-21,2,1011452,RW28,22.0,47.272728,25.719696,64.818184,74.35909,88.045456,110.6,170.16031,87.97755,80.48915,final
2024-10-01,2,1011452,RW28,22.0,29.954546,31.64394,84.5,82.50909,117.0,140.13182,95.3897,102.2751,84.06151,final
2024-10-11,2,1011452,RW28,22.0,54.727272,37.257576,131.95454,94.62121,170.86365,175.89848,141.34099,137.47528,97.21676,final
2024-10-21,2,1011452,RW28,22.0,25.545454,40.9303,110.22727,109.83182,195.4091,214.15909,66.50392,100.344376,91.44457,final
2024-11-01,2,1011452,RW28,22.0,65.09091,45.957577,145.36365,124.145454,258.54547,252.94243,137.54758,116.429695,102.172195,final
2024-11-11,2,1011452,RW28,22.0,78.818184,37.88788,169.45456,124.77576,331.0909,281.35605,195.43561,134.42769,117.36819,final
2024-11-21,2,1011452,RW28,22.0,114.27273,43.839394,258.18182,127.68485,433.2273,311.87576,244.21417,198.35109,138.29625,final
2024-12-01,2,1011452,RW28,22.0,17.454546,29.331818,210.54546,111.05909,440.40912,317.71362,65.40447,185.72044,138.01993,final
2024-12-11,2,1011452,RW28,22.0,19.954546,25.821213,151.68182,98.992424,453.09094,318.3894,80.96549,150.66656,141.65305,final
2024-12-21,2,1011452,RW28,22.0,37.409092,33.054546,74.818184,88.20757,443.2273,325.72424,111.4429,85.63487,135.529,final
2025-01-01,2,1011452,RW28,22.0,5.1363635,25.071213,62.500004,83.77273,418.40912,316.01514,33.707867,76.036865,131.89694,final
2025-01-11,2,1011452,RW28,22.0,25.954546,23.360605,68.5,82.42121,389.6364,302.48486,109.146286,84.07571,128.34337,final
2025-01-21,2,1011452,RW28,22.0,41.727272,28.175756,72.818184,76.607574,405.8182,289.37726,140.84764,95.356575,139.55501,final
2025-02-01,2,1011452,RW28,22.0,30.318182,29.425756,98.0,80.96212,371.04544,273.11667,102.592316,119.82021,135.2114,final
2025-02-11,2,1011452,RW28,22.0,19.818182,34.41212,91.86364,92.01363,312.04544,269.23788,62.970936,99.84539,115.60965,final
2025-02-21,2,1011452,RW28,22.0,3.0,25.642424,53.136364,89.4803,200.7727,251.19545,26.107594,61.53279,80.31865,final
2025-03-01,2,1011452,RW28,22.0,15.318182,46.577274,38.136364,106.63182,198.63635,271.36667,39.393673,38.641636,73.683395,final
2025-03-11,2,1011452,RW28,22.0,31.727272,38.75606,50.045456,110.97576,210.40909,285.4106,83.936424,47.462894,74.17397,final
2025-03-21,2,1011452,RW28,22.0,29.045454,57.239395,76.09091,142.57272,202.04546,308.6606,54.700817,54.949795,66.00939,final
2025-04-01,2,1011452,RW28,22.0,52.863636,53.19091,113.63637,149.18637,249.77274,336.7803,99.437584,76.94349,74.54284,final
2025-04-11,2,1011452,RW28,22.0,71.09091,48.95303,153.0,159.38333,294.9091,362.3727,141.03177,96.1168,81.63619,final
2025-04-21,2,1011452,RW28,22.0,97.318184,46.416668,221.27274,148.56061,350.5,380.61365,198.99808,147.35077,92.19072,final
2025-05-01,2,1011452,RW28,22.0,39.590908,38.698486,208.0,134.06818,359.77274,389.88638,102.04222,153.1623,92.3741,final
2025-05-11,2,1011452,RW28,22.0,38.136364,36.11515,175.04546,121.2303,378.0909,391.5894,104.91598,142.63252,96.59636,final
2025-05-21,2,1011452,RW28,22.0,21.545454,28.16212,99.27273,102.97575,396.63635,394.1091,80.047516,96.5705,100.633224,final
2025-06-01,2,1011452,RW28,22.0,12.818182,10.031818,72.5,74.30909,394.13635,357.56363,118.53644,97.71893,110.08725,final
2025-06-11,2,1011452,RW28,22.0,16.545454,3.821212,50.90909,42.015152,378.9545,322.62878,244.24596,118.91717,117.19193,final
2025-06-21,2,1011452,RW28,22.0,4.818182,2.8954546,34.181816,16.748486,354.72723,268.28485,124.35233,180.15883,131.63087,final
2025-07-01,2,1011452,RW28,22.0,2.0454545,2.1121213,23.40909,8.828788,303.90906,217.20605,99.06263,205.43442,139.0192,final
2025-07-11,2,1011452,RW28,22.0,1.0454545,1.4909091,7.909091,6.498485,233.86363,169.74394,93.13725,112.267746,136.69351,final
2025-07-21,2,1011452,RW28,22.0,1.9545455,2.669697,5.0454545,6.2727275,138.5,125.99697,90.67562,89.11289,109.54452,final
2025-08-01,2,1011452,RW28,22.0,14.0,7.1742425,17.0,11.334848,112.909096,94.472725,156.06721,134.68138,118.5341,final
2025-08-11,2,1011452,RW28,22.0,20.772728,9.474242,36.727272,19.318182,95.545456,67.83182,178.05925,171.58878,138.05156,final
2025-08-21,2,1011452,RW28,22.0,2.9545455,13.319697,37.727272,29.968182,76.954544,52.989395,43.420723,122.188995,141.32677,final
2025-09-01,2,1011452,RW28,22.0,7.8636365,23.49394,31.59091,46.28788,72.0,66.451515,45.145164,71.34417,107.76539,final
2025-09-11,2,1011452,RW28,22.0,24.045454,25.145454,34.863636,61.95909,79.5,87.77576,96.35102,59.534317,91.079834,final
2025-09-21,2,1011452,RW28,22.0,10.863636,25.719696,42.772728,74.35909,85.545456,110.6,51.63995,60.198177,78.326515,final
2025-10-01,2,1011452,RW28,22.0,36.863636,31.64394,71.77272,82.50909,120.36363,140.13182,114.24437,87.73114,86.37915,final
2025-10-11,2,1011452,RW28,22.0,19.727272,37.257576,67.454544,94.62121,139.04544,175.89848,58.515594,72.73004,79.62778,final
2025-10-21,2,1011452,RW28,22.0,68.09091,40.9303,124.68182,109.83182,205.18182,214.15909,159.1344,112.93197,95.90376,final
2025-11-01,2,1011452,RW28,22.0,51.81818,45.957577,139.63637,124.145454,243.0,252.94243,111.500946,111.99495,96.14548,final
2025-11-11,2,1011452,RW28,22.0,28.272728,37.88788,148.18182,124.77576,250.5,281.35605,77.58073,118.03578,89.22459,final
2025-11-21,2,1011452,RW28,22.0,20.363636,43.839394,100.454544,127.68485,267.90912,311.87576,51.93274,79.47746,86.124954,final
2025-12-01,2,1011452,RW28,22.0,21.90909,29.331818,70.545456,111.05909,281.95456,317.71362,78.379456,65.09224,88.91926,final
2025-12-11,2,1011452,RW28,22.0,27.90909,25.821213,70.181816,98.992424,285.81818,318.3894,106.774155,72.29547,89.92817,final
2025-12-21,2,1011452,RW28,22.0,65.181816,33.054546,115.0,88.20757,340.13638,325.72424,184.42426,128.7449,104.35776,final
2026-01-01,2,1011452,RW28,22.0,53.590908,25.071213,146.68181,83.77273,356.86362,316.01514,194.84053,170.86533,112.72478,final
2026-01-11,2,1011452,RW28,22.0,26.181818,23.360605,144.95454,82.42121,363.31818,302.48486,109.94765,171.53108,119.784164,final
2026-01-21,2,1011452,RW28,22.0,60.409092,28.175756,140.18182,76.607574,355.63635,289.37726,197.15929,177.90239,122.508224,final
2026-02-01,2,1011452,RW28,22.0,32.409092,29.425756,119.0,80.96212,336.22726,273.11667,108.66599,144.24959,122.69213,final
2026-02-11,2,1011452,RW28,22.0,28.318182,34.41212,121.13637,92.01363,336.27274,269.23788,84.53791,130.01923,124.44405,final
2026-02-21,2,1011452,RW28,22.0,20.59091,25.642424,81.318184,89.4803,336.5,251.19545,83.51464,91.36104,133.29668,final
2026-03-01,2,1011452,RW28,22.0,53.909092,46.577274,102.818184,106.63182,368.5,271.36667,114.21521,96.58373,135.14655,prelim
2026-03-11,2,1011452,RW28,22.0,43.909092,38.75606,118.40909,110.97576,384.5,285.4106,111.77672,106.409386,134.12044,prelim
2026-03-21,2,1011452,RW28,22.0,43.454544,57.239395,141.27274,142.57272,362.7727,308.6606,77.85188,99.11909,117.2518,prelim
2026-04-01,2,1011452,RW28,22.0,22.636364,53.19091,110.0,149.18637,331.81818,336.7803,47.49258,74.58506,98.54815,prelim
2026-04-11,2,1011452,RW28,22.0,44.636364,48.95303,110.72728,159.38333,350.2727,362.3727,91.999214,70.400856,96.706345,forecast
2022-01-01,2,1011453,RW31,26.0,9.807693,33.01154,108.61539,116.01667,332.53845,378.2846,38.95578,93.88408,88.064705,final
2022-01-11,2,1011453,RW31,26.0,66.30769,31.098719,127.92308,111.43077,349.61536,364.9449,197.53526,114.1649,95.85627,final
2022-01-21,2,1011453,RW31,26.0,40.653847,35.95769,116.76923,100.06795,358.76923,356.1577,111.46587,115.8957,100.7231,final
2022-02-01,2,1011453,RW31,26.0,79.38461,34.95641,186.34616,102.01282,391.4231,341.13718,211.19168,178.80676,114.52774,final
2022-02-11,2,1011453,RW31,26.0,69.34615,43.365383,189.38461,114.27949,416.34616,343.03845,153.7177,162.96567,121.0631,final
2022-02-21,2,1011453,RW31,26.0,25.0,29.770514,173.73077,108.09231,416.34616,328.55258,86.28,158.03972,126.320755,final
2022-03-01,2,1011453,RW31,26.0,28.653847,50.148716,123.0,123.284615,417.96155,341.31412,61.023808,99.778145,122.13235,final
2022-03-11,2,1011453,RW31,26.0,60.846153,41.679485,114.5,121.59872,431.8077,347.30896,141.06015,94.39274,123.984276,final
2022-03-21,2,1011453,RW31,26.0,40.884617,58.041027,130.38461,149.86923,420.8846,358.02948,72.785324,87.41866,117.31406,final
2022-04-01,2,1011453,RW31,26.0,28.0,55.465385,129.73077,155.1859,439.07693,380.48334,54.576683,84.10901,115.20003,final
2022-04-11,2,1011453,RW31,26.0,68.26923,49.876923,137.15384,163.38333,441.03845,399.26154,133.51556,84.42275,110.33414,final
2022-04-21,2,1011453,RW31,26.0,29.423077,47.24359,125.69231,152.58589,429.80768,410.54742,65.889565,82.93401,104.63492,final
2022-05-01,2,1011453,RW31,26.0,19.26923,44.91282,116.96153,142.03334,369.6923,420.50385,48.62324,82.94821,88.058495,final
2022-05-11,2,1011453,RW31,26.0,29.961538,40.392307,78.65385,132.54872,330.30768,417.53076,77.02085,60.81761,79.35699,final
2022-05-21,2,1011453,RW31,26.0,83.61539,35.102566,132.84616,120.40769,388.92307,422.86282,220.97186,109.91843,92.067604,final
2022-06-01,2,1011453,RW31,26.0,7.6153846,15.646153,121.192314,91.14102,367.8846,388.36026,61.102837,131.2575,94.794685,final
2022-06-11,2,1011453,RW31,26.0,11.692307,10.688461,102.92308,61.43718,318.73077,357.36923,106.39862,162.4438,89.33727,final
2022-06-21,2,1011453,RW31,26.0,5.5384617,8.0,24.846153,34.334614,283.3846,307.3282,81.06509,75.87759,92.33384,final
2022-07-01,2,1011453,RW31,26.0,1.8461539,4.725641,19.076923,23.414103,257.23077,256.58847,70.39282,84.735825,100.24554,final
2022-07-11,2,1011453,RW31,26.0,1.7307693,3.2474358,9.115385,15.973077,190.69232,209.95897,81.61045,67.30241,91.037056,final
2022-07-21,2,1011453,RW31,26.0,11.423077,5.182051,15.0,13.1551285,172.69234,167.89743,161.29439,110.16171,102.77326,final
2022-08-01,2,1011453,RW31,26.0,10.576923,11.210257,23.73077,19.639744,164.00003,134.19487,96.09301,116.60336,121.41254,final
2022-08-11,2,1011453,RW31,26.0,10.269231,12.661538,32.26923,29.053846,144.30768,106.4641,86.45471,109.442055,133.95135,final
2022-08-21,2,1011453,RW31,26.0,21.192308,18.68205,42.03846,42.553844,81.88461,90.04359,110.59983,98.91621,91.41554,final
2022-09-01,2,1011453,RW31,26.0,25.961538,34.003845,57.42308,65.347435,100.230774,108.40128,79.38073,88.735405,92.795044,final
2022-09-11,2,1011453,RW31,26.0,34.307693,36.566666,81.46154,89.25256,122.84616,134.27948,94.56542,91.73389,91.79109,final
2022-09-21,2,1011453,RW31,26.0,38.96154,34.65,99.230774,105.22051,156.26923,160.92949,110.874,94.565674,97.191414,final
2022-10-01,2,1011453,RW31,26.0,36.692307,38.058975,109.96154,109.27564,191.11539,194.26282,96.82605,100.60022,98.42046,final
2022-10-11,2,1011453,RW31,26.0,19.307692,44.744873,94.96154,117.45385,208.69232,235.76025,48.864716,81.63201,88.75731,final
2022-10-21,2,1011453,RW31,26.0,55.76923,45.064102,111.769226,127.86795,253.03845,275.6423,121.38284,87.88367,91.94567,final
2022-11-01,2,1011453,RW31,26.0,37.26923,49.747437,112.346146,139.55641,279.73077,314.17947,77.20769,81.17672,89.20711,final
2022-11-11,2,1011453,RW31,26.0,64.76923,41.13718,157.8077,135.94872,334.23077,342.65512,151.22128,115.50846,97.57681,final
2022-11-21,2,1011453,RW31,26.0,60.307693,43.51282,162.34616,134.39743,373.34613,367.4859,134.61945,120.04968,101.57327,final
2022-12-01,2,1011453,RW31,26.0,39.615383,38.35128,164.6923,123.00128,386.99997,371.83334,102.915955,132.57079,104.02476,final
2022-12-11,2,1011453,RW31,26.0,50.346153,37.361538,150.26923,119.22564,403.03845,372.6282,130.6519,124.98968,108.052956,final
2022-12-21,2,1011453,RW31,26.0,46.576923,46.870514,136.53845,122.583336,410.65384,384.84872,99.43399,110.938034,106.61926,final
2023-01-01,2,1011453,RW31,26.0,34.346153,33.01154,131.26923,116.01667,408.3077,378.2846,103.51107,112.603676,107.833115,final
2023-01-11,2,1011453,RW31,26.0,42.115383,31.098719,123.03847,111.43077,431.11542,364.9449,130.51816,109.96962,117.88659,final
2023-01-21,2,1011453,RW31,26.0,46.153847,35.95769,122.61538,100.06795,421.50003,356.1577,124.894356,121.459854,118.09247,final
2023-02-01,2,1011453,RW31,26.0,13.384615,34.95641,101.65384,102.01282,397.6154,341.13718,46.01168,99.66454,116.31671,final
2023-02-11,2,1011453,RW31,26.0,10.115385,43.365383,69.65385,114.27949,342.96152,343.03845,31.252485,62.587334,99.97789,final
2023-02-21,2,1011453,RW31,26.0,20.76923,29.770514,44.26923,108.09231,303.42307,328.55258,74.112305,43.5655,92.466095,final
2023-03-01,2,1011453,RW31,26.0,26.653847,50.148716,57.53846,123.284615,290.46152,341.31412,57.39725,48.74978,85.31605,final
2023-03-11,2,1011453,RW31,26.0,57.653847,41.679485,105.07692,121.59872,297.76923,347.30896,134.22137,86.94947,85.93855,final
2023-03-21,2,1011453,RW31,26.0,75.84615,58.041027,160.15384,149.86923,327.03845,358.02948,128.24371,106.64083,91.46322,final
2023-04-01,2,1011453,RW31,26.0,63.26923,55.465385,196.76923,155.1859,355.96152,380.48334,112.90629,125.95942,93.63868,final
2023-04-11,2,1011453,RW31,26.0,42.923077,49.876923,182.03847,163.38333,356.76923,399.26154,87.328285,111.078964,89.48891,final
2023-04-21,2,1011453,RW31,26.0,119.46154,47.24359,225.65384,152.58589,430.07693,410.54742,238.23311,146.36707,104.69971,final
2023-05-01,2,1011453,RW31,26.0,161.15384,44.91282,323.53845,142.03334,577.8461,420.50385,332.8881,223.44487,136.97787,final
2023-05-11,2,1011453,RW31,26.0,16.884615,40.392307,297.5,132.54872,584.61536,417.53076,48.212166,219.92206,139.54378,final
2023-05-21,2,1011453,RW31,26.0,18.153847,35.102566,196.19229,120.40769,582.00006,422.86282,57.73657,160.43059,137.19351,final
2023-06-01,2,1011453,RW31,26.0,2.0769231,15.646153,37.115383,91.14102,557.4231,388.36026,34.2772,43.80584,142.97913,final
2023-06-11,2,1011453,RW31,26.0,3.6538463,10.688461,23.884617,61.43718,503.42307,357.36923,55.160583,43.476585,140.30525,final
2023-06-21,2,1011453,RW31,26.0,4.8461537,8.0,10.576923,34.334614,432.42307,307.3282,75.73964,39.60106,140.05238,final
2023-07-01,2,1011453,RW31,26.0,5.230769,4.725641,13.730769,23.414103,374.3846,256.58847,105.19377,65.92068,145.0311,final
2023-07-11,2,1011453,RW31,26.0,1.0769231,3.2474358,11.153847,15.973077,332.53848,209.95897,73.68258,77.02183,157.02461,final
2023-07-21,2,1011453,RW31,26.0,1.4615384,5.182051,7.769231,13.1551285,214.53844,167.89743,63.460087,70.334015,126.976105,final
2023-08-01,2,1011453,RW31,26.0,3.1923077,11.210257,5.730769,19.639744,56.576923,134.19487,50.5378,43.55065,44.237926,final
2023-08-11,2,1011453,RW31,26.0,4.1153846,12.661538,8.769231,29.053846,43.807693,106.4641,51.611507,40.4337,43.78781,final
2023-08-21,2,1011453,RW31,26.0,6.3076925,18.68205,13.615385,42.553844,31.96154,90.04359,47.747948,39.145912,38.88904,final
2023-09-01,2,1011453,RW31,26.0,36.23077,34.003845,46.653847,65.347435,66.11539,108.40128,105.7095,73.426765,62.711273,final
2023-09-11,2,1011453,RW31,26.0,48.153847,36.566666,90.69231,89.25256,110.61539,134.27948,127.87614,101.527534,83.009636,final
2023-09-21,2,1011453,RW31,26.0,22.615385,34.65,107.0,105.22051,128.38461,160.92949,69.64788,101.61447,80.38632,final
2023-10-01,2,1011453,RW31,26.0,16.807692,38.058975,87.57693,109.27564,139.96155,194.26282,50.646103,81.01195,72.74892,final
2023-10-11,2,1011453,RW31,26.0,38.153847,44.744873,77.57692,117.45385,177.03845,235.76025,86.75034,67.435135,75.60985,final
2023-10-21,2,1011453,RW31,26.0,19.653847,45.064102,74.61539,127.86795,195.23077,275.6423,49.24456,59.920685,71.34733,final
2023-11-01,2,1011453,RW31,26.0,28.653847,49.747437,86.46154,139.55641,220.69229,314.17947,61.471092,63.270485,70.71015,final
2023-11-11,2,1011453,RW31,26.0,40.923077,41.13718,89.230774,135.94872,257.49997,342.65512,99.53594,66.85465,75.50585,final
2023-11-21,2,1011453,RW31,26.0,38.384617,43.51282,107.96153,134.39743,289.57693,367.4859,89.42918,81.03559,79.08405,final
2023-12-01,2,1011453,RW31,26.0,18.26923,38.35128,97.57692,123.00128,271.6154,371.83334,53.67599,80.13741,73.40523,final
2023-12-11,2,1011453,RW31,26.0,22.23077,37.361538,78.88461,119.22564,245.6923,372.6282,64.28183,67.52601,66.38602,final
2023-12-21,2,1011453,RW31,26.0,68.69231,46.870514,109.19231,122.583336,291.76923,384.84872,142.06975,89.50409,76.12421,final
2024-01-01,2,1011453,RW31,26.0,32.73077,33.01154,123.653854,116.01667,307.69232,378.2846,99.26135,106.31086,81.582275,final
2024-01-11,2,1011453,RW31,26.0,27.461538,31.098719,128.88461,111.43077,297.0,364.9449,89.92436,114.990746,81.63378,final
2024-01-21,2,1011453,RW31,26.0,34.615383,35.95769,94.80769,100.06795,311.96155,356.1577,96.7227,94.99347,87.76264,final
2024-02-01,2,1011453,RW31,26.0,18.153847,34.95641,80.23077,102.01282,301.46152,341.13718,57.947765,79.645386,88.53759,final
2024-02-11,2,1011453,RW31,26.0,43.923077,43.365383,96.69231,114.27949,304.46152,343.03845,101.15309,85.255486,88.91589,final
2024-02-21,2,1011453,RW31,26.0,10.807693,29.770514,72.88461,108.09231,276.88458,328.55258,45.46292,68.86818,84.50979,final
2024-03-01,2,1011453,RW31,26.0,32.5,50.148716,87.230774,123.284615,291.1154,341.31412,67.997955,71.89543,85.50485,final
2024-03-11,2,1011453,RW31,26.0,24.384615,41.679485,67.69231,121.59872,293.26923,347.30896,62.94974,57.419468,84.66126,final
2024-03-21,2,1011453,RW31,26.0,42.846153,58.041027,99.73077,149.86923,267.42307,358.02948,75.89685,67.62529,75.04158,final
2024-04-01,2,1011453,RW31,26.0,44.307693,55.465385,111.53846,155.1859,279.0,380.48334,81.546974,72.752014,73.673744,final
2024-04-11,2,1011453,RW31,26.0,67.61539,49.876923,154.76923,163.38333,319.15387,399.26154,132.32408,94.88423,80.1842,final
2024-04-21,2,1011453,RW31,26.0,86.38461,47.24359,198.3077,152.58589,370.92307,410.54742,174.92024,129.0139,90.46454,final
2024-05-01,2,1011453,RW31,26.0,36.5,44.91282,190.5,142.03334,389.26926,420.50385,83.14497,132.96304,92.65939,final
2024-05-11,2,1011453,RW31,26.0,20.038462,40.392307,142.92308,132.54872,365.3846,417.53076,55.16014,107.54231,87.658615,final
2024-05-21,2,1011453,RW31,26.0,12.5,35.102566,69.03846,120.40769,367.0769,422.86282,43.638103,59.038208,86.96173,final
2024-06-01,2,1011453,RW31,26.0,3.7692308,15.646153,36.30769,91.14102,338.34613,388.36026,42.473923,42.96573,87.28541,final
2024-06-11,2,1011453,RW31,26.0,3.6538463,10.688461,19.923077,61.43718,317.61536,357.36923,55.160583,37.51375,89.02946,final
2024-06-21,2,1011453,RW31,26.0,3.5769231,8.0,11.0,34.334614,278.34616,307.3282,65.97633,40.676643,90.72065,final
2024-07-01,2,1011453,RW31,26.0,5.3846154,4.725641,12.615385,23.414103,239.42307,256.58847,106.77563,61.99522,93.43801,final
2024-07-11,2,1011453,RW31,26.0,1.6923077,3.2474358,10.653846,15.973077,173.49998,209.95897,81.144104,74.63782,83.0391,final
2024-07-21,2,1011453,RW31,26.0,2.0,5.182051,9.076923,13.1551285,89.11538,167.89743,68.748436,77.536896,54.434227,final
2024-08-01,2,1011453,RW31,26.0,2.5,11.210257,6.1923075,19.639744,55.115383,134.19487,46.267002,45.423798,43.18793,final
2024-08-11,2,1011453,RW31,26.0,6.6923075,12.661538,11.192307,29.053846,41.76923,106.4641,66.202095,47.54912,41.959007,final
2024-08-21,2,1011453,RW31,26.0,17.115385,18.68205,26.307693,42.553844,46.384613,90.04359,93.38459,65.8363,54.064262,final
2024-09-01,2,1011453,RW31,26.0,21.038462,34.003845,44.846153,65.347435,63.653847,108.40128,66.758705,70.8571,60.540627,final
2024-09-11,2,1011453,RW31,26.0,14.692307,36.566666,52.846153,89.25256,74.69231,134.27948,47.375237,61.37356,57.217552,final
2024-09-21,2,1011453,RW31,26.0,58.96154,34.65,94.69231,105.22051,130.07692,160.92949,161.31535,90.44805,81.40622,final
2024-10-01,2,1011453,RW31,26.0,56.76923,38.058975,130.42308,109.27564,181.46153,194.26282,143.45262,118.505646,93.57568,final
2024-10-11,2,1011453,RW31,26.0,27.346153,44.744873,143.07693,117.45385,207.11539,235.76025,65.02409,120.92469,88.102325,final
2024-10-21,2,1011453,RW31,26.0,33.5,45.064102,117.61539,127.86795,238.61539,275.6423,76.90141,92.283646,86.806366,final
2024-11-01,2,1011453,RW31,26.0,73.92308,49.747437,134.76923,139.55641,310.03845,314.17947,144.1585,96.68836,98.70261,final
2024-11-11,2,1011453,RW31,26.0,86.03846,41.13718,193.46155,135.94872,389.38458,342.65512,197.32124,140.8041,113.44132,final
2024-11-21,2,1011453,RW31,26.0,122.73077,43.51282,282.69232,134.39743,495.0,367.4859,263.29282,206.3828,134.23328,final
2024-12-01,2,1011453,RW31,26.0,28.461538,38.35128,237.23076,123.00128,502.4231,371.83334,77.18697,189.24089,134.65451,final
2024-12-11,2,1011453,RW31,26.0,33.346153,37.361538,184.53845,119.22564,521.07697,372.6282,90.52116,152.57596,139.31082,final
2024-12-21,2,1011453,RW31,26.0,43.576923,46.870514,105.38461,122.583336,505.69235,384.84872,93.65036,86.519615,130.99757,final
2025-01-01,2,1011453,RW31,26.0,15.269231,33.01154,92.192314,116.01667,464.19232,378.2846,53.323883,80.31316,122.41355,final
2025-01-11,2,1011453,RW31,26.0,37.884617,31.098719,96.730774,111.43077,474.7308,364.9449,118.79817,87.37447,129.6763,final
2025-01-21,2,1011453,RW31,26.0,47.923077,35.95769,101.07692,100.06795,489.15387,356.1577,129.21402,100.960304,136.82495,final
2025-02-01,2,1011453,RW31,26.0,46.26923,34.95641,132.07692,102.01282,461.49997,341.13718,128.31291,128.09392,134.77315,final
2025-02-11,2,1011453,RW31,26.0,38.807693,43.365383,133.0,114.27949,414.26923,343.03845,90.576546,115.694664,120.466354,final
2025-02-21,2,1011453,RW31,26.0,5.423077,29.770514,90.5,108.09231,296.96152,328.55258,29.976767,84.44429,90.52891,final
2025-03-01,2,1011453,RW31,26.0,27.615385,50.148716,71.84615,123.284615,296.1154,341.31412,59.14079,59.902866,86.94863,final
2025-03-11,2,1011453,RW31,26.0,33.153847,41.679485,66.19231,121.59872,295.92307,347.30896,81.73579,56.234623,85.414536,final
2025-03-21,2,1011453,RW31,26.0,35.03846,58.041027,95.80769,149.86923,287.3846,358.02948,63.511753,65.09213,80.540184,final
2025-04-01,2,1011453,RW31,26.0,68.69231,55.465385,136.88461,155.1859,340.80768,380.48334,121.87519,88.57497,89.70755,final
2025-04-11,2,1011453,RW31,26.0,80.03846,49.876923,183.76923,163.38333,382.96155,399.26154,154.96214,112.106834,95.96796,final
2025-04-21,2,1011453,RW31,26.0,42.23077,47.24359,190.96155,152.58589,377.26923,410.54742,90.40491,124.35222,91.99172,final
2025-05-01,2,1011453,RW31,26.0,44.46154,44.91282,166.73077,142.03334,375.46155,420.50385,99.09587,116.797165,89.41437,final
2025-05-11,2,1011453,RW31,26.0,39.807693,40.392307,126.5,132.54872,376.46155,417.53076,98.71209,95.602486,90.28018,final
2025-05-21,2,1011453,RW31,26.0,16.615385,35.102566,100.88462,120.40769,387.65384,422.86282,53.900253,84.43231,91.770966,final
2025-06-01,2,1011453,RW31,26.0,21.153847,15.646153,77.57693,91.14102,381.19232,388.36026,126.67662,85.891464,98.177765,final
2025-06-11,2,1011453,RW31,26.0,30.423077,10.688461,68.19231,61.43718,378.46152,357.36923,225.79065,110.167694,105.820656,final
2025-06-21,2,1011453,RW31,26.0,9.153846,8.0,60.73077,34.334614,352.5769,307.3282,108.87574,167.1067,114.48755,final
2025-07-01,2,1011453,RW31,26.0,5.1923075,4.725641,44.76923,23.414103,289.07693,256.58847,104.7983,175.15678,112.419685,final
2025-07-11,2,1011453,RW31,26.0,4.1923075,3.2474358,18.53846,15.973077,213.23076,209.95897,111.45655,112.23179,101.52205,final
2025-07-21,2,1011453,RW31,26.0,4.269231,5.182051,13.653846,13.1551285,175.26923,167.89743,91.03501,102.74699,104.26369,final
2025-08-01,2,1011453,RW31,26.0,35.576923,11.210257,44.03846,19.639744,166.38461,134.19487,250.31636,199.02179,123.12567,final
2025-08-11,2,1011453,RW31,26.0,44.03846,12.661538,83.88461,29.053846,170.61539,106.4641,277.6568,261.01196,157.55331,final
2025-08-21,2,1011453,RW31,26.0,11.576923,18.68205,91.19231,42.553844,165.57692,90.04359,69.99783,202.28084,179.4723,final
2025-09-01,2,1011453,RW31,26.0,19.0,34.003845,74.61539,65.347435,163.42308,108.40128,61.532394,113.174545,148.51955,final
2025-09-11,2,1011453,RW31,26.0,35.307693,36.566666,65.88461,89.25256,168.3077,134.27948,96.9712,75.20709,124.43161,final
2025-09-21,2,1011453,RW31,26.0,12.230769,34.65,66.53846,105.22051,171.38461,160.92949,43.457176,64.904854,106.30094,final
2025-10-01,2,1011453,RW31,26.0,49.96154,38.058975,97.5,109.27564,216.15384,194.26282,127.64248,89.695404,110.98601,final
2025-10-11,2,1011453,RW31,26.0,21.923077,44.744873,84.11539,117.45385,233.88463,235.76025,54.12232,72.77467,99.220955,final
2025-10-21,2,1011453,RW31,26.0,48.23077,45.064102,120.11539,127.86795,277.84616,275.6423,106.32522,94.165215,100.78529,final
2025-11-01,2,1011453,RW31,26.0,38.807693,49.747437,108.96154,139.55641,281.07693,314.17947,80.0178,78.835335,89.62886,final
2025-11-11,2,1011453,RW31,26.0,35.884617,41.13718,122.92308,135.94872,272.9231,342.65512,88.61533,90.7586,79.942184,final
2025-11-21,2,1011453,RW31,26.0,44.346153,43.51282,119.03846,134.39743,305.69232,367.4859,101.71776,88.98189,83.41049,final
2025-12-01,2,1011453,RW31,26.0,37.153847,38.35128,117.38462,123.00128,323.84616,371.83334,97.23784,95.61202,87.26568,final
2025-12-11,2,1011453,RW31,26.0,33.346153,37.361538,114.84615,119.22564,321.8846,372.6282,90.52116,96.47457,86.56255,final
2025-12-21,2,1011453,RW31,26.0,69.11539,46.870514,139.61539,122.583336,378.76923,384.84872,142.88539,113.34975,98.44055,final
2026-01-01,2,1011453,RW31,26.0,70.88461,33.01154,173.34616,116.01667,399.69232,378.2846,199.63573,147.37323,105.585335,final
2026-01-11,2,1011453,RW31,26.0,30.73077,31.098719,170.73077,111.43077,408.5,364.9449,98.98072,150.93156,111.77341,final
2026-01-21,2,1011453,RW31,26.0,89.73077,35.95769,191.34616,100.06795,450.0,356.1577,231.28932,186.87541,125.98374,final
2026-02-01,2,1011453,RW31,26.0,41.923077,34.95641,162.38461,102.01282,453.1154,341.13718,117.43567,156.41548,132.35081,final
2026-02-11,2,1011453,RW31,26.0,31.346153,43.365383,163.0,114.27949,448.57693,343.03845,75.14911,140.84567,130.3238,final
2026-02-21,2,1011453,RW31,26.0,27.346153,29.770514,100.61538,108.09231,431.57693,328.55258,93.027534,93.38865,130.887,final
2026-03-01,2,1011453,RW31,26.0,55.884617,50.148716,114.57692,123.284615,450.3077,341.31412,110.40079,93.21221,131.47247,prelim
2026-03-11,2,1011453,RW31,26.0,50.46154,41.679485,133.69232,121.59872,467.4231,347.30896,118.81353,109.552704,134.0934,prelim
2026-03-21,2,1011453,RW31,26.0,48.5,58.041027,154.84616,149.86923,446.8077,358.02948,84.865364,103.21363,124.454834,prelim
2026-04-01,2,1011453,RW31,26.0,20.961538,55.465385,119.92308,155.1859,396.88464,380.48334,42.9362,77.98632,104.25474,prelim
2026-04-11,2,1011453,RW31,26.0,48.615383,49.876923,118.07692,163.38333,414.76926,399.26154,97.70115,73.09329,103.83606,forecast
2022-01-01,2,1011454,RW54,62.0,14.354838,22.640322,103.69354,85.78495,296.37094,315.65323,70.02393,119.72639,93.98656,final
2022-01-11,2,1011454,RW54,62.0,43.48387,22.509678,104.37097,82.1457,312.70966,303.86505,176.24297,125.50358,102.86359,final
2022-01-21,2,1011454,RW54,62.0,26.193548,23.486559,84.03226,68.63656,285.7742,285.95108,109.502686,120.907684,99.93921,final
2022-02-01,2,1011454,RW54,62.0,30.532259,23.772043,100.20968,69.76828,288.4839,265.68494,123.49577,140.71432,108.42268,final
2022-02-11,2,1011454,RW54,62.0,50.532257,26.839247,107.258064,74.09785,315.7258,255.12527,174.41447,141.92303,123.29667,final
2022-02-21,2,1011454,RW54,62.0,35.564518,23.527958,116.62903,74.13925,304.6613,235.73817,142.19215,153.68988,128.62991,final
2022-03-01,2,1011454,RW54,62.0,36.35484,44.95269,122.451614,95.31989,326.35483,250.87312,82.78802,127.045204,129.49966,final
2022-03-11,2,1011454,RW54,62.0,43.241936,37.76559,115.16129,106.24624,326.7903,262.48978,112.8055,108.01381,124.038506,final
2022-03-21,2,1011454,RW54,62.0,32.33871,56.596237,111.935486,139.31451,312.59677,282.09033,60.618496,81.02822,110.626076,final
2022-04-01,2,1011454,RW54,62.0,27.32258,54.215054,102.90322,148.57689,325.5645,313.66507,54.585068,70.26006,103.73416,final
2022-04-11,2,1011454,RW54,62.0,71.32258,51.2457,130.98387,162.05699,353.40323,342.4011,135.69496,81.39969,103.166985,final
2022-04-21,2,1011454,RW54,62.0,123.46774,41.753765,222.1129,147.21452,450.67743,360.66827,274.77518,149.20581,124.614975,final
2022-05-01,2,1011454,RW54,62.0,12.82258,38.455914,207.6129,131.45538,432.96774,375.35214,41.013016,155.8113,115.14796,final
2022-05-11,2,1011454,RW54,62.0,11.274194,30.491936,147.56453,110.701614,393.7097,379.00482,45.853214,131.86032,103.829346,final
2022-05-21,2,1011454,RW54,62.0,63.80645,26.762903,87.90323,95.710754,421.95163,382.23978,216.62518,92.247574,110.25511,final
2022-06-01,2,1011454,RW54,62.0,2.596774,7.7639785,77.677414,65.018814,388.19354,345.0511,59.51729,118.07885,112.324615,final
2022-06-11,2,1011454,RW54,62.0,2.032258,2.9473119,68.43548,37.474194,346.9839,310.2328,88.486,172.89435,111.658394,final
2022-06-21,2,1011454,RW54,62.0,1.1935484,1.8795699,5.8225803,12.59086,315.8387,255.51613,90.02813,61.523884,123.15504,final
2022-07-01,2,1011454,RW54,62.0,1.0967742,1.7919354,4.322581,6.6188173,289.61288,203.09302,89.7649,80.23691,141.5775,final
2022-07-11,2,1011454,RW54,62.0,0.7741935,0.88064516,3.0645163,4.5521507,219.06451,152.72797,98.189804,84.426186,142.05757,final
2022-07-21,2,1011454,RW54,62.0,4.677419,2.2634408,6.548387,4.9360213,100.27419,113.23763,133.23465,116.22747,89.03611,final
2022-08-01,2,1011454,RW54,62.0,4.419355,5.432258,9.870968,8.5763445,91.870964,80.213974,90.29066,109.53587,113.67967,final
2022-08-11,2,1011454,RW54,62.0,10.032258,6.0978494,19.129032,13.793549,90.62903,55.819893,135.452,128.38998,157.23314,final
2022-08-21,2,1011454,RW54,62.0,18.951612,10.694086,33.403225,22.224194,45.774193,39.751076,152.61552,141.06285,113.45916,final
2022-09-01,2,1011454,RW54,62.0,10.16129,17.918818,39.14516,34.710754,53.33871,49.905914,66.15215,111.16676,106.252144,final
2022-09-11,2,1011454,RW54,62.0,21.209677,19.081182,50.32258,47.694084,72.51613,66.03979,108.83883,104.98822,109.11649,final
2022-09-21,2,1011454,RW54,62.0,21.435484,19.275269,52.80645,56.27527,92.758064,83.435486,108.898834,94.33896,110.54168,final
2022-10-01,2,1011454,RW54,62.0,20.951612,32.33656,63.59677,70.69301,112.6129,113.98011,69.50724,90.62498,98.85089,final
2022-10-11,2,1011454,RW54,62.0,13.403226,34.439785,55.79032,86.05161,125.241936,147.53925,46.661575,66.76468,85.38258,final
2022-10-21,2,1011454,RW54,62.0,43.5,40.465054,77.85484,107.241394,164.06451,185.74086,106.67534,73.818436,88.635704,final
2022-11-01,2,1011454,RW54,62.0,24.661291,44.36613,81.564514,119.270966,184.30646,224.67473,60.084297,69.657875,82.42372,final
2022-11-11,2,1011454,RW54,62.0,54.403225,37.001614,122.564514,121.832794,228.67743,255.57849,141.43082,100.57691,89.67641,final
2022-11-21,2,1011454,RW54,62.0,43.419353,42.460754,122.48387,123.82849,253.14516,287.34515,102.019775,98.95627,88.3015,final
2022-12-01,2,1011454,RW54,62.0,47.35484,32.818817,145.17741,112.28118,290.3387,302.24515,138.43594,128.04903,96.12478,final
2022-12-11,2,1011454,RW54,62.0,32.241936,27.254301,123.01613,102.533875,301.37097,310.41827,115.46346,119.04726,97.13165,final
2022-12-21,2,1011454,RW54,62.0,22.532259,35.957527,102.12903,96.03065,302.46774,327.10052,67.22149,106.03617,92.58273,final
2023-01-01,2,1011454,RW54,62.0,16.612904,22.640322,71.3871,85.78495,298.12906,315.65323,78.19338,84.14071,94.53486,final
2023-01-11,2,1011454,RW54,62.0,63.35484,22.509678,102.5,82.1457,348.08066,303.86505,248.47562,123.35663,114.315506,final
2023-01-21,2,1011454,RW54,62.0,38.774193,23.486559,118.741936,68.63656,343.35486,285.95108,153.66612,168.04416,119.7297,final
2023-02-01,2,1011454,RW54,62.0,6.145161,23.772043,108.27419,69.76828,324.8387,265.68494,38.736076,151.50034,121.85336,final
2023-02-11,2,1011454,RW54,62.0,4.645161,26.839247,49.564514,74.09785,275.08066,255.12527,30.293306,68.98357,107.67145,final
2023-02-21,2,1011454,RW54,62.0,18.403225,23.527958,29.193546,74.13925,250.06451,235.73817,82.0361,43.20681,105.951,final
2023-03-01,2,1011454,RW54,62.0,17.887096,44.95269,40.935482,95.31989,220.59679,250.87312,45.817547,45.789005,88.16744,final
2023-03-11,2,1011454,RW54,62.0,84.46774,37.76559,120.758064,106.24624,272.82257,262.48978,209.20499,113.04478,103.86287,final
2023-03-21,2,1011454,RW54,62.0,59.370968,56.596237,161.72581,139.31451,309.6613,282.09033,104.504715,115.52949,109.603584,final
2023-04-01,2,1011454,RW54,62.0,44.01613,54.215054,187.85484,148.57689,337.0645,313.66507,82.77647,125.57543,107.34296,final
2023-04-11,2,1011454,RW54,62.0,52.774193,51.2457,156.16129,162.05699,326.4839,342.4011,102.71753,96.47084,95.418205,final
2023-04-21,2,1011454,RW54,62.0,58.16129,41.753765,154.95161,147.21452,345.87097,360.66827,135.09349,105.083015,95.953354,final
2023-05-01,2,1011454,RW54,62.0,47.33871,38.455914,158.2742,131.45538,387.0645,375.35214,120.44093,119.65391,103.07935,final
2023-05-11,2,1011454,RW54,62.0,11.048388,30.491936,116.548386,110.701614,393.46774,379.00482,45.217,105.053314,103.766335,final
2023-05-21,2,1011454,RW54,62.0,7.467742,26.762903,65.85484,95.710754,382.5323,382.23978,39.252525,70.3548,100.07555,final
2023-06-01,2,1011454,RW54,62.0,1.3548387,7.7639785,19.870968,65.018814,366.0,345.0511,49.787285,35.52041,105.984535,final
2023-06-11,2,1011454,RW54,62.0,2.6612904,2.9473119,11.4838705,37.474194,284.19354,310.2328,96.401024,38.809143,91.73968,final
2023-06-21,2,1011454,RW54,62.0,0.9516129,1.8795699,4.967742,12.59086,225.7742,255.51613,86.511406,56.66432,88.583466,final
2023-07-01,2,1011454,RW54,62.0,1.1451613,1.7919354,4.7580647,6.6188173,182.90323,203.09302,90.47732,83.98501,90.297714,final
2023-07-11,2,1011454,RW54,62.0,0.5,0.88064516,2.596774,4.5521507,130.62903,152.72797,93.52715,79.529465,85.989204,final
2023-07-21,2,1011454,RW54,62.0,0.61290324,2.2634408,2.2580645,4.9360213,73.08065,113.23763,77.276085,73.04799,66.037056,final
2023-08-01,2,1011454,RW54,62.0,1.3548387,5.432258,2.467742,8.5763445,27.096775,80.213974,60.91527,55.005543,37.666096,final
2023-08-11,2,1011454,RW54,62.0,2.112903,6.0978494,4.080645,13.793549,18.161291,55.819893,64.09263,48.317883,38.081768,final
2023-08-21,2,1011454,RW54,62.0,2.1451614,10.694086,5.6129036,22.224194,12.83871,39.751076,45.527733,38.983353,39.86208,final
2023-09-01,2,1011454,RW54,62.0,22.774193,17.918818,27.032257,34.710754,34.258064,49.905914,121.1851,80.66394,71.50061,final
2023-09-11,2,1011454,RW54,62.0,33.0,19.081182,57.919353,47.694084,64.59677,66.03979,157.79956,119.40497,97.96872,final
2023-09-21,2,1011454,RW54,62.0,22.467741,19.275269,78.241936,56.27527,86.1129,83.435486,113.15113,135.84915,103.027534,final
2023-10-01,2,1011454,RW54,62.0,27.82258,32.33656,83.29032,70.69301,112.79032,113.98011,87.91003,116.64264,99.000015,final
2023-10-11,2,1011454,RW54,62.0,30.17742,34.439785,80.46774,86.05161,142.46774,147.53925,89.19273,93.867355,96.675285,final
2023-10-21,2,1011454,RW54,62.0,23.580645,40.465054,81.58064,107.241394,165.43547,185.74086,62.862885,77.137886,89.35446,final
2023-11-01,2,1011454,RW54,62.0,48.48387,44.36613,102.241936,119.270966,212.56451,224.67473,108.34123,86.29686,94.727234,final
2023-11-11,2,1011454,RW54,62.0,51.419353,37.001614,123.48387,121.832794,261.87094,255.57849,134.32663,101.30178,102.414795,final
2023-11-21,2,1011454,RW54,62.0,65.370964,42.460754,165.2742,123.82849,325.09677,287.34515,148.27191,132.17122,112.91337,final
2023-12-01,2,1011454,RW54,62.0,38.467743,32.818817,155.25806,112.28118,340.7903,302.24515,114.93681,136.6443,112.54541,final
2023-12-11,2,1011454,RW54,62.0,20.564516,27.254301,124.40322,102.533875,328.35483,310.41827,79.25924,120.33717,105.68659,final
2023-12-21,2,1011454,RW54,62.0,55.274193,35.957527,114.30645,96.03065,361.1613,327.10052,147.16267,118.08936,110.25616,final
2024-01-01,2,1011454,RW54,62.0,11.903226,22.640322,87.741936,85.78495,345.24194,315.65323,61.15423,102.155624,109.22763,final
2024-01-11,2,1011454,RW54,62.0,20.806452,22.509678,87.98387,82.1457,335.87097,303.86505,93.808624,106.699326,110.362434,final
2024-01-21,2,1011454,RW54,62.0,29.693548,23.486559,62.40323,68.63656,341.9839,285.95108,121.78919,91.53501,119.2585,final
2024-02-01,2,1011454,RW54,62.0,24.241936,23.772043,74.741936,69.76828,317.74194,265.68494,101.633156,106.65209,119.23158,final
2024-02-11,2,1011454,RW54,62.0,14.709678,26.839247,68.645164,74.09785,281.03226,255.12527,61.90372,93.10641,109.95943,final
2024-02-21,2,1011454,RW54,62.0,12.241936,23.527958,51.19355,74.13925,227.9032,235.73817,60.43873,71.00592,96.74544,final
2024-03-01,2,1011454,RW54,62.0,31.112904,44.95269,58.064518,95.31989,220.54836,250.87312,72.29421,62.863422,88.14851,final
2024-03-11,2,1011454,RW54,62.0,16.080645,37.76559,59.435486,106.24624,216.06451,262.48978,49.293472,57.921497,82.6441,final
2024-03-21,2,1011454,RW54,62.0,39.225807,56.596237,86.41936,139.31451,200.01614,282.09033,71.79953,63.347305,71.41172,final
2024-04-01,2,1011454,RW54,62.0,61.64516,54.215054,116.951614,148.57689,249.75807,313.66507,112.54766,79.40753,79.945404,final
2024-04-11,2,1011454,RW54,62.0,57.048386,51.2457,157.91936,162.05699,286.0,342.4011,110.31667,97.52322,83.764854,final
2024-04-21,2,1011454,RW54,62.0,49.69355,41.753765,168.38708,147.21452,306.0,360.66827,116.982124,113.90968,85.04976,final
2024-05-01,2,1011454,RW54,62.0,39.69355,38.455914,146.43549,131.45538,321.4516,375.35214,102.84803,110.97802,85.82878,final
2024-05-11,2,1011454,RW54,62.0,7.064516,30.491936,96.451614,110.701614,313.80646,379.00482,33.99227,87.68384,83.02148,final
2024-05-21,2,1011454,RW54,62.0,4.645161,26.762903,51.403225,95.710754,306.2097,382.23978,30.366117,56.00517,80.36615,final
2024-06-01,2,1011454,RW54,62.0,1.2096775,7.7639785,12.919354,65.018814,276.30646,345.0511,48.650013,25.5922,80.36154,final
2024-06-11,2,1011454,RW54,62.0,0.7903226,2.9473119,6.645161,37.474194,261.01614,310.2328,72.85888,27.417025,84.38721,final
2024-06-21,2,1011454,RW54,62.0,0.9032258,1.8795699,2.903226,12.59086,222.69353,255.51613,85.80806,44.928024,87.40094,final
2024-07-01,2,1011454,RW54,62.0,1.7258065,1.7919354,3.419355,6.6188173,162.77419,203.09302,99.02636,72.463104,80.62461,final
2024-07-11,2,1011454,RW54,62.0,0.5483871,0.88064516,3.1774192,4.5521507,106.2742,152.72797,94.34997,85.60815,70.54818,final
2024-07-21,2,1011454,RW54,62.0,2.2903225,2.2634408,4.564516,4.9360213,58.870964,113.23763,100.37009,96.26102,54.019146,final
2024-08-01,2,1011454,RW54,62.0,1.2903225,5.432258,4.129032,8.5763445,20.467743,80.213974,60.29684,67.242195,29.886814,final
2024-08-11,2,1011454,RW54,62.0,2.983871,6.0978494,6.564516,13.793549,16.387096,55.819893,71.940704,61.5345,35.16464,final
2024-08-21,2,1011454,RW54,62.0,6.967742,10.694086,11.241936,22.224194,18.709679,39.751076,76.256386,59.659935,52.98125,final
2024-09-01,2,1011454,RW54,62.0,9.17742,17.918818,19.129032,34.710754,26.67742,49.905914,61.8593,60.76196,57.694,final
2024-09-11,2,1011454,RW54,62.0,7.129032,19.081182,23.274193,47.694084,33.01613,66.03979,50.36726,53.657246,53.513855,final
2024-09-21,2,1011454,RW54,62.0,41.774193,19.275269,58.080643,56.27527,73.8871,83.435486,192.6825,102.94633,89.202995,final
2024-10-01,2,1011454,RW54,62.0,28.758064,32.33656,77.661285,70.69301,100.91935,113.98011,90.41557,109.20597,89.022736,final
2024-10-11,2,1011454,RW54,62.0,52.612904,34.439785,123.14516,86.05161,152.98387,147.53925,146.07814,140.73903,103.56933,final
2024-10-21,2,1011454,RW54,62.0,15.564516,40.465054,96.935486,107.241394,166.25806,185.74086,45.23148,90.818085,89.78572,final
2024-11-01,2,1011454,RW54,62.0,57.14516,44.36613,125.322586,119.270966,222.1129,224.67473,125.88622,104.8697,98.88458,final
2024-11-11,2,1011454,RW54,62.0,76.8871,37.001614,149.59677,121.832794,296.0161,255.57849,194.96179,121.89022,115.5184,final
2024-11-21,2,1011454,RW54,62.0,84.82258,42.460754,218.85483,123.82849,373.87097,287.34515,189.25653,173.76189,129.59714,final
2024-12-01,2,1011454,RW54,62.0,26.387096,32.818817,188.09679,112.28118,391.08063,302.24515,82.99333,164.6443,128.91354,final
2024-12-11,2,1011454,RW54,62.0,26.790323,27.254301,138.0,102.533875,410.7419,310.41827,98.56149,132.98135,131.80653,final
2024-12-21,2,1011454,RW54,62.0,36.322582,35.957527,89.5,96.03065,405.29028,327.10052,100.891304,93.53597,123.544,final
2025-01-01,2,1011454,RW54,62.0,4.629032,22.640322,67.74194,85.78495,381.16125,315.65323,34.836903,80.12555,120.42955,final
2025-01-11,2,1011454,RW54,62.0,25.935484,22.509678,66.8871,82.1457,354.48383,303.86505,112.453094,82.49071,116.38864,final
2025-01-21,2,1011454,RW54,62.0,30.016129,23.486559,60.580643,68.63656,368.9355,285.95108,122.921585,89.0599,128.52177,final
2025-02-01,2,1011454,RW54,62.0,20.080645,23.772043,76.03226,69.76828,331.871,265.68494,87.17019,108.37785,124.451324,final
2025-02-11,2,1011454,RW54,62.0,11.032258,26.839247,61.12903,74.09785,266.01614,255.12527,50.35376,83.60408,104.186775,final
2025-02-21,2,1011454,RW54,62.0,2.1774194,23.527958,33.29032,74.13925,183.37096,235.73817,25.159248,48.383476,78.24723,final
2025-03-01,2,1011454,RW54,62.0,10.951612,44.95269,24.16129,95.31989,167.93549,250.87312,31.933441,29.068302,67.586426,final
2025-03-11,2,1011454,RW54,62.0,31.403225,37.76559,44.532257,106.24624,172.54839,262.48978,85.122696,44.52488,66.37576,final
2025-03-21,2,1011454,RW54,62.0,32.387096,56.596237,74.74193,139.31451,168.6129,282.09033,60.69705,55.255653,60.473263,final
2025-04-01,2,1011454,RW54,62.0,52.112904,54.215054,115.90323,148.57689,216.09677,313.66507,96.449974,78.724884,69.38218,final
2025-04-11,2,1011454,RW54,62.0,75.435486,51.2457,159.93549,162.05699,265.59677,342.4011,143.00735,98.73007,77.89175,final
2025-04-21,2,1011454,RW54,62.0,88.69355,41.753765,216.24194,147.21452,324.2742,360.66827,200.39787,145.34877,90.04725,final
2025-05-01,2,1011454,RW54,62.0,77.40323,38.455914,241.53226,131.45538,381.59677,375.35214,189.6249,180.66878,101.6418,final
2025-05-11,2,1011454,RW54,62.0,28.274193,30.491936,194.37097,110.701614,398.8387,379.00482,93.75142,172.31477,105.165016,final
2025-05-21,2,1011454,RW54,62.0,25.161291,26.762903,130.83871,95.710754,421.82257,382.23978,94.9576,134.88005,110.22178,final
2025-06-01,2,1011454,RW54,62.0,4.935484,7.7639785,58.37097,65.018814,415.80646,345.0511,77.84002,90.50564,120.21287,final
2025-06-11,2,1011454,RW54,62.0,8.241936,2.9473119,38.33871,37.474194,392.64517,310.2328,166.62157,102.03539,126.14333,final
2025-06-21,2,1011454,RW54,62.0,4.693548,1.8795699,17.870968,12.59086,364.95163,255.51613,140.9034,130.01619,142.0072,final
2025-07-01,2,1011454,RW54,62.0,1.4032258,1.7919354,14.33871,6.6188173,314.24194,203.09302,94.27689,166.44302,153.41309,final
2025-07-11,2,1011454,RW54,62.0,0.9677419,0.88064516,7.064516,4.5521507,239.7742,152.72797,101.48107,126.30156,155.18758,final
2025-07-21,2,1011454,RW54,62.0,0.7903226,2.2634408,3.1612902,4.9360213,151.87099,113.23763,79.71873,82.138405,132.67433,final
2025-08-01,2,1011454,RW54,62.0,5.951613,5.432258,7.7096777,8.5763445,80.419365,80.213974,104.97835,93.61635,100.24103,final
2025-08-11,2,1011454,RW54,62.0,12.080646,6.0978494,18.822582,13.793549,64.22581,55.819893,153.90953,126.75936,113.82099,final
2025-08-21,2,1011454,RW54,62.0,3.0,10.694086,21.032259,22.224194,42.064514,39.751076,50.974613,95.62178,105.16957,final
2025-09-01,2,1011454,RW54,62.0,7.016129,17.918818,22.096775,34.710754,44.14516,49.905914,52.429092,68.23536,89.50796,final
2025-09-11,2,1011454,RW54,62.0,11.193548,19.081182,21.209677,47.694084,47.09677,66.03979,67.24565,49.739315,73.33464,final
2025-09-21,2,1011454,RW54,62.0,8.709678,19.275269,26.919353,56.27527,51.112907,83.435486,56.475906,52.091743,63.45067,final
2025-10-01,2,1011454,RW54,62.0,44.322582,32.33656,64.22581,70.69301,94.03226,113.98011,132.10265,91.45602,83.2343,final
2025-10-11,2,1011454,RW54,62.0,36.16129,34.439785,89.19355,86.05161,129.2258,147.53925,104.3649,103.450714,87.99427,final
2025-10-21,2,1011454,RW54,62.0,60.467743,40.465054,140.95161,107.241394,188.90323,185.74086,143.99574,130.03369,101.657936,final
2025-11-01,2,1011454,RW54,62.0,55.467743,44.36613,152.09677,119.270966,238.41936,224.67473,122.48832,126.4147,105.98439,final
2025-11-11,2,1011454,RW54,62.0,26.306452,37.001614,142.24194,121.832794,252.64517,255.57849,74.53631,116.091385,98.874306,final
2025-11-21,2,1011454,RW54,62.0,12.048388,42.460754,93.82258,123.82849,261.69357,287.34515,35.92102,76.70864,91.225586,final
2025-12-01,2,1011454,RW54,62.0,20.306452,32.818817,58.661293,112.28118,274.9839,302.24515,66.91498,54.280914,91.12719,final
2025-12-11,2,1011454,RW54,62.0,39.01613,27.254301,71.37097,102.533875,302.80646,310.41827,136.46591,71.020386,97.586754,final
2025-12-21,2,1011454,RW54,62.0,87.33871,35.957527,146.66129,96.03065,381.43552,327.10052,225.44989,150.11414,116.36101,final
2026-01-01,2,1011454,RW54,62.0,28.306452,22.640322,154.66129,85.78495,365.41937,315.65323,120.499504,175.86757,115.52024,final
2026-01-11,2,1011454,RW54,62.0,15.919354,22.509678,131.56451,82.1457,345.17743,303.86505,76.04362,156.70827,113.37554,final
2026-01-21,2,1011454,RW54,62.0,50.30645,23.486559,94.53226,68.63656,335.0161,285.95108,194.14928,135.1669,116.86367,final
2026-02-01,2,1011454,RW54,62.0,35.177418,23.772043,101.40323,69.76828,314.72583,265.68494,139.64047,142.31065,118.11733,final
2026-02-11,2,1011454,RW54,62.0,37.419353,26.839247,122.90323,74.09785,325.8387,255.12527,133.22977,161.70255,127.18438,final
2026-02-21,2,1011454,RW54,62.0,28.612904,23.527958,101.20967,74.13925,342.40323,235.73817,117.824425,134.20605,144.3075,final
2026-03-01,2,1011454,RW54,62.0,53.14516,44.95269,119.177414,95.31989,375.24194,250.87312,116.40046,123.78144,148.60565,prelim
2026-03-11,2,1011454,RW54,62.0,39.177418,37.76559,120.935486,106.24624,375.40326,262.48978,103.30131,113.20426,142.21227,prelim
2026-03-21,2,1011454,RW54,62.0,47.258064,56.596237,139.58064,139.31451,335.32257,282.09033,84.8397,100.1844,118.54198,prelim
2026-04-01,2,1011454,RW54,62.0,23.435484,54.215054,109.87097,148.57689,330.4516,313.66507,48.020702,74.79704,105.26776,prelim
2026-04-11,2,1011454,RW54,62.0,46.903225,51.2457,117.59677,162.05699,361.4355,342.4011,92.27945,73.3862,105.47909,forecast
2022-01-01,2,1011455,RW13,7.0,10.142858,23.004763,103.571434,83.65714,305.14285,312.80954,54.072433,122.46214,97.58765,final
2022-01-11,2,1011455,RW13,7.0,46.857143,21.819048,114.714294,80.41428,315.4286,298.01428,193.359375,140.15724,105.74702,final
2022-01-21,2,1011455,RW13,7.0,23.857143,25.033333,80.85715,69.85715,284.85715,280.90475,96.08372,114.69466,101.38241,final
2022-02-01,2,1011455,RW13,7.0,33.0,26.238096,103.71429,73.09048,301.57144,262.9,121.64633,139.2158,114.43503,final
2022-02-11,2,1011455,RW13,7.0,60.714287,30.82381,117.57143,82.09524,329.0,257.56668,183.43745,140.73264,127.20578,final
2022-02-21,2,1011455,RW13,7.0,35.714287,24.095238,129.42857,81.15714,317.57144,239.09525,139.93454,156.02719,132.14983,final
2022-03-01,2,1011455,RW13,7.0,35.57143,43.12381,132.0,98.042854,339.28574,254.79047,84.30635,132.95439,132.5244,final
2022-03-11,2,1011455,RW13,7.0,44.857143,36.1,116.14287,103.319046,348.42862,265.82858,121.30692,111.838936,130.49901,final
2022-03-21,2,1011455,RW13,7.0,28.142857,54.009525,108.57143,133.23334,318.85715,284.24762,56.165268,82.15922,111.965355,final
2022-04-01,2,1011455,RW13,7.0,25.857143,54.633335,98.85715,144.74286,334.5714,315.8762,51.74479,69.356995,105.82631,final
2022-04-11,2,1011455,RW13,7.0,65.42857,50.471428,119.42857,159.11429,353.14288,344.52856,126.9637,75.818245,102.464554,final
2022-04-21,2,1011455,RW13,7.0,81.28571,45.55238,172.57144,150.65715,410.5714,365.04764,170.68576,114.07857,112.30214,final
2022-05-01,2,1011455,RW13,7.0,22.0,38.471428,168.7143,134.49524,399.5714,377.28094,62.109764,124.530624,105.83091,final
2022-05-11,2,1011455,RW13,7.0,8.285714,33.233334,111.57143,117.25714,347.14285,379.6905,34.749035,95.34938,91.53926,final
2022-05-21,2,1011455,RW13,7.0,63.857143,26.22857,94.14285,97.933334,375.2857,381.82382,220.49408,96.317535,98.3098,final
2022-06-01,2,1011455,RW13,7.0,2.857143,9.514286,75.0,68.97619,342.57144,348.2143,54.133858,108.1429,98.40243,final
2022-06-11,2,1011455,RW13,7.0,2.142857,4.190476,68.85715,39.933334,299.85715,316.30475,77.720215,164.3705,94.881,final
2022-06-21,2,1011455,RW13,7.0,3.142857,3.347619,8.142857,17.052382,274.85715,265.64285,97.54706,59.59836,103.404594,final
2022-07-01,2,1011455,RW13,7.0,1.2857143,2.2619047,6.5714283,9.8,250.28574,213.27142,86.55737,78.185326,116.957924,final
2022-07-11,2,1011455,RW13,7.0,2.0,1.5,6.428571,7.109524,186.85715,164.3,107.692314,94.376724,113.32377,final
2022-07-21,2,1011455,RW13,7.0,4.571429,2.9571428,7.857143,6.7190475,110.14285,121.704765,120.287254,109.7115,90.874916,final
2022-08-01,2,1011455,RW13,7.0,4.0,8.214286,10.571428,12.671429,92.14286,91.447624,68.10811,88.11641,100.72085,final
2022-08-11,2,1011455,RW13,7.0,11.428572,10.009523,20.0,21.180952,95.28572,68.22381,109.45432,95.48927,136.9578,final
2022-08-21,2,1011455,RW13,7.0,33.714287,13.938095,49.14286,32.161903,65.14286,55.933334,204.42546,145.69453,115.114105,final
2022-09-01,2,1011455,RW13,7.0,8.571428,22.138096,53.714287,46.085716,70.85714,68.557144,50.008774,114.932884,103.126816,final
2022-09-11,2,1011455,RW13,7.0,26.714285,23.25238,69.0,59.32857,95.42857,87.61905,112.2535,115.034424,108.43188,final
2022-09-21,2,1011455,RW13,7.0,13.857142,23.952381,49.142857,69.34286,106.14285,108.22381,65.131584,72.82859,98.16209,final
2022-10-01,2,1011455,RW13,7.0,14.428572,31.738096,55.0,78.942856,119.28571,137.7,52.883987,71.477196,87.09581,final
2022-10-11,2,1011455,RW13,7.0,12.571428,37.142857,40.85714,92.833336,129.85715,173.34286,41.694916,46.872715,75.61679,final
2022-10-21,2,1011455,RW13,7.0,39.42857,41.29524,66.42857,110.17619,164.71428,211.68095,95.9679,62.016785,78.3245,final
2022-11-01,2,1011455,RW13,7.0,24.428572,44.342857,76.42857,122.78095,185.14285,247.80952,59.641,63.725124,75.2119,final
2022-11-11,2,1011455,RW13,7.0,56.285713,35.61905,120.14285,121.25714,230.0,273.41904,150.87924,99.11745,84.40515,final
2022-11-21,2,1011455,RW13,7.0,47.42857,42.133335,128.14285,122.09524,243.71428,301.6143,111.23458,104.75833,81.11633,final
2022-12-01,2,1011455,RW13,7.0,45.42857,30.547619,149.14285,108.3,280.57144,310.0238,141.86203,136.04842,90.65075,final
2022-12-11,2,1011455,RW13,7.0,29.857143,26.242857,122.71428,98.92381,283.7143,313.01428,111.56836,122.89221,90.78658,final
2022-12-21,2,1011455,RW13,7.0,35.42857,34.69524,110.71428,91.48572,305.2857,323.75714,101.8474,119.92892,94.38143,final
2023-01-01,2,1011455,RW13,7.0,15.571428,23.004763,80.85714,83.65714,306.4286,312.80954,73.45689,96.84177,97.99221,final
2023-01-11,2,1011455,RW13,7.0,44.142857,21.819048,95.14285,80.41428,338.0,298.01428,183.23863,117.24368,113.19598,final
2023-01-21,2,1011455,RW13,7.0,38.857143,25.033333,98.57143,69.85715,337.4286,280.90475,146.02823,138.35876,119.77016,final
2023-02-01,2,1011455,RW13,7.0,5.571429,26.238096,88.57143,73.09048,318.57144,262.9,33.84146,119.82437,120.780685,final
2023-02-11,2,1011455,RW13,7.0,4.714286,30.82381,49.14286,82.09524,267.0,257.56668,27.11684,62.165123,103.59273,final
2023-02-21,2,1011455,RW13,7.0,19.714285,24.095238,30.0,81.15714,239.28569,239.09525,84.94272,40.623444,100.078026,final
2023-03-01,2,1011455,RW13,7.0,20.142857,43.12381,44.571426,98.042854,213.99998,254.79047,52.24619,48.107582,84.2987,final
2023-03-11,2,1011455,RW13,7.0,74.42857,36.1,114.28571,103.319046,258.5714,265.82858,193.25688,110.12441,97.32038,final
2023-03-21,2,1011455,RW13,7.0,55.0,54.009525,149.57143,133.23334,278.14285,284.24762,101.678505,111.81921,97.88943,final
2023-04-01,2,1011455,RW13,7.0,52.142857,54.633335,181.57143,144.74286,314.71426,315.8762,95.823685,124.59454,99.63789,final
2023-04-11,2,1011455,RW13,7.0,57.57143,50.471428,164.71428,159.11429,328.14288,344.52856,112.799385,103.41225,95.312065,final
2023-04-21,2,1011455,RW13,7.0,53.714287,45.55238,163.42857,150.65715,343.0,365.04764,116.14545,108.20484,94.04195,final
2023-05-01,2,1011455,RW13,7.0,56.42857,38.471428,167.7143,134.49524,393.85715,377.28094,141.3079,123.81376,104.33613,final
2023-05-11,2,1011455,RW13,7.0,10.571428,33.233334,120.71428,117.25714,399.7143,379.6905,40.727364,102.82777,105.20518,final
2023-05-21,2,1011455,RW13,7.0,14.571428,26.22857,81.57143,97.933334,394.57144,381.82382,62.671547,84.10436,103.295456,final
2023-06-01,2,1011455,RW13,7.0,1.2857143,9.514286,26.428572,68.97619,375.7143,348.2143,43.307083,42.48471,107.785645,final
2023-06-11,2,1011455,RW13,7.0,2.0,4.190476,17.857143,39.933334,303.2857,316.30475,76.16581,50.86901,95.94807,final
2023-06-21,2,1011455,RW13,7.0,1.0,3.347619,4.285714,17.052382,249.28572,265.64285,71.876785,42.107536,93.95619,final
2023-07-01,2,1011455,RW13,7.0,1.0,2.2619047,4.0,9.8,198.14287,213.27142,82.62295,60.81081,93.068924,final
2023-07-11,2,1011455,RW13,7.0,1.0,1.5,3.0,7.109524,141.57143,164.3,92.30769,66.063705,86.574974,final
2023-07-21,2,1011455,RW13,7.0,1.0,2.9571428,3.0,6.7190475,88.85714,121.704765,75.40395,68.26493,74.07546,final
2023-08-01,2,1011455,RW13,7.0,1.4285715,8.214286,3.4285715,12.671429,33.857143,91.447624,48.64865,47.696037,40.288334,final
2023-08-11,2,1011455,RW13,7.0,1.7142857,10.009523,4.142857,21.180952,25.0,68.22381,44.733505,34.92179,40.97028,final
2023-08-21,2,1011455,RW13,7.0,2.0,13.938095,5.142857,32.161903,12.428572,55.933334,36.962536,27.293694,28.60269,final
2023-09-01,2,1011455,RW13,7.0,15.571428,22.138096,19.285713,46.085716,26.714287,68.557144,75.802765,47.539146,43.11517,final
2023-09-11,2,1011455,RW13,7.0,44.0,23.25238,61.571426,59.32857,68.71429,87.61905,173.4367,103.486565,79.588684,final
2023-09-21,2,1011455,RW13,7.0,14.857142,23.952381,74.428566,69.34286,82.57143,108.22381,68.585526,106.84088,77.34365,final
2023-10-01,2,1011455,RW13,7.0,17.0,31.738096,75.85715,78.942856,98.57143,137.7,59.88334,96.324036,72.579834,final
2023-10-11,2,1011455,RW13,7.0,38.285713,37.142857,70.14285,92.833336,135.85715,173.34286,102.71187,76.80701,78.981094,final
2023-10-21,2,1011455,RW13,7.0,23.857143,41.29524,79.14285,110.17619,158.7143,211.68095,62.332855,73.05577,75.55546,final
2023-11-01,2,1011455,RW13,7.0,35.285713,44.342857,97.42857,122.78095,192.57141,247.80952,81.64447,80.1595,78.1503,final
2023-11-11,2,1011455,RW13,7.0,39.57143,35.61905,98.71429,121.25714,230.42857,273.41904,109.73036,82.14529,84.559074,final
2023-11-21,2,1011455,RW13,7.0,56.0,42.133335,130.85715,122.09524,284.4286,301.6143,129.42007,106.89397,94.39501,final
2023-12-01,2,1011455,RW13,7.0,24.428572,30.547619,120.0,108.3,293.28568,310.0238,82.78634,110.32656,94.686714,final
2023-12-11,2,1011455,RW13,7.0,21.285715,26.242857,101.71429,98.92381,270.5714,313.01428,84.133514,102.68512,86.653786,final
2023-12-21,2,1011455,RW13,7.0,54.285713,34.69524,100.0,91.48572,310.0,323.75714,149.35219,108.824394,95.81541,final
2024-01-01,2,1011455,RW13,7.0,14.714286,23.004763,90.28571,83.65714,307.7143,312.80954,70.396194,107.47664,98.39676,final
2024-01-11,2,1011455,RW13,7.0,21.285715,21.819048,90.28571,80.41428,290.7143,298.01428,98.01137,111.55711,97.59087,final
2024-01-21,2,1011455,RW13,7.0,24.142857,25.033333,60.142857,69.85715,291.0,280.90475,97.03504,87.02289,103.530975,final
2024-02-01,2,1011455,RW13,7.0,17.142857,26.238096,62.57143,73.09048,272.85715,262.9,70.88415,86.52966,103.71674,final
2024-02-11,2,1011455,RW13,7.0,17.428572,30.82381,58.714287,82.09524,250.71428,257.56668,62.608,73.15473,97.39022,final
2024-02-21,2,1011455,RW13,7.0,8.857142,24.095238,43.42857,81.15714,203.57143,239.09525,47.626842,56.209583,85.44674,final
2024-03-01,2,1011455,RW13,7.0,25.0,43.12381,51.285713,98.042854,204.14285,254.79047,62.339203,54.623596,80.50443,final
2024-03-11,2,1011455,RW13,7.0,17.857143,36.1,51.714287,103.319046,200.7143,265.82858,55.613487,52.358555,75.95738,final
2024-03-21,2,1011455,RW13,7.0,33.714287,54.009525,76.57143,133.23334,180.14285,284.24762,65.60684,59.009953,64.00842,final
2024-04-01,2,1011455,RW13,7.0,59.142857,54.633335,110.71429,144.74286,224.57141,315.8762,107.56208,77.27533,71.545166,final
2024-04-11,2,1011455,RW13,7.0,60.142857,50.471428,153.0,159.11429,263.42856,344.52856,117.43497,96.27437,76.79732,final
2024-04-21,2,1011455,RW13,7.0,75.57143,45.55238,194.85715,150.65715,314.85715,365.04764,159.38206,128.39574,86.43675,final
2024-05-01,2,1011455,RW13,7.0,39.42857,38.471428,175.14285,134.49524,337.14285,377.28094,102.201775,129.13907,89.50037,final
2024-05-11,2,1011455,RW13,7.0,5.571429,33.233334,120.57143,117.25714,325.2857,379.6905,27.649769,102.710915,85.85751,final
2024-05-21,2,1011455,RW13,7.0,4.0,26.22857,49.0,97.933334,320.42856,381.82382,28.819763,52.46114,84.128365,final
2024-06-01,2,1011455,RW13,7.0,1.7142857,9.514286,11.285714,68.97619,297.14288,348.2143,46.259842,22.014805,85.540955,final
2024-06-11,2,1011455,RW13,7.0,1.0,4.190476,6.714286,39.933334,280.28574,316.30475,65.28498,26.070368,88.789764,final
2024-06-21,2,1011455,RW13,7.0,1.0,3.347619,3.7142859,17.052382,247.57143,265.64285,71.876785,39.516304,93.32278,final
2024-07-01,2,1011455,RW13,7.0,1.0,2.2619047,3.0,9.8,189.42856,213.27142,82.62295,54.05405,89.07651,final
2024-07-11,2,1011455,RW13,7.0,1.0,1.5,3.0,7.109524,130.2857,164.3,92.30769,66.063705,79.90886,final
2024-07-21,2,1011455,RW13,7.0,1.5714285,2.9571428,3.5714285,6.7190475,56.285717,121.704765,82.58527,73.141,48.36891,final
2024-08-01,2,1011455,RW13,7.0,2.5714285,8.214286,5.142857,12.671429,19.428572,91.447624,57.297295,57.396923,25.32833,final
2024-08-11,2,1011455,RW13,7.0,7.857143,10.009523,12.0,21.180952,21.714285,68.22381,85.659904,64.9327,36.48306,final
2024-08-21,2,1011455,RW13,7.0,13.857142,13.938095,24.285713,32.161903,31.571426,55.933334,99.57255,78.80574,60.018753,final
2024-09-01,2,1011455,RW13,7.0,8.0,22.138096,29.714285,46.085716,37.857143,68.557144,47.903137,67.95302,58.263744,final
2024-09-11,2,1011455,RW13,7.0,6.142857,23.25238,28.0,59.32857,43.0,87.61905,39.44042,51.299137,51.825188,final
2024-09-21,2,1011455,RW13,7.0,49.285713,23.952381,63.42857,69.34286,91.28571,108.22381,187.5,92.044586,85.04016,final
2024-10-01,2,1011455,RW13,7.0,25.714285,31.738096,81.14285,78.942856,116.0,137.7,83.603355,102.62083,84.793274,final
2024-10-11,2,1011455,RW13,7.0,61.714287,37.142857,136.7143,92.833336,176.7143,173.34286,158.30508,144.85277,101.89042,final
2024-10-21,2,1011455,RW13,7.0,18.428572,41.29524,105.85715,110.17619,193.57143,211.68095,50.606873,96.25005,91.64231,final
2024-11-01,2,1011455,RW13,7.0,56.857143,44.342857,137.0,122.78095,247.85715,247.80952,125.36189,111.12768,100.01884,final
2024-11-11,2,1011455,RW13,7.0,75.14286,35.61905,150.42857,121.25714,315.14288,273.41904,197.30363,123.104774,114.98599,final
2024-11-21,2,1011455,RW13,7.0,110.0,42.133335,242.0,122.09524,411.28574,301.6143,243.98868,194.34245,135.76854,final
2024-12-01,2,1011455,RW13,7.0,19.0,30.547619,204.14285,108.3,422.28574,310.0238,67.51507,184.5921,135.63602,final
2024-12-11,2,1011455,RW13,7.0,26.285715,26.242857,155.28572,98.92381,442.4286,313.01428,100.13718,154.23387,140.6945,final
2024-12-21,2,1011455,RW13,7.0,39.57143,34.69524,84.85715,91.48572,432.7143,323.75714,112.284065,93.13,133.14214,final
2025-01-01,2,1011455,RW13,7.0,4.142857,23.004763,70.00001,83.65714,411.14285,312.80954,32.647507,84.59556,130.94096,final
2025-01-11,2,1011455,RW13,7.0,25.571428,21.819048,69.28571,80.41428,375.00003,298.01428,113.99148,86.97107,125.40663,final
2025-01-21,2,1011455,RW13,7.0,37.42857,25.033333,67.14285,69.85715,394.0,280.90475,141.2716,96.37404,139.55696,final
2025-02-01,2,1011455,RW13,7.0,27.0,26.238096,90.0,73.09048,364.14285,262.9,102.439026,121.65376,137.79129,final
2025-02-11,2,1011455,RW13,7.0,17.571428,30.82381,82.0,82.09524,306.57144,257.56668,63.006775,99.89065,118.66374,final
2025-02-21,2,1011455,RW13,7.0,2.857143,24.095238,47.42857,81.15714,199.42857,239.09525,27.00491,60.85226,83.74951,final
2025-03-01,2,1011455,RW13,7.0,12.142858,43.12381,32.57143,98.042854,192.57143,254.79047,35.6224,36.461945,76.0503,final
2025-03-11,2,1011455,RW13,7.0,27.428572,36.1,42.428574,103.319046,193.71428,265.82858,78.90164,43.785995,73.37272,final
2025-03-21,2,1011455,RW13,7.0,28.857143,54.009525,68.42857,133.23334,183.0,284.24762,57.375725,53.119297,64.996216,final
2025-04-01,2,1011455,RW13,7.0,52.857143,54.633335,109.14285,144.74286,231.7143,315.8762,97.02148,76.22591,73.771225,final
2025-04-11,2,1011455,RW13,7.0,66.85714,50.471428,148.57143,159.11429,273.0,344.52856,129.53902,93.5759,79.535706,final
2025-04-21,2,1011455,RW13,7.0,108.42857,45.55238,228.14285,150.65715,344.0,365.04764,224.3783,149.77972,94.31218,final
2025-05-01,2,1011455,RW13,7.0,42.57143,38.471428,217.85713,134.49524,359.57144,377.28094,109.431496,159.75966,95.36742,final
2025-05-11,2,1011455,RW13,7.0,23.428572,33.233334,174.42857,117.25714,365.4286,379.6905,74.35546,146.76326,96.292625,final
2025-05-21,2,1011455,RW13,7.0,40.0,26.22857,106.0,97.933334,402.5714,381.82382,144.09882,107.836784,105.36357,final
2025-06-01,2,1011455,RW13,7.0,6.857143,9.514286,70.28571,68.97619,397.28574,348.2143,81.69292,101.770195,113.89283,final
2025-06-11,2,1011455,RW13,7.0,18.857143,4.190476,65.71429,39.933334,388.7143,316.30475,259.5855,157.376,122.5361,final
2025-06-21,2,1011455,RW13,7.0,4.857143,3.347619,30.57143,17.052382,364.7143,265.64285,118.08328,161.30426,136.60597,final
2025-07-01,2,1011455,RW13,7.0,2.0,2.2619047,25.714287,9.8,313.85715,213.27142,96.39344,207.52898,146.08287,final
2025-07-11,2,1011455,RW13,7.0,2.4285715,1.5,9.285714,7.109524,249.42859,164.3,114.28572,117.970894,150.28268,final
2025-07-21,2,1011455,RW13,7.0,1.0,2.9571428,5.4285717,6.7190475,142.0,121.704765,75.40395,88.98822,116.01774,final
2025-08-01,2,1011455,RW13,7.0,11.142858,8.214286,14.571429,12.671429,110.57143,91.447624,122.162155,110.75183,119.82818,final
2025-08-11,2,1011455,RW13,7.0,23.0,10.009523,35.142857,21.180952,110.14286,68.22381,186.54823,153.32848,157.24785,final
2025-08-21,2,1011455,RW13,7.0,4.571429,13.938095,38.714287,32.161903,74.71428,55.933334,50.540607,117.631996,130.82213,final
2025-09-01,2,1011455,RW13,7.0,5.285714,22.138096,32.857143,46.085716,73.14286,68.557144,37.901382,74.10514,106.23423,final
2025-09-11,2,1011455,RW13,7.0,26.142857,23.25238,36.0,59.32857,80.42857,87.61905,110.23091,63.735294,92.2365,final
2025-09-21,2,1011455,RW13,7.0,8.714286,23.952381,40.142857,69.34286,84.28571,108.22381,47.368423,60.72252,78.85772,final
2025-10-01,2,1011455,RW13,7.0,39.714287,31.738096,74.57143,78.942856,122.0,137.7,121.710945,94.79237,88.9979,final
2025-10-11,2,1011455,RW13,7.0,24.714285,37.142857,73.14286,92.833336,144.2857,173.34286,70.50848,79.87345,83.70714,final
2025-10-21,2,1011455,RW13,7.0,69.42857,41.29524,133.85715,110.17619,212.71428,211.68095,160.7694,120.56063,100.47688,final
2025-11-01,2,1011455,RW13,7.0,44.42857,44.342857,138.57143,122.78095,246.0,247.80952,100.17371,112.35745,99.28423,final
2025-11-11,2,1011455,RW13,7.0,26.571428,35.61905,140.42857,121.25714,249.57144,273.41904,77.72567,115.18444,91.43464,final
2025-11-21,2,1011455,RW13,7.0,15.0,42.133335,86.0,122.09524,260.0,301.6143,42.43281,71.59985,86.42781,final
2025-12-01,2,1011455,RW13,7.0,19.571428,30.547619,61.142853,108.3,274.28574,310.0238,69.122574,58.378513,88.65543,final
2025-12-11,2,1011455,RW13,7.0,33.42857,26.242857,68.0,98.92381,281.57144,313.01428,122.999535,70.24377,90.112755,final
2025-12-21,2,1011455,RW13,7.0,68.28571,34.69524,121.28571,91.48572,341.14285,323.75714,184.62091,130.88539,105.288315,final
2026-01-01,2,1011455,RW13,7.0,50.857143,23.004763,152.57143,83.65714,352.2857,312.80954,199.45587,177.73123,112.42133,final
2026-01-11,2,1011455,RW13,7.0,23.0,21.819048,142.14285,80.41428,350.57144,298.01428,104.40341,172.2696,117.34479,final
2026-01-21,2,1011455,RW13,7.0,49.142857,25.033333,123.0,69.85715,330.2857,280.90475,180.27588,170.99236,117.27182,final
2026-02-01,2,1011455,RW13,7.0,28.285715,26.238096,100.428566,73.09048,314.14285,262.9,106.55486,135.00822,119.12761,final
2026-02-11,2,1011455,RW13,7.0,26.142857,30.82381,103.57143,82.09524,313.71426,257.56668,86.933395,124.65829,121.38412,final
2026-02-21,2,1011455,RW13,7.0,18.142857,24.095238,72.57143,81.15714,316.85712,239.09525,79.54174,90.03482,131.85718,final
2026-03-01,2,1011455,RW13,7.0,51.57143,43.12381,95.85715,98.042854,348.85715,254.79047,117.553925,97.87884,136.20868,prelim
2026-03-11,2,1011455,RW13,7.0,35.857143,36.1,105.57143,103.319046,351.28574,265.82858,99.40911,102.07939,131.55396,prelim
2026-03-21,2,1011455,RW13,7.0,43.57143,54.009525,131.0,133.23334,326.57144,284.24762,82.31117,98.38437,114.63238,prelim
2026-04-01,2,1011455,RW13,7.0,20.857143,54.633335,100.28572,144.74286,296.57144,315.8762,43.360214,70.31101,93.98374,prelim
2026-04-11,2,1011455,RW13,7.0,50.857143,50.471428,115.28572,159.11429,324.42856,344.52856,100.695335,73.29388,94.2494,forecast
2022-01-01,2,1011456,RW55,38.0,13.631579,26.22193,135.89474,105.19035,314.5263,331.08246,59.674664,127.86486,95.073784,final
2022-01-11,2,1011456,RW55,38.0,53.63158,25.442104,132.13158,96.10877,337.89478,324.03333,192.60028,135.62778,104.21278,final
2022-01-21,2,1011456,RW55,38.0,32.36842,27.81228,99.63158,79.47632,330.44736,313.35614,113.885475,123.85906,105.368576,final
2022-02-01,2,1011456,RW55,38.0,26.605263,24.739473,112.60526,77.99386,336.10526,295.7228,106.27378,141.70357,113.42846,final
2022-02-11,2,1011456,RW55,38.0,49.210526,28.78772,108.184204,81.33948,366.3158,288.9079,160.44446,131.09206,126.33747,final
2022-02-21,2,1011456,RW55,38.0,35.210526,23.082457,111.02631,76.60965,351.9737,268.98685,143.18736,142.1723,130.28862,final
2022-03-01,2,1011456,RW55,38.0,36.789474,46.499123,121.210526,98.3693,369.7105,281.5535,81.145996,122.09672,130.76459,final
2022-03-11,2,1011456,RW55,38.0,48.92105,39.84386,120.92105,109.42544,361.23685,286.8737,120.241776,110.04637,125.47786,final
2022-03-21,2,1011456,RW55,38.0,32.605263,58.076317,118.31579,144.4193,328.97366,300.50528,59.61867,82.53003,109.31846,final
2022-04-01,2,1011456,RW55,38.0,34.736843,61.080704,116.26315,159.00089,350.07895,335.36404,60.13381,73.940544,104.32328,final
2022-04-11,2,1011456,RW55,38.0,62.68421,55.41228,130.0263,174.56929,359.13156,365.3342,112.03717,75.19454,98.32513,final
2022-04-21,2,1011456,RW55,38.0,102.1579,47.06842,199.57895,163.5614,428.92105,384.59033,205.80208,121.36761,111.3788,final
2022-05-01,2,1011456,RW55,38.0,11.894737,35.616665,176.73685,138.09737,414.21054,395.46753,41.59558,127.00223,104.68029,final
2022-05-11,2,1011456,RW55,38.0,7.763158,26.005264,121.815796,108.69035,372.76315,392.6851,41.164486,111.54491,94.990524,final
2022-05-21,2,1011456,RW55,38.0,60.18421,23.574562,79.8421,85.196495,397.73685,393.1772,228.11974,94.06364,101.145134,final
2022-06-01,2,1011456,RW55,38.0,2.2105262,5.9780703,70.1579,55.557896,363.1579,352.65613,65.68118,124.10916,102.93628,final
2022-06-11,2,1011456,RW55,38.0,1.5789474,2.0578947,63.973686,31.610527,315.8158,314.87018,93.21402,188.3985,100.29562,final
2022-06-21,2,1011456,RW55,38.0,1.2368422,1.25,5.0263157,9.285965,284.4474,258.04385,99.789474,70.182976,110.0377,final
2022-07-01,2,1011456,RW55,38.0,1.0526316,1.3517544,3.8684213,4.6596494,250.76315,198.31491,95.2907,91.808945,125.796555,final
2022-07-11,2,1011456,RW55,38.0,0.68421054,0.6403509,2.9736843,3.2421052,188.76315,143.54298,100.77761,96.74329,130.44247,final
2022-07-21,2,1011456,RW55,38.0,3.5526316,1.622807,5.2894735,3.6149123,90.1579,98.09737,129.13907,119.43794,92.29906,final
2022-08-01,2,1011456,RW55,38.0,3.1842105,3.2929826,7.421053,5.5561404,81.44738,65.77368,98.68839,117.6666,122.146225,final
2022-08-11,2,1011456,RW55,38.0,6.1578946,4.0368423,12.894737,8.952632,79.84212,43.805264,123.47116,128.25348,173.83804,final
2022-08-21,2,1011456,RW55,38.0,15.552631,7.0710526,24.894737,14.400877,35.210526,27.301754,170.2638,154.08961,124.484024,final
2022-09-01,2,1011456,RW55,38.0,8.078947,15.048245,29.789473,26.15614,41.07895,36.37193,65.237366,111.6617,111.37732,final
2022-09-11,2,1011456,RW55,38.0,18.657894,15.998245,42.289474,38.117542,58.157894,50.31228,112.66606,109.67572,114.18423,final
2022-09-21,2,1011456,RW55,38.0,18.973684,16.66842,45.710526,47.714912,75.89474,65.730705,110.638824,96.197685,114.37003,final
2022-10-01,2,1011456,RW55,38.0,19.526316,28.135088,57.15789,60.801754,94.368416,92.51404,74.01917,94.46236,101.90165,final
2022-10-11,2,1011456,RW55,38.0,14.684211,32.79474,53.18421,77.59824,108.368416,124.66843,52.081882,70.44243,87.42947,final
2022-10-21,2,1011456,RW55,38.0,34.55263,37.72807,68.76315,98.6579,139.36842,160.77368,92.56826,71.16019,87.08766,final
2022-11-01,2,1011456,RW55,38.0,25.789474,42.99298,75.02632,113.51579,161.97368,200.47368,64.15412,67.52376,81.26281,final
2022-11-11,2,1011456,RW55,38.0,58.86842,35.32807,119.210526,116.049126,214.68422,231.76491,158.37212,102.611664,92.7858,final
2022-11-21,2,1011456,RW55,38.0,43.157894,42.335087,127.815796,120.65614,242.28947,267.02896,101.738266,105.69781,90.90557,final
2022-12-01,2,1011456,RW55,38.0,49.394737,38.436844,151.42105,116.1,283.60526,290.41754,125.22719,129.16685,97.694016,final
2022-12-11,2,1011456,RW55,38.0,46.263157,35.63772,138.81578,116.40965,311.21054,310.057,126.14674,118.45498,100.36614,final
2022-12-21,2,1011456,RW55,38.0,27.605263,42.588596,123.26316,116.663155,319.8421,335.9772,68.51486,105.42481,95.26798,final
2023-01-01,2,1011456,RW55,38.0,17.105263,26.22193,90.97369,105.19035,317.42105,331.08246,70.80044,87.09808,95.9351,final
2023-01-11,2,1011456,RW55,38.0,63.973682,25.442104,108.684204,96.10877,366.7105,324.03333,226.5733,112.43752,112.970474,final
2023-01-21,2,1011456,RW55,38.0,46.05263,27.81228,127.13158,79.47632,378.21054,313.35614,155.59003,156.41257,120.37165,final
2023-02-01,2,1011456,RW55,38.0,7.736842,24.739473,117.76315,77.99386,360.1579,295.7228,42.828068,147.91835,121.426735,final
2023-02-11,2,1011456,RW55,38.0,5.631579,28.78772,59.421055,81.33948,306.92105,288.9079,31.465807,74.61366,106.128845,final
2023-02-21,2,1011456,RW55,38.0,21.31579,23.082457,34.68421,76.60965,285.07895,268.98685,93.70901,48.62686,105.873314,final
2023-03-01,2,1011456,RW55,38.0,20.026316,46.499123,46.973686,98.3693,255.71054,281.5535,48.595615,50.279617,90.98145,final
2023-03-11,2,1011456,RW55,38.0,85.81579,39.84386,127.1579,109.42544,295.26315,286.8737,202.51555,115.496956,102.87435,final
2023-03-21,2,1011456,RW55,38.0,61.263157,58.076317,167.10526,144.4193,328.92105,300.50528,105.05235,115.18275,109.30123,final
2023-04-01,2,1011456,RW55,38.0,59.026318,61.080704,206.10527,159.00089,370.8421,335.36404,96.8911,128.72203,110.42357,final
2023-04-11,2,1011456,RW55,38.0,48.763157,55.41228,169.05263,174.56929,355.63156,365.3342,88.99375,96.92783,97.38003,final
2023-04-21,2,1011456,RW55,38.0,69.052635,47.06842,176.8421,163.5614,378.63156,384.59033,142.22179,107.87885,98.470505,final
2023-05-01,2,1011456,RW55,38.0,46.92105,35.616665,164.73685,138.09737,417.8158,395.46753,127.83189,118.61633,105.58054,final
2023-05-11,2,1011456,RW55,38.0,11.842105,26.005264,127.81579,108.69035,424.02634,392.6851,54.320152,116.822395,107.88093,final
2023-05-21,2,1011456,RW55,38.0,7.3157897,23.574562,66.07895,85.196495,410.02634,393.1772,43.10054,78.80456,104.231575,final
2023-06-01,2,1011456,RW55,38.0,1.0263158,5.9780703,20.18421,55.557896,391.0263,352.65613,54.894127,41.586994,110.728226,final
2023-06-11,2,1011456,RW55,38.0,1.6052631,2.0578947,9.947369,31.610527,306.81577,314.87018,93.586876,40.82806,97.48197,final
2023-06-21,2,1011456,RW55,38.0,0.55263156,1.25,3.1842105,9.285965,246.10527,258.04385,88.8421,57.288467,95.461365,final
2023-07-01,2,1011456,RW55,38.0,0.8947368,1.3517544,3.0526314,4.6596494,187.9737,198.31491,92.80486,83.3636,94.9137,final
2023-07-11,2,1011456,RW55,38.0,0.15789473,0.6403509,1.6052631,3.2421052,139.36842,143.54298,91.44634,80.14048,97.18966,final
2023-07-21,2,1011456,RW55,38.0,0.18421052,1.622807,1.2368422,3.6149123,70.50001,98.09737,78.278145,72.39589,73.23175,final
2023-08-01,2,1011456,RW55,38.0,1.0789474,3.2929826,1.4210527,5.5561404,24.657892,65.77368,73.30231,60.827656,41.90526,final
2023-08-11,2,1011456,RW55,38.0,1.6052631,4.0368423,2.868421,8.952632,14.421053,43.805264,73.092606,56.393814,39.79295,final
2023-08-21,2,1011456,RW55,38.0,1.8684211,7.0710526,4.5526314,14.400877,8.973684,27.301754,56.899937,49.238144,43.25983,final
2023-09-01,2,1011456,RW55,38.0,10.973684,15.048245,14.447369,26.15614,18.921053,36.37193,79.67622,62.419056,57.819527,final
2023-09-11,2,1011456,RW55,38.0,25.18421,15.998245,38.026314,38.117542,42.5,50.31228,143.74634,99.78842,85.876045,final
2023-09-21,2,1011456,RW55,38.0,15.789474,16.66842,51.94737,47.714912,57.736843,65.730705,95.94366,108.028946,88.69817,final
2023-10-01,2,1011456,RW55,38.0,25.263159,28.135088,66.23684,60.801754,82.10526,92.51404,91.332664,108.25979,89.32587,final
2023-10-11,2,1011456,RW55,38.0,32.44737,32.79474,73.5,77.59824,114.394745,124.66843,99.0809,95.038345,92.07696,final
2023-10-21,2,1011456,RW55,38.0,19.5,37.72807,77.210526,98.6579,133.71053,160.77368,57.33936,79.30946,83.67464,final
2023-11-01,2,1011456,RW55,38.0,44.263157,42.99298,96.210526,113.51579,176.89473,200.47368,102.64659,85.398346,88.52459,final
2023-11-11,2,1011456,RW55,38.0,40.42105,35.32807,104.184204,116.049126,215.71053,231.76491,112.62887,90.19826,93.21928,final
2023-11-21,2,1011456,RW55,38.0,55.0,42.335087,139.6842,120.65614,268.8421,267.02896,126.75587,115.14297,100.66652,final
2023-12-01,2,1011456,RW55,38.0,39.605263,38.436844,135.0263,116.1,297.47366,290.41754,102.68992,115.62866,102.38853,final
2023-12-11,2,1011456,RW55,38.0,20.605263,35.63772,115.210526,116.40965,292.8947,310.057,63.008614,99.01233,94.552635,final
2023-12-21,2,1011456,RW55,38.0,77.8421,42.588596,138.05263,116.663155,354.94736,335.9772,174.07974,117.58089,105.56346,final
2024-01-01,2,1011456,RW55,38.0,16.447369,26.22193,114.89473,105.19035,346.13156,331.08246,68.69328,108.80692,104.4778,final
2024-01-11,2,1011456,RW55,38.0,24.5,25.442104,118.789474,96.10877,338.18417,324.03333,96.90526,122.431984,104.300735,final
2024-01-21,2,1011456,RW55,38.0,30.289474,27.81228,71.23685,79.47632,348.97363,313.35614,107.5496,90.246414,111.187935,final
2024-02-01,2,1011456,RW55,38.0,18.31579,24.739473,73.10526,77.99386,323.0263,295.7228,78.40015,94.10969,109.07929,final
2024-02-11,2,1011456,RW55,38.0,18.973684,28.78772,67.57895,81.33948,301.57898,288.9079,70.95384,84.062294,104.31124,final
2024-02-21,2,1011456,RW55,38.0,10.131579,23.082457,47.421055,76.60965,256.71054,268.98685,53.882675,64.233894,95.51938,final
2024-03-01,2,1011456,RW55,38.0,33.07895,46.499123,62.18421,98.3693,250.1842,281.5535,73.94097,64.99436,89.0529,final
2024-03-11,2,1011456,RW55,38.0,14.763158,39.84386,57.973686,109.42544,244.3421,286.8737,44.07104,55.03469,85.428085,final
2024-03-21,2,1011456,RW55,38.0,38.657894,58.076317,86.5,144.4193,205.1579,300.50528,69.2144,61.237072,68.79027,final
2024-04-01,2,1011456,RW55,38.0,79.0,61.080704,132.42105,159.00089,267.7105,335.36404,127.11729,83.79287,80.123184,final
2024-04-11,2,1011456,RW55,38.0,74.052635,55.41228,191.71054,174.56929,317.26315,365.3342,130.85524,109.54575,87.019554,final
2024-04-21,2,1011456,RW55,38.0,73.31579,47.06842,226.36844,163.5614,360.2895,384.59033,150.40938,137.26062,93.76247,final
2024-05-01,2,1011456,RW55,38.0,30.552631,35.616665,177.92105,138.09737,372.52634,395.46753,87.53213,127.82978,94.2714,final
2024-05-11,2,1011456,RW55,38.0,9.657895,26.005264,113.52632,108.69035,363.21054,392.6851,47.275505,104.253624,92.58847,final
2024-05-21,2,1011456,RW55,38.0,5.6578946,23.574562,45.86842,85.196495,358.73688,393.1772,37.29854,56.397335,91.35051,final
2024-06-01,2,1011456,RW55,38.0,1.0526316,5.9780703,16.368422,55.557896,326.71057,352.65613,55.13384,35.28594,92.74567,final
2024-06-11,2,1011456,RW55,38.0,0.68421054,2.0578947,7.3947372,31.610527,312.63162,314.87018,80.53691,33.855663,99.30017,final
2024-06-21,2,1011456,RW55,38.0,0.68421054,1.25,2.4210527,9.285965,274.65793,258.04385,90.94737,51.94646,106.316086,final
2024-07-01,2,1011456,RW55,38.0,1.0,1.3517544,2.368421,4.6596494,196.65788,198.31491,94.4621,76.28042,99.185,final
2024-07-11,2,1011456,RW55,38.0,0.5,0.6403509,2.1842105,3.2421052,123.10528,143.54298,97.511665,87.16476,86.24122,final
2024-07-21,2,1011456,RW55,38.0,1.2894737,1.622807,2.7894735,3.6149123,51.07895,98.09737,94.96688,90.418495,54.39416,final
2024-08-01,2,1011456,RW55,38.0,1.0263158,3.2929826,2.8157895,5.5561404,21.552631,65.77368,72.667656,74.04021,37.517662,final
2024-08-11,2,1011456,RW55,38.0,1.7105263,4.0368423,4.0263157,8.952632,13.605264,43.805264,74.25743,64.692566,38.121426,final
2024-08-21,2,1011456,RW55,38.0,5.2105265,7.0710526,7.9473686,14.400877,13.157895,27.301754,84.586876,66.73599,56.213337,final
2024-09-01,2,1011456,RW55,38.0,7.131579,15.048245,14.052631,26.15614,19.236841,36.37193,60.511925,61.152096,58.582817,final
2024-09-11,2,1011456,RW55,38.0,4.2105265,15.998245,16.552631,38.117542,22.763157,50.31228,43.863316,49.98576,50.193478,final
2024-09-21,2,1011456,RW55,38.0,35.94737,16.66842,47.289474,47.714912,58.026318,65.730705,188.97255,99.19295,89.10744,final
2024-10-01,2,1011456,RW55,38.0,30.552631,28.135088,70.710526,60.801754,87.57895,92.51404,107.29603,115.05852,94.9391,final
2024-10-11,2,1011456,RW55,38.0,51.263157,32.79474,117.76315,77.59824,138.3421,124.66843,148.86505,148.62683,110.54511,final
2024-10-21,2,1011456,RW55,38.0,17.105263,37.72807,98.92105,98.6579,154.1579,160.77368,51.734756,100.25387,96.00915,final
2024-11-01,2,1011456,RW55,38.0,58.105263,42.99298,126.47369,113.51579,211.23682,200.47368,131.48853,110.93348,105.23821,final
2024-11-11,2,1011456,RW55,38.0,77.63158,35.32807,152.8421,116.049126,287.1579,231.76491,204.8984,130.39508,123.395775,final
2024-11-21,2,1011456,RW55,38.0,88.447365,42.335087,224.1842,120.65614,370.39468,267.02896,197.4167,182.38997,137.99806,final
2024-12-01,2,1011456,RW55,38.0,29.447369,38.436844,195.52632,116.1,392.7105,290.41754,79.30449,165.58739,134.62657,final
2024-12-11,2,1011456,RW55,38.0,29.157894,35.63772,147.05263,116.40965,417.65784,310.057,84.05466,125.23933,134.15282,final
2024-12-21,2,1011456,RW55,38.0,46.42105,42.588596,105.02631,116.663155,428.13156,335.9772,108.0533,90.435196,127.02654,final
2025-01-01,2,1011456,RW55,38.0,5.0,26.22193,80.57895,105.19035,402.57892,331.08246,32.02877,77.66465,121.27348,final
2025-01-11,2,1011456,RW55,38.0,36.18421,25.442104,87.60526,96.10877,387.49997,324.03333,135.28702,91.589745,119.28881,final
2025-01-21,2,1011456,RW55,38.0,37.94737,27.81228,79.13158,79.47632,408.34207,313.35614,130.8881,99.5919,129.83638,final
2025-02-01,2,1011456,RW55,38.0,26.947369,24.739473,101.07895,77.99386,377.1842,295.7228,107.424126,127.81542,127.08853,final
2025-02-11,2,1011456,RW55,38.0,8.894737,28.78772,73.789474,81.33948,308.44736,288.9079,41.12363,91.25545,106.64816,final
2025-02-21,2,1011456,RW55,38.0,2.0526316,23.082457,37.894737,76.60965,222.05263,268.98685,25.114012,52.560867,82.869896,final
2025-03-01,2,1011456,RW55,38.0,9.315789,46.499123,20.263157,98.3693,201.92107,281.5535,27.798122,24.439709,72.21027,final
2025-03-11,2,1011456,RW55,38.0,30.631578,39.84386,42.0,109.42544,203.39474,286.8737,79.45698,41.074783,71.39895,final
2025-03-21,2,1011456,RW55,38.0,34.44737,58.076317,74.39474,144.4193,191.42107,300.50528,62.539112,53.135532,64.29384,final
2025-04-01,2,1011456,RW55,38.0,53.13158,61.080704,118.210526,159.00089,239.55264,335.36404,87.97058,75.12797,71.85032,final
2025-04-11,2,1011456,RW55,38.0,77.8421,55.41228,165.42105,174.56929,281.2105,365.3342,137.12791,94.90546,77.284386,final
2025-04-21,2,1011456,RW55,38.0,94.23684,47.06842,225.21051,163.5614,337.5,384.59033,190.5893,136.57368,87.91286,final
2025-05-01,2,1011456,RW55,38.0,56.05263,35.616665,228.13158,138.09737,366.60526,395.46753,150.31424,162.91815,92.792854,final
2025-05-11,2,1011456,RW55,38.0,24.236841,26.005264,174.52632,108.69035,381.9474,392.6851,94.29638,157.90814,97.29995,final
2025-05-21,2,1011456,RW55,38.0,23.631578,23.574562,103.92105,85.196495,403.52634,393.1772,100.19953,120.759735,102.59913,final
2025-06-01,2,1011456,RW55,38.0,4.4210525,5.9780703,52.28947,55.557896,398.6316,352.65613,85.817024,94.60281,112.85466,final
2025-06-11,2,1011456,RW55,38.0,6.6578946,2.0578947,34.710526,31.610527,374.65793,314.87018,165.17523,108.46751,118.69125,final
2025-06-21,2,1011456,RW55,38.0,2.2105262,1.25,13.289474,9.285965,342.42108,258.04385,115.36842,128.02408,132.07726,final
2025-07-01,2,1011456,RW55,38.0,1.0526316,1.3517544,9.921052,4.6596494,290.34213,198.31491,95.2907,154.46785,145.26338,final
2025-07-11,2,1011456,RW55,38.0,0.7894737,0.6403509,4.0526314,3.2421052,213.28947,143.54298,102.64386,109.83397,146.95374,final
2025-07-21,2,1011456,RW55,38.0,0.65789473,1.622807,2.5,3.6149123,119.71053,98.09737,85.43046,87.05835,120.96384,final
2025-08-01,2,1011456,RW55,38.0,4.5,3.2929826,5.9473686,5.5561404,68.15789,65.77368,114.55469,103.706154,103.36878,final
2025-08-11,2,1011456,RW55,38.0,8.263158,4.0368423,13.421053,8.952632,52.184208,43.805264,146.76761,132.02565,117.16811,final
2025-08-21,2,1011456,RW55,38.0,2.7105262,7.0710526,15.473684,14.400877,31.263157,27.301754,63.876175,105.52969,112.26374,final
2025-09-01,2,1011456,RW55,38.0,7.5526314,15.048245,18.526316,26.15614,34.394737,36.37193,62.61212,75.51101,95.22093,final
2025-09-11,2,1011456,RW55,38.0,11.368421,15.998245,21.631578,38.117542,39.10526,50.31228,77.95137,61.765068,79.73864,final
2025-09-21,2,1011456,RW55,38.0,6.131579,16.66842,25.05263,47.714912,43.026318,65.730705,51.372356,57.00973,67.90024,final
2025-10-01,2,1011456,RW55,38.0,35.842106,28.135088,53.342106,60.801754,77.815796,92.51404,123.25939,88.663445,84.927055,final
2025-10-11,2,1011456,RW55,38.0,27.394737,32.79474,69.36842,77.59824,104.42106,124.66843,85.712296,90.03632,84.38528,final
2025-10-21,2,1011456,RW55,38.0,62.18421,37.72807,125.42105,98.6579,165.94737,160.77368,157.23671,125.818726,103.12093,final
2025-11-01,2,1011456,RW55,38.0,48.44737,42.99298,138.02632,113.51579,209.89474,200.47368,111.364975,120.68124,104.58505,final
2025-11-11,2,1011456,RW55,38.0,27.342106,35.32807,137.97368,116.049126,228.97368,231.76491,80.1975,118.112114,98.8211,final
2025-11-21,2,1011456,RW55,38.0,14.473684,42.335087,90.26316,120.65614,240.73685,267.02896,41.14006,75.81258,90.33481,final
2025-12-01,2,1011456,RW55,38.0,21.421053,38.436844,63.23684,116.1,254.60526,290.41754,60.826366,56.34751,87.877396,final
2025-12-11,2,1011456,RW55,38.0,39.526318,35.63772,75.42105,116.40965,282.76315,310.057,109.56894,66.239426,91.33685,final
2025-12-21,2,1011456,RW55,38.0,100.60526,42.588596,161.55264,116.663155,377.23682,335.9772,221.91296,136.89655,112.100395,final
2026-01-01,2,1011456,RW55,38.0,35.605263,26.22193,175.73685,105.19035,377.0,331.08246,130.05367,164.02238,113.662575,final
2026-01-11,2,1011456,RW55,38.0,23.552631,25.442104,159.76315,96.10877,373.1579,324.03333,93.79323,162.95633,114.92998,final
2026-01-21,2,1011456,RW55,38.0,62.657894,27.81228,121.81579,79.47632,373.6316,313.35614,206.19688,150.11992,118.93334,final
2026-02-01,2,1011456,RW55,38.0,34.31579,24.739473,120.52631,77.99386,359.5,295.7228,132.20068,151.24771,121.20796,final
2026-02-11,2,1011456,RW55,38.0,33.05263,28.78772,130.0263,81.33948,365.2105,288.9079,112.622665,156.39,125.961395,final
2026-02-21,2,1011456,RW55,38.0,19.894737,23.082457,87.26316,76.60965,370.6316,268.98685,88.64872,113.05423,137.0984,final
2026-03-01,2,1011456,RW55,38.0,49.289474,46.499123,102.23685,98.3693,398.5,281.5535,105.41825,103.74148,140.8114,prelim
2026-03-11,2,1011456,RW55,38.0,40.07895,39.84386,109.26316,109.42544,399.05264,286.8737,100.52423,99.858185,138.43408,prelim
2026-03-21,2,1011456,RW55,38.0,50.763157,58.076317,140.13158,144.4193,349.2105,300.50528,88.40585,97.13041,115.94251,prelim
2026-04-01,2,1011456,RW55,38.0,25.236841,61.080704,116.07894,159.00089,338.8421,335.36404,45.757446,73.828224,101.021866,prelim
2026-04-11,2,1011456,RW55,38.0,51.657894,55.41228,127.6579,174.56929,366.9474,365.3342,93.78539,73.8756,100.4356,forecast
2022-01-01,2,1011457,RW27,22.0,11.636364,26.959091,111.72728,96.18485,334.81818,348.0091,52.055187,115.36043,96.26329,final
2022-01-11,2,1011457,RW27,22.0,49.636364,25.448484,115.81819,92.05454,340.59088,335.5788,179.4387,124.48484,101.47164,final
2022-01-21,2,1011457,RW27,22.0,36.227272,31.15,97.5,83.55758,330.95453,323.5894,114.04501,115.7439,102.24145,final
2022-02-01,2,1011457,RW27,22.0,68.545456,33.715153,154.40909,90.31364,349.0,307.50455,189.96556,167.24689,113.27835,final
2022-02-11,2,1011457,RW27,22.0,81.27273,39.67576,186.04546,104.54091,399.77274,304.37576,193.1086,174.40558,130.83531,final
2022-02-21,2,1011457,RW27,22.0,32.0,28.381819,181.81818,101.77273,396.0455,285.32727,110.83877,174.96806,138.13567,final
2022-03-01,2,1011457,RW27,22.0,36.090908,51.104546,149.36363,119.162125,415.5,305.6606,73.23989,124.32425,135.35672,final
2022-03-11,2,1011457,RW27,22.0,55.045456,41.31515,123.13637,120.80151,425.0,317.39697,129.64539,101.85598,133.37595,final
2022-03-21,2,1011457,RW27,22.0,36.0,60.30909,127.13637,152.72879,406.45453,338.05908,62.778397,83.774414,119.93693,final
2022-04-01,2,1011457,RW27,22.0,23.136364,55.686363,114.18182,157.31061,417.95453,366.78635,46.363567,73.428246,113.762794,final
2022-04-11,2,1011457,RW27,22.0,46.727272,50.79697,105.86363,166.79242,415.04544,392.13486,92.70624,64.533485,105.76897,final
2022-04-21,2,1011457,RW27,22.0,53.545456,48.663635,123.40909,155.14697,432.3636,409.6485,109.09708,80.18203,105.47816,final
2022-05-01,2,1011457,RW27,22.0,20.545454,42.975758,120.818184,142.43636,384.36362,418.9091,53.246586,85.33729,91.85073,final
2022-05-11,2,1011457,RW27,22.0,35.636364,39.50909,109.72728,131.14848,338.72726,418.74243,91.29902,84.2663,81.11703,final
2022-05-21,2,1011457,RW27,22.0,80.13636,31.55,136.31818,114.03485,386.86362,421.9106,232.93123,118.71999,91.79055,final
2022-06-01,2,1011457,RW27,22.0,4.590909,12.884849,120.36363,83.94394,355.36362,383.69092,53.62589,140.9468,92.71213,final
2022-06-11,2,1011457,RW27,22.0,4.090909,5.8151517,88.818184,50.25,304.4091,348.19092,84.05716,169.80667,87.60392,final
2022-06-21,2,1011457,RW27,22.0,4.0,4.757576,12.681818,23.457577,272.4091,292.6394,92.23602,62.133957,93.20308,final
2022-07-01,2,1011457,RW27,22.0,1.0,2.569697,9.090909,13.142425,250.27274,239.52272,79.26341,77.668274,104.39633,final
2022-07-11,2,1011457,RW27,22.0,1.4090909,1.8166667,6.409091,9.143939,204.95456,190.54242,94.0209,80.66417,107.37034,final
2022-07-21,2,1011457,RW27,22.0,6.8636365,3.2787879,9.272728,7.6651516,158.27272,145.15758,143.3016,112.69292,108.73425,final
2022-08-01,2,1011457,RW27,22.0,13.363636,8.762121,21.636364,13.857575,151.0909,110.94394,133.43608,141.25021,134.62619,final
2022-08-11,2,1011457,RW27,22.0,16.045454,10.687879,36.272728,22.728788,131.5,82.12273,134.15105,148.84433,156.67554,final
2022-08-21,2,1011457,RW27,22.0,36.272728,15.518182,65.681816,34.96818,87.63637,66.09091,201.152,176.84521,130.30692,final
2022-09-01,2,1011457,RW27,22.0,18.136364,27.65303,70.454544,53.85909,101.18182,80.85909,70.85518,128.19522,123.66986,final
2022-09-11,2,1011457,RW27,22.0,29.772728,28.239393,84.18182,71.41061,126.86364,103.28333,104.61299,116.71393,121.7765,final
2022-09-21,2,1011457,RW27,22.0,26.227272,30.14091,74.13637,86.03333,149.09091,128.66667,88.86302,86.9312,115.27998,final
2022-10-01,2,1011457,RW27,22.0,32.409092,33.033333,88.40909,91.413635,180.5,159.1303,98.3587,96.88369,113.019966,final
2022-10-11,2,1011457,RW27,22.0,20.772728,38.166668,79.40909,101.34091,199.86365,195.4803,59.705162,79.37593,102.18642,final
2022-10-21,2,1011457,RW27,22.0,47.272728,43.169697,100.454544,114.3697,240.27274,235.37122,108.517876,88.34281,102.03915,final
2022-11-01,2,1011457,RW27,22.0,33.545456,50.253033,101.59091,131.58939,260.45453,276.86212,69.761696,78.037476,94.17886,final
2022-11-11,2,1011457,RW27,22.0,69.36364,42.762123,150.18182,136.18484,313.77274,308.93637,155.69585,109.91393,101.54055,final
2022-11-21,2,1011457,RW27,22.0,56.81818,47.21212,159.72728,140.22728,334.31818,340.6303,118.39814,113.42723,98.17373,final
2022-12-01,2,1011457,RW27,22.0,46.18182,33.09394,172.36365,123.068184,362.36365,346.07123,134.35686,138.49158,104.64077,final
2022-12-11,2,1011457,RW27,22.0,51.045456,31.093939,154.04546,111.4,383.63635,348.92575,155.27663,136.63698,109.80731,final
2022-12-21,2,1011457,RW27,22.0,43.272728,38.82424,140.5,103.01212,400.68185,357.6091,110.15074,134.7071,111.87856,final
2023-01-01,2,1011457,RW27,22.0,27.318182,26.959091,121.63637,96.18485,395.5909,348.0091,101.1236,125.15348,113.47892,final
2023-01-11,2,1011457,RW27,22.0,63.18182,25.448484,133.77274,92.05454,438.00003,335.5788,223.92519,142.98427,130.07271,final
2023-01-21,2,1011457,RW27,22.0,31.863636,31.15,122.36363,83.55758,422.59094,323.5894,101.97409,143.82014,130.12927,final
2023-02-01,2,1011457,RW27,22.0,9.045455,33.715153,104.09091,90.31364,398.0909,307.50455,36.27896,114.45467,128.98721,final
2023-02-11,2,1011457,RW27,22.0,6.181818,39.67576,47.09091,104.54091,334.9091,304.37576,25.028828,47.553844,109.86934,final
2023-02-21,2,1011457,RW27,22.0,23.181818,28.381819,38.409092,101.77273,301.27274,285.32727,84.42265,40.655598,105.49223,final
2023-03-01,2,1011457,RW27,22.0,25.954546,51.104546,55.318184,119.162125,281.04547,305.6606,55.172974,48.58018,92.076515,final
2023-03-11,2,1011457,RW27,22.0,77.09091,41.31515,126.22728,120.80151,307.09094,317.39697,177.24419,104.31296,96.80331,final
2023-03-21,2,1011457,RW27,22.0,68.681816,60.30909,171.72726,152.72879,332.5,338.05908,112.82016,112.04503,98.379555,final
2023-04-01,2,1011457,RW27,22.0,86.40909,55.686363,232.18182,157.31061,391.5909,366.78635,150.62543,146.12836,106.67173,final
2023-04-11,2,1011457,RW27,22.0,54.863636,50.79697,209.95454,166.79242,383.27274,392.13486,107.28832,125.12459,97.768486,final
2023-04-21,2,1011457,RW27,22.0,91.59091,48.663635,232.86363,155.14697,443.00003,409.6485,179.99324,148.52834,108.04333,final
2023-05-01,2,1011457,RW27,22.0,145.90909,42.975758,292.36365,142.43636,579.86365,418.9091,314.5528,201.6895,137.96913,final
2023-05-11,2,1011457,RW27,22.0,11.454545,39.50909,248.95454,131.14848,585.13635,418.74243,36.968952,186.52763,139.2677,final
2023-05-21,2,1011457,RW27,22.0,18.272728,31.55,175.63635,114.03485,580.22723,421.9106,63.673676,151.75081,137.08426,final
2023-06-01,2,1011457,RW27,22.0,1.2272727,12.884849,30.954544,83.94394,555.5,383.69092,34.818707,40.42383,144.20198,final
2023-06-11,2,1011457,RW27,22.0,2.2727273,5.8151517,21.772728,50.25,480.68185,348.19092,67.24573,48.457424,137.51256,final
2023-06-21,2,1011457,RW27,22.0,2.0,4.757576,5.5,23.457577,414.0,292.6394,71.73913,36.897026,140.77437,final
2023-07-01,2,1011457,RW27,22.0,1.2727273,2.569697,5.545454,13.142425,328.86368,239.52272,82.866295,58.12593,136.53687,final
2023-07-11,2,1011457,RW27,22.0,1.0,1.8166667,4.272727,9.143939,275.0,190.54242,88.01956,65.55972,143.19144,final
2023-07-21,2,1011457,RW27,22.0,1.0,3.2787879,3.2727273,7.6651516,184.40907,145.15758,72.47438,65.31882,126.1402,final
2023-08-01,2,1011457,RW27,22.0,1.3636364,8.762121,3.3636365,13.857575,39.863636,110.94394,46.24023,44.3516,38.69425,final
2023-08-11,2,1011457,RW27,22.0,1.1818181,10.687879,3.5454545,22.728788,29.59091,82.12273,39.40506,30.817986,39.703663,final
2023-08-21,2,1011457,RW27,22.0,2.909091,15.518182,5.4545455,34.96818,14.227272,66.09091,38.546745,26.157171,27.046034,final
2023-09-01,2,1011457,RW27,22.0,30.636364,27.65303,34.727272,53.85909,43.636364,80.85909,109.13646,67.49556,56.64672,final
2023-09-11,2,1011457,RW27,22.0,44.727272,28.239393,78.27273,71.41061,86.09091,103.28333,149.60341,108.98058,84.12275,final
2023-09-21,2,1011457,RW27,22.0,25.454546,30.14091,100.81818,86.03333,109.545456,128.66667,86.664085,116.241135,85.69485,final
2023-10-01,2,1011457,RW27,22.0,13.454545,33.033333,83.63636,91.413635,121.727264,159.1303,48.52203,91.933426,77.21138,final
2023-10-11,2,1011457,RW27,22.0,41.954544,38.166668,80.86363,101.34091,162.68181,195.4803,108.77501,80.743744,83.640045,final
2023-10-21,2,1011457,RW27,22.0,23.5,43.169697,78.90909,114.3697,185.18181,235.37122,59.16583,70.29346,79.12004,final
2023-11-01,2,1011457,RW27,22.0,31.545454,50.253033,97.0,131.58939,215.36363,276.86212,66.14199,74.67637,78.18136,final
2023-11-11,2,1011457,RW27,22.0,50.68182,42.762123,105.72728,136.18484,264.86362,308.93637,116.58155,78.42717,85.96124,final
2023-11-21,2,1011457,RW27,22.0,46.590908,47.21212,128.81818,140.22728,308.54544,340.6303,98.81021,92.14397,90.717,final
2023-12-01,2,1011457,RW27,22.0,19.545454,33.09394,116.818184,123.068184,297.45453,346.07123,64.43401,95.11979,86.1519,final
2023-12-11,2,1011457,RW27,22.0,21.90909,31.093939,88.04545,111.4,274.63638,348.92575,74.55293,79.93595,79.0099,final
2023-12-21,2,1011457,RW27,22.0,64.72727,38.82424,106.181816,103.01212,313.9091,357.6091,159.10663,102.93458,87.948456,final
2024-01-01,2,1011457,RW27,22.0,22.227272,26.959091,108.86363,96.18485,322.68182,348.0091,85.19414,112.53031,92.825325,final
2024-01-11,2,1011457,RW27,22.0,22.636364,25.448484,109.59091,92.05454,303.36362,335.5788,90.76433,118.06857,90.541046,final
2024-01-21,2,1011457,RW27,22.0,33.090908,31.15,77.954544,83.55758,312.95453,323.5894,105.36903,93.673004,96.76348,final
2024-02-01,2,1011457,RW27,22.0,16.772728,33.715153,72.5,90.31364,298.18182,307.50455,56.23826,81.3105,97.01677,final
2024-02-11,2,1011457,RW27,22.0,37.090908,39.67576,86.954544,104.54091,284.5909,304.37576,94.2142,83.9454,93.60491,final
2024-02-21,2,1011457,RW27,22.0,9.954545,28.381819,63.81818,101.77273,247.95454,285.32727,44.79847,64.45295,87.12738,final
2024-03-01,2,1011457,RW27,22.0,30.454546,51.104546,77.5,119.162125,258.86365,305.6606,63.19371,66.44539,84.9363,final
2024-03-11,2,1011457,RW27,22.0,26.863636,41.31515,67.27273,120.80151,263.8182,317.39697,68.79743,57.449806,83.38112,final
2024-03-21,2,1011457,RW27,22.0,39.272728,60.30909,96.59091,152.72879,238.36362,338.05908,67.789536,64.40861,70.93927,final
2024-04-01,2,1011457,RW27,22.0,56.909092,55.686363,123.045456,157.31061,273.04544,366.78635,102.01483,78.88915,74.786354,final
2024-04-11,2,1011457,RW27,22.0,70.77273,50.79697,166.95456,166.79242,321.18182,392.13486,135.8008,100.094376,82.13377,final
2024-04-21,2,1011457,RW27,22.0,91.545456,48.663635,219.22728,155.14697,379.63635,409.6485,179.90852,140.01343,92.76203,final
2024-05-01,2,1011457,RW27,22.0,49.045456,42.975758,211.36363,142.43636,411.90912,418.9091,112.651596,146.75053,98.34871,final
2024-05-11,2,1011457,RW27,22.0,9.409091,39.50909,150.0,131.14848,384.22726,418.74243,32.373367,113.84629,91.85468,final
2024-05-21,2,1011457,RW27,22.0,6.5,31.55,64.954544,114.03485,380.77274,421.9106,31.463749,58.768116,90.363815,final
2024-06-01,2,1011457,RW27,22.0,2.090909,12.884849,18.0,83.94394,352.40912,383.69092,39.64757,25.858986,91.95201,final
2024-06-11,2,1011457,RW27,22.0,1.5909091,5.8151517,10.181818,50.25,327.13638,348.19092,60.94144,27.478403,94.038765,final
2024-06-21,2,1011457,RW27,22.0,2.0454545,4.757576,5.7272725,23.457577,289.9091,292.6394,72.20496,37.69566,99.08268,final
2024-07-01,2,1011457,RW27,22.0,2.0,2.569697,5.6363635,13.142425,235.0,239.52272,92.473976,58.62702,98.15039,final
2024-07-11,2,1011457,RW27,22.0,1.0,1.8166667,5.0454545,9.143939,165.22728,190.54242,88.01956,71.023026,87.05389,final
2024-07-21,2,1011457,RW27,22.0,1.0,3.2787879,4.0,7.6651516,74.68182,145.15758,72.47438,71.06113,53.065468,final
2024-08-01,2,1011457,RW27,22.0,1.2727273,8.762121,3.2727273,13.857575,26.909092,110.94394,45.57965,43.86952,27.52114,final
2024-08-11,2,1011457,RW27,22.0,6.7727275,10.687879,9.045455,22.728788,24.272728,82.12273,75.04347,50.65297,33.599415,final
2024-08-21,2,1011457,RW27,22.0,11.5,15.518182,19.545456,34.96818,29.272726,66.09091,80.41649,61.41249,48.209717,final
2024-09-01,2,1011457,RW27,22.0,15.318182,27.65303,33.59091,53.85909,42.5,80.85909,62.22449,65.56491,55.3232,final
2024-09-11,2,1011457,RW27,22.0,10.227273,28.239393,37.045456,71.41061,51.136364,103.28333,45.81092,55.02568,51.84211,final
2024-09-21,2,1011457,RW27,22.0,55.090908,30.14091,80.63637,86.03333,104.181816,128.66667,170.99988,94.07144,81.68215,final
2024-10-01,2,1011457,RW27,22.0,44.18182,33.033333,109.5,91.413635,146.36365,159.1303,129.31241,118.75913,92.22164,final
2024-10-11,2,1011457,RW27,22.0,46.18182,38.166668,145.45454,101.34091,191.54547,195.4803,118.56792,141.48323,98.0373,final
2024-10-21,2,1011457,RW27,22.0,34.454544,43.169697,124.818184,114.3697,225.00002,235.37122,81.907394,108.75304,95.68534,final
2024-11-01,2,1011457,RW27,22.0,82.045456,50.253033,162.68182,131.58939,305.77274,276.86212,157.53969,122.76343,110.257,final
2024-11-11,2,1011457,RW27,22.0,101.90909,42.762123,218.40909,136.18484,400.9091,308.93637,223.83655,158.23872,129.29662,final
2024-11-21,2,1011457,RW27,22.0,131.5,47.21212,315.45453,140.22728,520.90906,340.6303,261.43356,220.65726,152.15942,final
2024-12-01,2,1011457,RW27,22.0,26.681818,33.09394,260.0909,123.068184,532.2727,346.07123,83.16761,206.99203,153.0381,final
2024-12-11,2,1011457,RW27,22.0,25.545454,31.093939,183.72728,111.4,547.5909,348.92575,84.627655,162.13684,156.13187,final
2024-12-21,2,1011457,RW27,22.0,36.863636,38.82424,89.09091,103.01212,529.36365,357.6091,95.52621,87.111435,147.3663,final
2025-01-01,2,1011457,RW27,22.0,8.954545,26.959091,71.36363,96.18485,494.13638,348.0091,43.663773,75.46943,141.39478,final
2025-01-11,2,1011457,RW27,22.0,27.136364,25.448484,72.954544,92.05454,475.0909,335.5788,105.543396,80.32034,140.96324,final
2025-01-21,2,1011457,RW27,22.0,46.727272,31.15,82.81818,83.55758,487.36362,323.5894,143.09065,99.165054,149.84161,final
2025-02-01,2,1011457,RW27,22.0,40.090908,33.715153,113.954544,90.31364,445.4091,307.50455,116.46837,124.80328,144.12881,final
2025-02-11,2,1011457,RW27,22.0,28.863636,39.67576,115.68181,104.54091,372.36365,304.37576,75.79868,110.17054,121.97583,final
2025-02-21,2,1011457,RW27,22.0,3.7272727,28.381819,72.681816,101.77273,244.59091,285.32727,26.14379,72.75436,85.96882,final
2025-03-01,2,1011457,RW27,22.0,23.59091,51.104546,56.181816,119.162125,241.5,305.6606,50.960056,49.275745,79.34704,final
2025-03-11,2,1011457,RW27,22.0,29.636364,41.31515,56.954544,120.80151,245.59091,317.39697,74.78409,49.247852,77.72744,final
2025-03-21,2,1011457,RW27,22.0,33.81818,60.30909,87.045456,152.72879,242.54546,338.05908,59.437637,58.356785,72.15826,final
2025-04-01,2,1011457,RW27,22.0,63.227272,55.686363,126.681816,157.31061,296.81818,366.78635,112.42603,81.129524,81.18054,final
2025-04-11,2,1011457,RW27,22.0,74.545456,50.79697,171.59091,166.79242,344.22723,392.13486,142.56232,102.79319,87.93669,final
2025-04-21,2,1011457,RW27,22.0,90.5,48.663635,228.27274,155.14697,388.0,409.6485,177.96036,145.66165,94.779076,final
2025-05-01,2,1011457,RW27,22.0,43.545456,42.975758,208.59091,142.43636,391.45453,418.9091,101.18747,144.86992,93.523476,final
2025-05-11,2,1011457,RW27,22.0,63.363636,39.50909,197.40909,131.14848,425.9546,418.74243,153.59477,148.6679,101.70201,final
2025-05-21,2,1011457,RW27,22.0,16.136364,31.55,123.045456,114.03485,438.36365,421.9106,57.82863,107.56972,103.85397,final
2025-06-01,2,1011457,RW27,22.0,16.954546,12.884849,96.454544,83.94394,431.72726,383.69092,122.75499,114.06572,112.3585,final
2025-06-11,2,1011457,RW27,22.0,26.40909,5.8151517,59.5,50.25,428.5,348.19092,290.41748,116.74209,122.738144,final
2025-06-21,2,1011457,RW27,22.0,5.181818,4.757576,48.545456,23.457577,399.86365,292.6394,104.347824,188.15887,136.02489,final
2025-07-01,2,1011457,RW27,22.0,2.9545455,2.569697,34.545452,13.142425,339.59094,239.52272,105.084076,217.97226,140.92389,final
2025-07-11,2,1011457,RW27,22.0,1.9090909,1.8166667,10.045455,9.143939,266.95456,190.54242,101.355865,106.37387,139.07703,final
2025-07-21,2,1011457,RW27,22.0,4.1363635,3.2787879,9.0,7.6651516,180.59091,145.15758,110.35872,110.539536,123.59743,final
2025-08-01,2,1011457,RW27,22.0,16.045454,8.762121,22.090908,13.857575,153.09091,110.94394,152.92303,143.66061,136.35117,final
2025-08-11,2,1011457,RW27,22.0,23.90909,10.687879,44.090908,22.728788,113.63635,82.12273,184.27661,177.0395,136.17154,final
2025-08-21,2,1011457,RW27,22.0,3.0,15.518182,42.954544,34.96818,100.5,66.09091,38.98981,119.981804,148.40154,final
2025-09-01,2,1011457,RW27,22.0,13.954545,27.65303,40.863636,53.85909,97.49999,80.85909,58.048344,77.921074,119.381645,final
2025-09-11,2,1011457,RW27,22.0,29.727272,28.239393,46.681816,71.41061,100.81818,103.28333,104.47625,67.63696,97.72342,final
2025-09-21,2,1011457,RW27,22.0,11.318182,30.14091,55.0,86.03333,106.954544,128.66667,46.436428,65.90992,83.756516,final
2025-10-01,2,1011457,RW27,22.0,39.954544,33.033333,81.0,91.413635,143.95454,159.1303,118.197754,89.199,90.753845,final
2025-10-11,2,1011457,RW27,22.0,22.545454,38.166668,73.818184,101.34091,164.5909,195.4803,63.811863,74.1184,84.5923,final
2025-10-21,2,1011457,RW27,22.0,65.181816,43.169697,127.681816,114.3697,225.63635,235.37122,145.69702,111.152016,95.95007,final
2025-11-01,2,1011457,RW27,22.0,56.045456,50.253033,143.77274,131.58939,265.63635,276.86212,110.483444,108.91969,96.01728,final
2025-11-11,2,1011457,RW27,22.0,35.090908,42.762123,156.31818,136.18484,276.81818,308.93637,83.938705,114.26027,89.7692,final
2025-11-21,2,1011457,RW27,22.0,31.90909,47.21212,123.045456,140.22728,305.72726,340.6303,70.69065,88.16901,89.90163,final
2025-12-01,2,1011457,RW27,22.0,31.09091,33.09394,98.09091,123.068184,322.86362,346.07123,94.74187,80.4969,93.38949,final
2025-12-11,2,1011457,RW27,22.0,31.5,31.093939,94.5,111.4,324.63638,348.92575,101.125,85.4811,93.13715,final
2025-12-21,2,1011457,RW27,22.0,68.045456,38.82424,130.63637,103.01212,381.36365,357.6091,166.6782,125.575134,106.551,final
2026-01-01,2,1011457,RW27,22.0,57.68182,26.959091,157.22728,96.18485,399.09094,348.0091,196.13142,160.32764,114.47041,final
2026-01-11,2,1011457,RW27,22.0,33.363636,25.448484,159.09091,92.05454,409.90912,335.5788,125.99522,169.07082,121.82471,final
2026-01-21,2,1011457,RW27,22.0,67.5,31.15,158.54546,83.55758,412.2273,323.5894,200.55325,184.67697,126.97529,final
2026-02-01,2,1011457,RW27,22.0,38.18182,33.715153,139.04546,90.31364,394.36365,307.50455,111.537254,151.12785,127.7945,final
2026-02-11,2,1011457,RW27,22.0,36.090908,39.67576,141.77274,104.54091,395.36365,304.37576,91.97585,133.98897,129.41014,final
2026-02-21,2,1011457,RW27,22.0,21.636364,28.381819,95.90909,101.77273,385.0909,285.32727,79.79302,94.50829,134.36247,final
2026-03-01,2,1011457,RW27,22.0,61.545456,51.104546,119.27273,119.162125,415.54547,305.6606,118.60974,100.08909,135.37135,prelim
2026-03-11,2,1011457,RW27,22.0,51.0,41.31515,134.18182,120.80151,435.04547,317.39697,120.91075,110.63605,136.4918,prelim
2026-03-21,2,1011457,RW27,22.0,46.045456,60.30909,158.59091,152.72879,413.04547,338.05908,78.159805,103.71659,121.858154,prelim
2026-04-01,2,1011457,RW27,22.0,23.40909,55.686363,120.454544,157.31061,378.77274,366.78635,46.812973,77.29288,103.22401,prelim
2026-04-11,2,1011457,RW27,22.0,42.863636,50.79697,112.31818,166.79242,388.27274,392.13486,85.781784,68.29066,99.027504,forecast
2022-01-01,2,1011458,RW43,17.0,15.705882,27.40196,126.0,100.833336,362.35294,426.52942,63.903175,123.779526,85.128136,final
2022-01-11,2,1011458,RW43,17.0,42.882355,25.57059,131.47058,94.9451,370.11765,393.951,156.62883,136.54555,94.026,final
2022-01-21,2,1011458,RW43,17.0,38.588234,31.478432,97.17647,84.45098,358.11765,361.46667,119.49043,114.22621,99.08613,final
2022-02-01,2,1011458,RW43,17.0,101.882355,33.468628,183.35294,90.51765,405.0,333.19412,277.8429,197.19176,121.232155,final
2022-02-11,2,1011458,RW43,17.0,84.17647,40.821568,224.64705,105.76863,452.4118,322.09216,194.61679,207.32138,139.84187,final
2022-02-21,2,1011458,RW43,17.0,17.588236,31.309803,203.64706,105.6,434.2941,298.58237,62.209743,188.65016,144.70343,final
2022-03-01,2,1011458,RW43,17.0,27.705883,54.007843,129.47058,126.13921,438.82352,317.4902,55.42633,102.54033,137.62387,final
2022-03-11,2,1011458,RW43,17.0,57.705883,44.32353,103.0,129.64117,459.11758,330.3549,127.13178,80.2132,138.39595,final
2022-03-21,2,1011458,RW43,17.0,47.64706,67.10588,133.05882,165.43726,433.88232,355.48822,73.01354,81.00272,121.74665,final
2022-04-01,2,1011458,RW43,17.0,42.705883,61.08235,148.05882,172.51176,460.88232,389.16864,72.19157,86.22461,118.19365,final
2022-04-11,2,1011458,RW43,17.0,52.52941,62.178432,142.88235,190.36667,470.5294,425.77646,85.63673,75.69477,110.3889,final
2022-04-21,2,1011458,RW43,17.0,43.294117,57.44706,138.5294,180.70784,475.23532,451.7451,77.3361,77.28774,105.14296,final
2022-05-01,2,1011458,RW43,17.0,20.647058,52.290195,116.47059,171.91568,394.00003,470.56668,44.766922,68.66016,83.89992,final
2022-05-11,2,1011458,RW43,17.0,91.35294,45.166668,155.29413,154.90392,401.17648,474.91177,192.06567,100.24403,84.63566,final
2022-05-21,2,1011458,RW43,17.0,76.117645,40.19412,188.11765,137.65099,459.7059,483.79608,179.48717,135.37772,95.07153,final
2022-06-01,2,1011458,RW43,17.0,5.8235292,20.409803,173.29411,105.770584,437.8235,450.19803,42.59588,160.958,97.2815,final
2022-06-11,2,1011458,RW43,17.0,15.588235,13.145098,97.52941,73.749016,395.70587,419.01962,113.46444,130.19771,94.501724,final
2022-06-21,2,1011458,RW43,17.0,8.058824,10.645098,29.470589,44.2,356.11765,362.5588,83.46911,70.06217,98.24758,final
2022-07-01,2,1011458,RW43,17.0,2.235294,5.7588234,25.882353,29.549019,315.64703,307.2353,67.24986,89.38706,102.69403,final
2022-07-11,2,1011458,RW43,17.0,1.5882353,3.954902,11.882353,20.358824,264.7059,249.01176,73.57127,66.57388,106.17851,final
2022-07-21,2,1011458,RW43,17.0,8.588235,7.437255,12.411764,17.15098,230.00002,199.00195,109.25429,78.604935,115.19499,final
2022-08-01,2,1011458,RW43,17.0,31.17647,15.54902,41.35294,26.941177,240.52942,162.26079,176.04962,145.11969,146.79437,final
2022-08-11,2,1011458,RW43,17.0,47.294117,20.468628,87.05882,43.454903,196.47058,137.56274,205.32758,189.98866,141.32063,final
2022-08-21,2,1011458,RW43,17.0,34.82353,25.478432,113.29411,61.49608,155.17647,122.84706,130.66135,177.89638,125.28757,final
2022-09-01,2,1011458,RW43,17.0,41.35294,41.11569,123.47058,87.062744,190.70587,143.55295,100.51447,139.54677,131.74149,final
2022-09-11,2,1011458,RW43,17.0,45.764706,38.737255,121.94118,105.331375,220.88235,169.1451,116.06742,115.05447,129.70927,final
2022-09-21,2,1011458,RW43,17.0,40.17647,40.32549,127.29411,120.17843,253.0,198.82549,99.67123,105.68443,126.578865,final
2022-10-01,2,1011458,RW43,17.0,50.64706,49.901962,136.58824,128.9647,301.41174,242.96863,101.35714,105.690704,123.56875,final
2022-10-11,2,1011458,RW43,17.0,27.941177,58.60392,118.76471,148.83138,327.7647,297.61765,51.791115,80.45479,109.9621,final
2022-10-21,2,1011458,RW43,17.0,87.411766,63.22745,166.0,171.73334,406.58823,353.40784,135.44661,96.75594,114.83796,final
2022-11-01,2,1011458,RW43,17.0,51.235294,62.2549,166.58824,184.08627,426.64706,400.1137,83.615166,90.74601,106.54961,final
2022-11-11,2,1011458,RW43,17.0,81.82353,52.856865,220.4706,178.33922,461.17645,432.50195,150.06609,122.98001,106.55414,final
2022-11-21,2,1011458,RW43,17.0,61.17647,55.313725,194.23529,170.42549,487.52945,462.33725,109.720406,113.5726,105.39059,final
2022-12-01,2,1011458,RW43,17.0,40.764706,36.24902,183.76471,144.4196,486.9412,457.47058,110.94738,126.33196,106.37243,final
2022-12-11,2,1011458,RW43,17.0,47.588234,33.454903,149.52942,125.01765,488.7647,452.18823,136.753,118.85266,108.00031,final
2022-12-21,2,1011458,RW43,17.0,49.82353,41.25294,138.17647,110.95686,498.41177,453.1157,118.52982,123.47391,109.88748,final
2023-01-01,2,1011458,RW43,17.0,32.52941,27.40196,129.94116,100.833336,480.29413,426.52942,115.82449,127.503456,112.459114,final
2023-01-11,2,1011458,RW43,17.0,28.588236,25.57059,110.94117,94.9451,480.94116,393.951,109.87108,116.00486,121.804726,final
2023-01-21,2,1011458,RW43,17.0,37.058823,31.478432,98.17647,84.45098,430.5882,361.46667,115.29778,115.34415,118.86162,final
2023-02-01,2,1011458,RW43,17.0,7.2352943,33.468628,72.882355,90.51765,386.5882,333.19412,31.805902,81.53714,115.787994,final
2023-02-11,2,1011458,RW43,17.0,9.235294,40.821568,53.52941,105.76863,314.0,322.09216,31.0668,52.83934,97.52603,final
2023-02-21,2,1011458,RW43,17.0,22.470589,31.309803,38.941177,105.6,275.2941,298.58237,75.65612,39.72982,92.32885,final
2023-03-01,2,1011458,RW43,17.0,25.0,54.007843,56.705883,126.13921,259.5294,317.4902,50.8407,47.053722,82.02711,final
2023-03-11,2,1011458,RW43,17.0,70.35294,44.32353,117.82353,129.64117,282.2941,330.3549,152.77283,91.22286,85.66868,final
2023-03-21,2,1011458,RW43,17.0,99.0,67.10588,194.35294,165.43726,331.47058,355.48822,144.23235,116.96559,93.33747,final
2023-04-01,2,1011458,RW43,17.0,93.05882,61.08235,262.41174,172.51176,392.0,389.16864,148.38882,150.64452,100.71831,final
2023-04-11,2,1011458,RW43,17.0,54.52941,62.178432,246.58823,190.36667,417.94116,425.77646,88.61387,128.77745,98.18112,final
2023-04-21,2,1011458,RW43,17.0,106.94118,57.44706,254.5294,180.70784,487.82355,451.7451,179.25772,139.75146,107.89903,final
2023-05-01,2,1011458,RW43,17.0,225.23529,52.290195,386.70587,171.91568,705.82355,470.56668,401.87555,221.40822,149.46875,final
2023-05-11,2,1011458,RW43,17.0,20.82353,45.166668,352.99997,154.90392,717.4118,474.91177,51.47547,223.88445,150.53012,final
2023-05-21,2,1011458,RW43,17.0,26.647058,40.19412,272.70587,137.65099,721.5882,483.79608,70.02473,194.67503,148.64853,final
2023-06-01,2,1011458,RW43,17.0,2.6470587,20.409803,50.11765,105.770584,699.2352,450.19803,30.094913,49.75838,154.70964,final
2023-06-11,2,1011458,RW43,17.0,8.882353,13.145098,38.176468,73.749016,637.76465,419.01962,76.507454,54.827946,151.58841,final
2023-06-21,2,1011458,RW43,17.0,16.17647,10.645098,27.705881,44.2,554.9411,362.5588,135.3553,66.475365,152.34055,final
2023-07-01,2,1011458,RW43,17.0,6.8235292,5.7588234,31.88235,29.549019,468.70587,307.2353,109.896126,106.753685,151.7144,final
2023-07-11,2,1011458,RW43,17.0,1.2941177,3.954902,24.294117,20.358824,415.47058,249.01176,70.28685,115.51844,165.53194,final
2023-07-21,2,1011458,RW43,17.0,1.9411764,7.437255,10.058824,17.15098,310.47058,199.00195,55.80955,67.98265,154.64096,final
2023-08-01,2,1011458,RW43,17.0,5.1764708,15.54902,8.411765,26.941177,90.411766,162.26079,49.522903,41.988953,57.043713,final
2023-08-11,2,1011458,RW43,17.0,5.4117646,20.468628,12.529411,43.454903,74.99999,137.56274,40.88074,36.176758,56.11564,final
2023-08-21,2,1011458,RW43,17.0,5.529412,25.478432,16.117647,61.49608,53.882355,122.84706,34.54709,31.757732,46.05687,final
2023-09-01,2,1011458,RW43,17.0,49.882355,41.11569,60.823532,87.062744,101.117645,143.55295,119.01016,71.49856,71.43423,final
2023-09-11,2,1011458,RW43,17.0,50.52941,38.737255,105.94118,105.331375,142.76471,169.1451,126.96135,100.552704,84.851494,final
2023-09-21,2,1011458,RW43,17.0,38.64706,40.32549,139.05882,120.17843,165.23529,198.82549,96.29694,115.08279,83.52012,final
2023-10-01,2,1011458,RW43,17.0,31.470589,49.901962,120.64706,128.9647,189.88235,242.96863,66.42857,93.79116,78.59154,final
2023-10-11,2,1011458,RW43,17.0,48.64706,58.60392,118.76471,148.83138,237.23529,297.61765,84.34553,80.45479,80.04665,final
2023-10-21,2,1011458,RW43,17.0,46.058823,63.22745,126.17647,171.73334,281.35297,353.40784,74.83619,74.222824,79.89584,final
2023-11-01,2,1011458,RW43,17.0,56.411766,62.2549,151.11765,184.08627,332.58823,400.1137,91.31196,82.56424,83.33172,final
2023-11-11,2,1011458,RW43,17.0,80.17647,52.856865,182.64706,178.33922,407.35297,432.50195,147.21928,102.34966,94.251686,final
2023-11-21,2,1011458,RW43,17.0,59.35294,55.313725,195.94116,170.42549,461.17648,462.33725,106.697,114.54502,99.751625,final
2023-12-01,2,1011458,RW43,17.0,26.235294,36.24902,165.7647,144.4196,437.5294,457.47058,75.723724,114.28534,95.68812,final
2023-12-11,2,1011458,RW43,17.0,27.764706,33.454903,113.352936,125.01765,414.76468,452.18823,85.202934,91.028366,91.81441,final
2023-12-21,2,1011458,RW43,17.0,76.94118,41.25294,130.94118,110.95686,453.05884,453.1157,177.15884,117.23427,99.98759,final
2024-01-01,2,1011458,RW43,17.0,19.117647,27.40196,123.82353,100.833336,440.7059,426.52942,74.43268,121.72302,103.28517,final
2024-01-11,2,1011458,RW43,17.0,20.058823,25.57059,116.117645,94.9451,412.1176,393.951,81.97037,121.18418,104.553604,final
2024-01-21,2,1011458,RW43,17.0,39.411766,31.478432,78.588234,84.45098,405.47055,361.46667,121.74802,93.445854,112.00761,final
2024-02-01,2,1011458,RW43,17.0,15.294118,33.468628,74.76471,90.51765,364.35294,333.19412,52.754982,83.50783,109.213295,final
2024-02-11,2,1011458,RW43,17.0,29.882353,40.821568,84.588234,105.76863,314.05884,322.09216,76.126495,80.87871,97.54402,final
2024-02-21,2,1011458,RW43,17.0,10.058824,31.309803,55.235294,105.6,264.7647,298.58237,41.473164,54.462288,88.86047,final
2024-03-01,2,1011458,RW43,17.0,35.294117,54.007843,75.23529,126.13921,273.82355,317.4902,68.28604,61.183292,86.45954,final
2024-03-11,2,1011458,RW43,17.0,30.411764,44.32353,75.7647,129.64117,276.47058,330.3549,71.794876,59.98514,83.93215,final
2024-03-21,2,1011458,RW43,17.0,42.764706,67.10588,108.47058,165.43726,242.29411,355.48822,66.242455,66.57616,68.59978,final
2024-04-01,2,1011458,RW43,17.0,47.117645,61.08235,120.29411,172.51176,270.29413,389.16864,78.86772,70.58355,69.84171,final
2024-04-11,2,1011458,RW43,17.0,75.29412,62.178432,165.17648,190.36667,325.52942,425.77646,119.52366,87.1062,76.72875,final
2024-04-21,2,1011458,RW43,17.0,97.117645,57.44706,219.52942,180.70784,383.2353,451.7451,163.52675,120.90465,85.000435,final
2024-05-01,2,1011458,RW43,17.0,63.47059,52.290195,235.88235,171.91568,431.41174,470.56668,119.51537,136.15659,91.76668,final
2024-05-11,2,1011458,RW43,17.0,21.294117,45.166668,181.88234,154.90392,422.82352,474.91177,52.413525,116.87164,89.146286,final
2024-05-21,2,1011458,RW43,17.0,23.941177,40.19412,108.70589,137.65099,436.70587,483.79608,64.03748,79.70915,90.36608,final
2024-06-01,2,1011458,RW43,17.0,8.117647,20.409803,53.352943,105.770584,409.5294,450.19803,51.62436,52.679096,91.06573,final
2024-06-11,2,1011458,RW43,17.0,5.7647057,13.145098,37.82353,73.749016,384.88235,419.01962,59.325695,54.37976,91.94913,final
2024-06-21,2,1011458,RW43,17.0,4.8235292,10.645098,18.705883,44.2,346.94116,362.5588,62.78982,48.182686,95.750984,final
2024-07-01,2,1011458,RW43,17.0,7.8235292,5.7588234,18.411764,29.549019,307.64706,307.2353,119.19081,67.76391,100.13188,final
2024-07-11,2,1011458,RW43,17.0,2.3529413,3.954902,15.0,20.358824,234.70587,249.01176,82.1108,78.86801,94.36802,final
2024-07-21,2,1011458,RW43,17.0,2.5294118,7.437255,12.705883,17.15098,140.11766,199.00195,60.53918,79.93273,71.13542,final
2024-08-01,2,1011458,RW43,17.0,4.7647057,15.54902,9.6470585,26.941177,81.41177,162.26079,47.519085,45.85635,51.6629,final
2024-08-11,2,1011458,RW43,17.0,14.294118,20.468628,21.588236,43.454903,74.41176,137.56274,75.75641,54.872124,55.703026,final
2024-08-21,2,1011458,RW43,17.0,18.294117,25.478432,37.35294,61.49608,68.7647,122.84706,76.4282,63.692387,57.697613,final
2024-09-01,2,1011458,RW43,17.0,34.17647,41.11569,66.76471,87.062744,94.82353,143.55295,84.95259,77.95196,67.19727,final
2024-09-11,2,1011458,RW43,17.0,18.588236,38.737255,71.05882,105.331375,107.64706,169.1451,53.93168,68.936714,64.68575,final
2024-09-21,2,1011458,RW43,17.0,86.76471,40.32549,139.52942,120.17843,189.58823,198.82549,202.45718,115.458725,95.468056,final
2024-10-01,2,1011458,RW43,17.0,77.0,49.901962,182.35294,128.9647,258.7647,242.96863,149.35715,139.85246,106.3702,final
2024-10-11,2,1011458,RW43,17.0,54.35294,58.60392,218.11765,148.83138,310.7647,297.61765,93.31648,145.0404,104.34445,final
2024-10-21,2,1011458,RW43,17.0,45.941177,63.22745,177.29411,171.73334,354.17645,353.40784,74.66376,103.14642,100.214455,final
2024-11-01,2,1011458,RW43,17.0,121.588234,62.2549,221.88235,184.08627,470.99997,400.1137,188.22159,119.9888,117.49787,final
2024-11-11,2,1011458,RW43,17.0,120.52941,52.856865,288.05884,178.33922,577.2353,432.50195,216.96545,159.84515,133.08176,final
2024-11-21,2,1011458,RW43,17.0,138.82353,55.313725,380.94116,170.42549,697.7647,462.33725,238.45905,220.00288,150.37636,final
2024-12-01,2,1011458,RW43,17.0,26.352942,36.24902,285.70587,144.4196,689.94116,457.47058,76.00894,194.55672,150.2671,final
2024-12-11,2,1011458,RW43,17.0,38.17647,33.454903,203.35294,125.01765,709.5294,452.18823,112.2782,160.24974,156.2878,final
2024-12-21,2,1011458,RW43,17.0,39.64706,41.25294,104.17647,110.95686,662.41174,453.1157,96.528046,94.15266,145.6863,final
2025-01-01,2,1011458,RW43,17.0,20.941177,27.40196,98.76471,100.833336,606.3529,426.52942,80.06051,98.04539,141.6712,final
2025-01-11,2,1011458,RW43,17.0,23.705883,25.57059,84.29412,94.9451,575.7059,393.951,93.90033,89.34317,145.5582,final
2025-01-21,2,1011458,RW43,17.0,44.82353,31.478432,89.47059,84.45098,574.58826,361.46667,136.58353,105.61157,158.15579,final
2025-02-01,2,1011458,RW43,17.0,39.058823,33.468628,107.588234,90.51765,492.05878,333.19412,114.53183,117.87165,146.9744,final
2025-02-11,2,1011458,RW43,17.0,41.47059,40.821568,125.35294,105.76863,412.99994,322.09216,101.41641,117.680374,127.7927,final
2025-02-21,2,1011458,RW43,17.0,3.2941177,31.309803,83.82353,105.6,277.4706,298.58237,22.842642,80.31061,93.04579,final
2025-03-01,2,1011458,RW43,17.0,35.058823,54.007843,79.82353,126.13921,286.17648,317.4902,67.88728,64.682045,90.29002,final
2025-03-11,2,1011458,RW43,17.0,21.0,44.32353,59.35294,129.64117,269.0,330.3549,52.71318,47.79588,81.70449,final
2025-03-21,2,1011458,RW43,17.0,41.882355,67.10588,97.94118,165.43726,271.2353,355.48822,65.01877,60.398285,76.628105,final
2025-04-01,2,1011458,RW43,17.0,95.411766,61.08235,158.29413,172.51176,345.70587,389.16864,151.94945,91.99059,88.97356,final
2025-04-11,2,1011458,RW43,17.0,93.70588,62.178432,231.0,190.36667,415.70587,425.77646,146.9309,120.79849,97.662224,final
2025-04-21,2,1011458,RW43,17.0,71.94118,57.44706,261.05884,180.70784,442.82355,451.7451,123.21025,143.26743,98.046715,final
2025-05-01,2,1011458,RW43,17.0,72.117645,52.290195,237.76471,171.91568,475.88235,470.56668,134.60881,137.22058,101.11775,final
2025-05-11,2,1011458,RW43,17.0,78.411766,45.166668,222.47058,154.90392,512.82355,474.91177,166.2693,142.25455,107.899734,final
2025-05-21,2,1011458,RW43,17.0,32.941177,40.19412,183.4706,137.65099,542.4706,483.79608,83.951584,132.12009,112.00388,final
2025-06-01,2,1011458,RW43,17.0,13.6470585,20.409803,125.0,105.770584,521.0588,450.19803,73.38529,117.35967,115.56702,final
2025-06-11,2,1011458,RW43,17.0,46.64706,13.145098,93.23529,73.749016,546.7059,419.01962,284.6337,124.74478,130.1133,final
2025-06-21,2,1011458,RW43,17.0,19.058823,10.645098,79.35294,44.2,523.8824,362.5588,153.77867,171.44907,143.89055,final
2025-07-01,2,1011458,RW43,17.0,9.588235,5.7588234,75.29412,29.549019,438.05887,307.2353,135.59323,232.40637,141.89903,final
2025-07-11,2,1011458,RW43,17.0,10.117647,3.954902,38.7647,20.358824,354.47058,249.01176,168.8198,172.58174,141.51729,final
2025-07-21,2,1011458,RW43,17.0,5.470588,7.437255,25.176472,17.15098,288.0,199.00195,84.1873,136.23087,143.62607,final
2025-08-01,2,1011458,RW43,17.0,29.705883,15.54902,45.29412,26.941177,245.58824,162.26079,168.89313,157.45857,149.81888,final
2025-08-11,2,1011458,RW43,17.0,41.64706,20.468628,76.82353,43.454903,208.82353,137.56274,183.15498,168.86534,149.98557,final
2025-08-21,2,1011458,RW43,17.0,3.4117646,25.478432,74.76471,61.49608,179.29411,122.84706,27.599072,119.954,144.15201,final
2025-09-01,2,1011458,RW43,17.0,21.82353,41.11569,66.882355,87.062744,187.4706,143.55295,58.165733,78.07974,129.56363,final
2025-09-11,2,1011458,RW43,17.0,46.47059,38.737255,71.70589,105.331375,187.29413,169.1451,117.681335,69.523186,110.42179,final
2025-09-21,2,1011458,RW43,17.0,12.058824,40.32549,80.35294,120.17843,180.29413,198.82549,37.63627,68.18503,90.908226,final
2025-10-01,2,1011458,RW43,17.0,55.35294,49.901962,113.882355,128.9647,226.05882,242.96863,109.92856,88.74155,93.18067,final
2025-10-11,2,1011458,RW43,17.0,54.941177,58.60392,122.35294,148.83138,270.88235,297.61765,94.241325,82.78736,91.16532,final
2025-10-21,2,1011458,RW43,17.0,87.47059,63.22745,197.76471,171.73334,352.88235,353.40784,135.53284,114.72918,99.853386,final
2025-11-01,2,1011458,RW43,17.0,77.82353,62.2549,220.2353,184.08627,401.0,400.1137,123.148705,119.11775,100.21877,final
2025-11-11,2,1011458,RW43,17.0,34.058823,52.856865,199.35295,178.33922,393.4118,432.50195,67.5094,111.46166,91.06515,final
2025-11-21,2,1011458,RW43,17.0,39.764706,55.313725,151.64706,170.42549,429.7647,462.33725,74.21977,89.295494,93.03018,final
2025-12-01,2,1011458,RW43,17.0,35.882355,36.24902,109.70589,144.4196,443.82358,457.47058,99.11109,76.76763,97.04911,final
2025-12-11,2,1011458,RW43,17.0,40.117645,33.454903,115.76471,125.01765,437.47058,452.18823,117.32612,92.88332,96.78083,final
2025-12-21,2,1011458,RW43,17.0,67.47059,41.25294,143.47058,110.95686,492.8824,453.1157,156.68321,128.03949,108.68049,final
2026-01-01,2,1011458,RW43,17.0,44.235294,27.40196,151.82353,100.833336,481.7647,426.52942,151.95158,148.1797,112.7999,final
2026-01-11,2,1011458,RW43,17.0,32.64706,25.57059,144.35295,94.9451,459.47058,393.951,123.14798,149.435,116.422966,final
2026-01-21,2,1011458,RW43,17.0,74.411766,31.478432,151.29413,84.45098,446.41177,361.46667,217.69511,174.72601,123.17948,final
2026-02-01,2,1011458,RW43,17.0,46.0,33.468628,153.05882,90.51765,414.58826,333.19412,132.57556,165.47604,124.06728,final
2026-02-11,2,1011458,RW43,17.0,38.82353,40.821568,159.23529,105.76863,419.35294,322.09216,95.63952,148.26877,129.73497,final
2026-02-21,2,1011458,RW43,17.0,19.17647,31.309803,104.0,105.6,398.7647,298.58237,66.58386,98.553345,133.00005,final
2026-03-01,2,1011458,RW43,17.0,59.764706,54.007843,117.76471,126.13921,422.64706,317.4902,109.7561,93.61403,132.60777,prelim
2026-03-11,2,1011458,RW43,17.0,45.47059,44.32353,124.411766,129.64117,428.0,330.3549,102.325584,96.11605,129.11696,prelim
2026-03-21,2,1011458,RW43,17.0,54.35294,67.10588,159.58823,165.43726,414.88235,355.48822,82.31359,96.56822,116.47602,prelim
2026-04-01,2,1011458,RW43,17.0,33.235294,61.08235,133.05882,172.51176,403.88232,389.16864,57.86007,77.77447,103.732834,prelim
2026-04-11,2,1011458,RW43,17.0,60.35294,62.178432,147.94118,190.36667,431.58823,425.77646,97.282616,78.284164,101.34914,forecast
2022-01-01,2,1011459,RW56,29.0,10.655172,27.391954,114.724144,96.2,320.44827,346.8931,48.330437,118.30449,92.48498,final
2022-01-11,2,1011459,RW56,29.0,54.03448,24.874712,126.0,91.92069,335.34482,330.74252,197.60686,135.16205,101.37077,final
2022-01-21,2,1011459,RW56,29.0,29.51724,27.597702,94.206894,79.86437,314.68967,312.2724,105.88858,116.90053,100.76189,final
2022-02-01,2,1011459,RW56,29.0,30.137932,25.286207,113.68965,77.75862,324.31036,288.91034,116.019585,143.41667,112.0445,final
2022-02-11,2,1011459,RW56,29.0,49.24138,29.05977,108.89655,81.94368,344.62067,279.1632,159.25351,131.00038,123.03517,final
2022-02-21,2,1011459,RW56,29.0,36.41379,23.749426,115.793106,78.095406,328.48276,257.2885,144.05084,145.36676,127.14349,final
2022-03-01,2,1011459,RW56,29.0,38.068966,47.588505,123.72414,100.3977,352.1379,274.35632,81.89806,122.13182,127.84314,final
2022-03-11,2,1011459,RW56,29.0,49.827587,41.14253,124.31035,112.48046,359.2069,286.34482,118.82224,110.06967,125.00888,final
2022-03-21,2,1011459,RW56,29.0,28.689655,58.86437,116.58621,147.5954,326.5862,305.55518,52.75188,79.67882,106.77208,final
2022-04-01,2,1011459,RW56,29.0,33.482758,60.3023,112.0,160.30919,349.4138,338.4655,58.930172,70.77646,103.187584,final
2022-04-11,2,1011459,RW56,29.0,65.48276,54.166668,127.65517,173.33333,360.8621,367.75748,119.125786,74.38608,98.15017,final
2022-04-21,2,1011459,RW56,29.0,93.68965,47.410343,192.65517,161.87932,425.0345,387.57013,188.30186,118.44198,109.54336,final
2022-05-01,2,1011459,RW56,29.0,15.310345,36.198853,174.48276,137.77586,410.20688,398.48276,49.298325,125.70945,102.90572,final
2022-05-11,2,1011459,RW56,29.0,5.9310346,28.4023,114.93104,112.0115,366.8965,397.8253,32.725395,102.49509,92.32204,final
2022-05-21,2,1011459,RW56,29.0,60.172413,25.368965,81.41379,89.970116,390.65518,399.44482,214.60202,90.99051,97.82674,final
2022-06-01,2,1011459,RW56,29.0,2.724138,8.188506,68.82758,61.95977,355.31036,360.04483,58.567196,110.25662,98.70304,final
2022-06-11,2,1011459,RW56,29.0,2.0344827,3.7609196,64.93103,37.31839,307.51724,322.6632,80.293884,165.24974,95.37758,final
2022-06-21,2,1011459,RW56,29.0,2.310345,3.0689654,7.068966,15.018391,281.13794,266.86783,90.59828,60.28939,105.24892,final
2022-07-01,2,1011459,RW56,29.0,1.0689656,2.1367817,5.413793,8.966666,248.72414,208.7023,85.03784,74.56177,118.72784,final
2022-07-11,2,1011459,RW56,29.0,0.9310345,1.0563219,4.310345,6.262069,184.17242,155.59195,97.9313,82.66992,117.79696,final
2022-07-21,2,1011459,RW56,29.0,3.8965516,2.3183908,5.8965516,5.511494,94.37931,110.5,121.56431,103.66321,86.042694,final
2022-08-01,2,1011459,RW56,29.0,3.724138,5.526437,8.551724,8.90115,82.793106,79.82759,82.878365,97.48636,103.49593,final
2022-08-11,2,1011459,RW56,29.0,6.0689654,6.275862,13.689655,14.120689,82.93103,57.70115,98.165146,97.74572,140.23831,final
2022-08-21,2,1011459,RW56,29.0,17.51724,9.302299,27.310345,21.104597,40.275864,41.634483,157.43791,123.77262,97.08666,final
2022-09-01,2,1011459,RW56,29.0,7.1034484,15.77931,30.689655,31.357471,44.65517,49.22529,58.247597,98.16319,91.57198,final
2022-09-11,2,1011459,RW56,29.0,16.275862,17.775862,40.896553,42.85747,58.896553,63.24023,93.41408,95.90259,93.63472,final
2022-09-21,2,1011459,RW56,29.0,19.655172,18.748276,43.034485,52.303448,76.24138,78.91954,103.81879,83.82477,96.808655,final
2022-10-01,2,1011459,RW56,29.0,19.793104,34.643677,55.724136,71.167816,94.96552,111.42644,62.53987,79.72414,85.861534,final
2022-10-11,2,1011459,RW56,29.0,14.75862,41.242527,54.206898,94.63448,108.793106,151.61264,42.72825,59.424103,72.65896,final
2022-10-21,2,1011459,RW56,29.0,40.551723,45.26552,75.10345,121.151726,145.44827,194.55977,90.62221,63.497704,75.39008,final
2022-11-01,2,1011459,RW56,29.0,28.793104,49.394253,84.10345,135.9023,170.51724,238.42758,62.126244,63.23775,72.10245,final
2022-11-11,2,1011459,RW56,29.0,62.24138,38.59885,131.58621,133.25862,226.68967,270.75058,154.22742,98.790375,84.02146,final
2022-11-21,2,1011459,RW56,29.0,46.068966,45.31839,137.10345,133.3115,255.2414,306.76666,101.49165,102.74161,83.47313,final
2022-12-01,2,1011459,RW56,29.0,38.172413,34.18161,146.48276,118.09885,286.31036,325.16898,110.185394,123.057816,88.23069,final
2022-12-11,2,1011459,RW56,29.0,39.75862,30.252874,124.0,109.75288,309.7931,337.64597,126.96445,112.41548,91.87124,final
2022-12-21,2,1011459,RW56,29.0,28.0,37.757473,105.93103,102.191956,318.13794,356.65518,77.17949,103.488205,89.34973,final
2023-01-01,2,1011459,RW56,29.0,15.344828,27.391954,83.10345,96.2,313.68964,346.8931,62.80828,87.05875,90.56433,final
2023-01-11,2,1011459,RW56,29.0,57.896553,24.874712,101.24138,91.92069,356.82758,330.74252,210.53442,109.61681,107.769356,final
2023-01-21,2,1011459,RW56,29.0,46.689655,27.597702,119.93103,79.86437,362.9655,312.2724,158.5684,147.21257,115.97779,final
2023-02-01,2,1011459,RW56,29.0,6.7586207,25.286207,111.34483,77.75862,340.93103,288.91034,38.825005,140.58334,117.69952,final
2023-02-11,2,1011459,RW56,29.0,5.3448277,29.05977,58.793106,81.94368,284.0345,279.1632,30.372572,73.37291,101.71426,final
2023-02-21,2,1011459,RW56,29.0,23.0,23.749426,35.103447,78.095406,260.9655,257.2885,97.39325,48.261932,101.401886,final
2023-03-01,2,1011459,RW56,29.0,22.241379,47.588505,50.586205,100.3977,245.03448,274.35632,51.801014,52.73949,89.503784,final
2023-03-11,2,1011459,RW56,29.0,86.72414,41.14253,131.96552,112.48046,292.0,286.34482,198.78438,116.58578,101.94106,final
2023-03-21,2,1011459,RW56,29.0,63.517242,58.86437,172.48276,147.5954,327.51724,305.55518,107.28556,116.30938,107.07188,final
2023-04-01,2,1011459,RW56,29.0,63.724136,60.3023,213.96552,160.30919,375.89655,338.4655,105.24,132.45816,110.89804,final
2023-04-11,2,1011459,RW56,29.0,59.172413,54.166668,186.41379,173.33333,377.17242,367.75748,108.4604,107.33484,102.52576,final
2023-04-21,2,1011459,RW56,29.0,66.034485,47.410343,188.93103,161.87932,396.51727,387.57013,135.53525,116.21034,102.27911,final
2023-05-01,2,1011459,RW56,29.0,51.275864,36.198853,176.48276,137.77586,441.0345,398.48276,136.5957,127.11025,110.54611,final
2023-05-11,2,1011459,RW56,29.0,12.24138,28.4023,129.55173,112.0115,447.9311,397.8253,51.617344,114.99017,112.4386,final
2023-05-21,2,1011459,RW56,29.0,7.62069,25.368965,71.13793,89.970116,432.55173,399.44482,41.55785,80.17041,108.18577,final
2023-06-01,2,1011459,RW56,29.0,1.2068965,8.188506,21.068966,61.95977,411.5173,360.04483,47.062923,38.93228,114.10031,final
2023-06-11,2,1011459,RW56,29.0,1.5517242,3.7609196,10.379311,37.31839,326.34485,322.6632,74.78352,36.341908,101.123604,final
2023-06-21,2,1011459,RW56,29.0,1.0,3.0689654,3.7586207,15.018391,263.8276,266.86783,74.35897,43.752872,98.88173,final
2023-07-01,2,1011459,RW56,29.0,1.0,2.1367817,3.5517242,8.966666,201.10345,208.7023,84.07151,61.229534,96.44419,final
2023-07-11,2,1011459,RW56,29.0,0.62068963,1.0563219,2.6206896,6.262069,142.55174,155.59195,92.80698,67.66686,91.87991,final
2023-07-21,2,1011459,RW56,29.0,0.8965517,2.3183908,2.5172415,5.511494,77.413795,110.5,80.57169,71.514496,71.353935,final
2023-08-01,2,1011459,RW56,29.0,1.7241379,5.526437,3.2413793,8.90115,27.862068,79.82759,63.87857,59.28559,38.739834,final
2023-08-11,2,1011459,RW56,29.0,2.0344827,6.275862,4.6551723,14.120689,17.655172,57.70115,62.385326,50.49594,36.13199,final
2023-08-21,2,1011459,RW56,29.0,2.1724138,9.302299,5.9310346,21.104597,12.206897,41.634483,50.148678,41.87398,36.89737,final
2023-09-01,2,1011459,RW56,29.0,9.586206,15.77931,13.793103,31.357471,20.586206,49.22529,70.195816,51.689793,47.185005,final
2023-09-11,2,1011459,RW56,29.0,27.827587,17.775862,39.58621,42.85747,46.86207,63.24023,144.13324,93.164566,75.99925,final
2023-09-21,2,1011459,RW56,29.0,19.827587,18.748276,57.241383,52.303448,65.68965,78.91954,104.54479,108.61717,84.23503,final
2023-10-01,2,1011459,RW56,29.0,23.793104,34.643677,71.44828,71.167816,88.48276,111.42644,72.62975,100.36821,80.29341,final
2023-10-11,2,1011459,RW56,29.0,37.103447,41.242527,80.72414,94.63448,124.96552,151.61264,91.049194,86.03862,82.98533,final
2023-10-21,2,1011459,RW56,29.0,24.275862,45.26552,85.17242,121.151726,148.34482,194.55977,58.242435,71.47934,76.84155,final
2023-11-01,2,1011459,RW56,29.0,41.103447,49.394253,102.48276,135.9023,187.72412,238.42758,84.757935,76.28176,79.17103,final
2023-11-11,2,1011459,RW56,29.0,38.793102,38.59885,104.17241,133.25862,224.48277,270.75058,100.44554,78.96246,83.22114,final
2023-11-21,2,1011459,RW56,29.0,60.103447,45.31839,140.0,133.3115,282.4138,306.76666,129.38301,104.83583,92.18875,final
2023-12-01,2,1011459,RW56,29.0,26.0,34.18161,124.896545,118.09885,298.82758,325.16898,79.11875,105.52214,92.02184,final
2023-12-11,2,1011459,RW56,29.0,20.310345,30.252874,106.41379,109.75288,291.31033,337.64597,71.79654,97.09019,86.47711,final
2023-12-21,2,1011459,RW56,29.0,61.275864,37.757473,107.58621,102.191956,332.7586,356.65518,155.00417,105.03233,93.39244,final
2024-01-01,2,1011459,RW56,29.0,16.0,27.391954,97.58621,96.2,324.9655,346.8931,64.83092,101.369774,93.76868,final
2024-01-11,2,1011459,RW56,29.0,24.896551,24.874712,102.17242,91.92069,312.7586,330.74252,100.0731,110.57744,94.64354,final
2024-01-21,2,1011459,RW56,29.0,25.862068,27.597702,66.75862,79.86437,314.34482,312.2724,94.6756,84.55683,100.6532,final
2024-02-01,2,1011459,RW56,29.0,17.0,25.286207,67.75862,77.75862,290.24136,288.91034,72.64033,87.916664,100.452866,final
2024-02-11,2,1011459,RW56,29.0,16.241379,29.05977,59.103447,81.94368,267.68964,279.1632,62.365013,73.72986,95.962326,final
2024-02-21,2,1011459,RW56,29.0,9.586206,23.749426,42.827583,78.095406,217.17241,257.2885,50.735645,57.557434,84.70535,final
2024-03-01,2,1011459,RW56,29.0,31.827587,47.588505,57.655174,100.3977,223.00002,274.35632,70.02973,59.446438,81.616196,final
2024-03-11,2,1011459,RW56,29.0,16.551723,41.14253,57.96552,112.48046,219.2414,286.34482,46.706856,53.596584,76.9677,final
2024-03-21,2,1011459,RW56,29.0,37.206898,58.86437,85.58621,147.5954,195.17241,305.55518,66.08833,59.36366,64.45631,final
2024-04-01,2,1011459,RW56,29.0,66.24138,60.3023,120.0,160.30919,245.41379,338.4655,109.09475,75.61588,72.90798,final
2024-04-11,2,1011459,RW56,29.0,70.37931,54.166668,173.82758,173.33333,290.89655,367.75748,127.40165,100.27715,79.38045,final
2024-04-21,2,1011459,RW56,29.0,63.24138,47.410343,199.86208,161.87932,328.27588,387.57013,130.20595,122.76062,84.89588,final
2024-05-01,2,1011459,RW56,29.0,35.24138,36.198853,168.86208,137.77586,346.51727,398.48276,97.675964,121.77273,87.120766,final
2024-05-11,2,1011459,RW56,29.0,8.896552,28.4023,107.37931,112.0115,339.17242,397.8253,41.60358,96.04126,85.43963,final
2024-05-21,2,1011459,RW56,29.0,5.6896553,25.368965,49.827587,89.970116,335.2759,399.44482,35.199276,57.731407,84.13407,final
2024-06-01,2,1011459,RW56,29.0,1.4482758,8.188506,16.034483,61.95977,304.89655,360.04483,48.893147,31.413612,84.89274,final
2024-06-11,2,1011459,RW56,29.0,1.0689656,3.7609196,8.206897,37.31839,289.4138,322.6632,69.273155,31.20841,89.85256,final
2024-06-21,2,1011459,RW56,29.0,1.3103448,3.0689654,3.8275862,15.018391,253.51724,266.86783,78.205124,44.09738,95.08931,final
2024-07-01,2,1011459,RW56,29.0,1.0344827,2.1367817,3.413793,8.966666,188.31035,208.7023,84.55468,60.241962,90.45777,final
2024-07-11,2,1011459,RW56,29.0,0.6896552,1.0563219,3.034483,6.262069,118.62069,155.59195,93.94572,71.34109,76.978134,final
2024-07-21,2,1011459,RW56,29.0,1.3103448,2.3183908,3.0344827,5.511494,56.689655,110.5,86.22585,76.43521,53.410957,final
2024-08-01,2,1011459,RW56,29.0,1.6206896,5.526437,3.6206896,8.90115,23.068966,79.82759,62.89583,62.014217,33.089428,final
2024-08-11,2,1011459,RW56,29.0,2.8965516,6.275862,5.827586,14.120689,17.068966,57.70115,70.03058,56.627594,35.197067,final
2024-08-21,2,1011459,RW56,29.0,8.103448,9.302299,12.620689,21.104597,19.482758,41.634483,91.617775,67.50033,52.49926,final
2024-09-01,2,1011459,RW56,29.0,9.034483,15.77931,20.034483,31.357471,27.068964,49.22529,67.54066,68.8565,59.140236,final
2024-09-11,2,1011459,RW56,29.0,4.5172415,17.775862,21.655174,42.85747,30.517239,63.24023,41.78653,55.696995,52.04736,final
2024-09-21,2,1011459,RW56,29.0,39.86207,18.748276,53.41379,52.303448,69.06897,78.91954,188.90663,101.93765,88.26189,final
2024-10-01,2,1011459,RW56,29.0,30.0,34.643677,74.37931,71.167816,98.034485,111.42644,88.28647,104.21634,88.497505,final
2024-10-11,2,1011459,RW56,29.0,62.689655,41.242527,132.55173,94.63448,160.03448,151.61264,146.37965,138.05635,105.377495,final
2024-10-21,2,1011459,RW56,29.0,19.37931,45.26552,112.06896,121.151726,178.10345,194.55977,48.50106,92.800125,91.75369,final
2024-11-01,2,1011459,RW56,29.0,63.41379,49.394253,145.48276,135.9023,239.89655,238.42758,125.77393,106.79936,100.60345,final
2024-11-11,2,1011459,RW56,29.0,90.37931,38.59885,173.17242,133.25862,327.3793,270.75058,218.76567,128.86894,120.53621,final
2024-11-21,2,1011459,RW56,29.0,106.24138,45.31839,260.0345,133.3115,425.5172,306.76666,221.07498,191.62144,138.08957,final
2024-12-01,2,1011459,RW56,29.0,21.068966,34.18161,217.68967,118.09885,437.5517,325.16898,66.533676,180.90312,134.03793,final
2024-12-11,2,1011459,RW56,29.0,25.862068,30.252874,153.17242,109.75288,458.89655,337.64597,87.54482,137.83743,135.38655,final
2024-12-21,2,1011459,RW56,29.0,36.0,37.757473,82.93103,102.191956,455.0345,356.65518,95.88967,82.03137,127.202515,final
2025-01-01,2,1011459,RW56,29.0,5.206897,27.391954,67.06896,96.2,430.2414,346.8931,31.510595,71.214386,123.685684,final
2025-01-11,2,1011459,RW56,29.0,32.86207,24.874712,74.06897,91.92069,400.41382,330.74252,126.736176,81.5811,120.7514,final
2025-01-21,2,1011459,RW56,29.0,40.24138,27.597702,78.31035,79.86437,421.27588,312.2724,138.78702,98.168816,134.35643,final
2025-02-01,2,1011459,RW56,29.0,25.896551,25.286207,99.0,77.75862,383.7586,288.91034,102.01526,125.666664,132.27116,final
2025-02-11,2,1011459,RW56,29.0,12.344828,29.05977,78.48276,81.94368,305.72415,279.1632,50.924675,96.01935,109.34707,final
2025-02-21,2,1011459,RW56,29.0,2.3793104,23.749426,40.62069,78.095406,201.86205,257.2885,25.667679,54.901577,78.86813,final
2025-03-01,2,1011459,RW56,29.0,10.413794,47.588505,25.137932,100.3977,191.20688,274.35632,29.310196,28.594488,70.23535,final
2025-03-11,2,1011459,RW56,29.0,31.103449,41.14253,43.896553,112.48046,196.44827,286.34482,78.243324,41.62101,69.14428,final
2025-03-21,2,1011459,RW56,29.0,34.58621,58.86437,76.103455,147.5954,195.0345,305.55518,61.984814,53.14934,64.4119,final
2025-04-01,2,1011459,RW56,29.0,49.86207,60.3023,115.55173,160.30919,239.68967,338.4655,84.01246,72.925,71.24141,final
2025-04-11,2,1011459,RW56,29.0,76.06896,54.166668,160.51724,173.33333,282.89655,367.75748,137.01796,92.81341,77.23428,final
2025-04-21,2,1011459,RW56,29.0,113.51724,47.410343,239.44827,161.87932,356.17242,387.57013,226.1333,146.48206,92.002014,final
2025-05-01,2,1011459,RW56,29.0,61.689655,36.198853,251.27586,137.77586,391.96555,398.48276,161.87259,179.49524,98.384766,final
2025-05-11,2,1011459,RW56,29.0,25.62069,28.4023,200.82758,112.0115,405.2414,397.8253,91.6724,175.90372,101.84102,final
2025-05-21,2,1011459,RW56,29.0,27.103449,25.368965,114.413795,89.970116,429.96555,399.44482,105.711365,125.73829,107.546326,final
2025-06-01,2,1011459,RW56,29.0,5.6896553,8.188506,58.41379,61.95977,425.24142,360.04483,81.05282,94.704315,117.859886,final
2025-06-11,2,1011459,RW56,29.0,13.413794,3.7609196,46.2069,37.31839,407.55176,322.6632,210.18108,121.0039,125.90726,final
2025-06-21,2,1011459,RW56,29.0,2.7586207,3.0689654,21.86207,15.018391,375.72415,266.86783,96.15385,134.18697,140.04016,final
2025-07-01,2,1011459,RW56,29.0,1.1724138,2.1367817,17.34483,8.966666,327.0345,208.7023,86.48736,159.98685,155.37244,final
2025-07-11,2,1011459,RW56,29.0,1.5517242,1.0563219,5.4827585,6.262069,252.51723,155.59195,108.17992,93.08021,160.355,final
2025-07-21,2,1011459,RW56,29.0,1.0,2.3183908,3.724138,5.511494,140.0,110.5,81.98524,82.99618,125.54113,final
2025-08-01,2,1011459,RW56,29.0,6.275862,5.526437,8.827586,8.90115,84.58621,79.82759,107.11945,99.47081,105.60975,final
2025-08-11,2,1011459,RW56,29.0,9.75862,6.275862,17.034483,14.120689,68.724144,57.70115,130.88686,115.23895,117.58021,final
2025-08-21,2,1011459,RW56,29.0,3.6551723,9.302299,19.689655,21.104597,45.275864,41.634483,60.515953,94.57972,107.80834,final
2025-09-01,2,1011459,RW56,29.0,8.275862,15.77931,21.689655,31.357471,47.86207,49.22529,63.88981,73.409,97.48601,final
2025-09-11,2,1011459,RW56,29.0,14.4827585,17.775862,26.413792,42.85747,48.931034,63.24023,85.54125,65.640305,79.03114,final
2025-09-21,2,1011459,RW56,29.0,7.3448277,18.748276,30.103449,52.303448,53.517242,78.91954,51.982,61.258877,69.73017,final
2025-10-01,2,1011459,RW56,29.0,47.931034,34.643677,69.75862,71.167816,100.27586,111.42644,133.51697,98.14989,90.422646,final
2025-10-11,2,1011459,RW56,29.0,32.41379,41.242527,87.68965,94.63448,131.13792,151.61264,80.90775,93.02969,86.92653,final
2025-10-21,2,1011459,RW56,29.0,70.24138,45.26552,150.58621,121.151726,200.3793,194.55977,149.68787,123.33261,102.91618,final
2025-11-01,2,1011459,RW56,29.0,50.931034,49.394253,153.5862,135.9023,245.03447,238.42758,102.82526,112.550476,102.71411,final
2025-11-11,2,1011459,RW56,29.0,28.37931,38.59885,149.55173,133.25862,263.65515,270.75058,76.56007,111.784515,97.426865,final
2025-11-21,2,1011459,RW56,29.0,16.586206,45.31839,95.89655,133.3115,276.5862,306.76666,42.89924,72.948784,90.319534,final
2025-12-01,2,1011459,RW56,29.0,20.689655,34.18161,65.65517,118.09885,289.0,325.16898,65.56559,57.3971,89.04532,final
2025-12-11,2,1011459,RW56,29.0,31.862068,30.252874,69.13793,109.75288,306.3793,337.64597,104.56471,64.6066,90.87493,final
2025-12-21,2,1011459,RW56,29.0,84.93104,37.757473,137.48276,102.191956,383.9655,356.65518,210.32825,132.92299,107.55148,final
2026-01-01,2,1011459,RW56,29.0,43.206898,27.391954,160.0,96.2,379.2414,346.8931,148.82368,163.04349,109.19264,final
2026-01-11,2,1011459,RW56,29.0,24.793104,24.874712,152.93105,91.92069,371.6207,330.74252,99.72683,162.94875,112.17545,final
2026-01-21,2,1011459,RW56,29.0,63.551723,27.597702,131.55173,79.86437,364.93103,312.2724,210.2962,160.90584,116.5973,final
2026-02-01,2,1011459,RW56,29.0,28.137932,25.286207,116.48276,77.75862,342.13794,288.91034,109.415924,146.79166,118.110146,final
2026-02-11,2,1011459,RW56,29.0,28.275862,29.05977,119.965515,81.94368,342.0345,279.1632,97.69844,143.73157,122.12505,final
2026-02-21,2,1011459,RW56,29.0,16.241379,23.749426,72.655174,78.095406,341.68964,257.2885,73.88454,93.45303,132.17874,final
2026-03-01,2,1011459,RW56,29.0,48.724136,47.588505,93.24138,100.3977,369.72412,274.35632,102.15946,93.210175,134.13841,prelim
2026-03-11,2,1011459,RW56,29.0,39.86207,41.14253,104.82758,112.48046,377.72412,286.34482,97.22498,93.48583,131.36465,prelim
2026-03-21,2,1011459,RW56,29.0,56.03448,58.86437,144.62068,147.5954,348.8276,305.55518,95.56892,98.05059,113.9339,prelim
2026-04-01,2,1011459,RW56,29.0,24.137932,60.3023,120.03448,160.30919,329.75864,338.4655,44.62007,75.63674,97.46499,prelim
2026-04-11,2,1011459,RW56,29.0,59.068966,54.166668,139.24138,173.33333,364.0345,367.75748,108.28558,80.88302,99.00123,forecast
2022-01-01,2,1011460,RW35,20.0,8.55,27.796667,111.8,103.348335,330.44998,379.255,41.31517,107.80046,87.29879,final
2022-01-11,2,1011460,RW35,20.0,52.4,25.633333,119.15,96.38333,343.55,364.02835,187.3776,122.456024,94.45074,final
2022-01-21,2,1011460,RW35,20.0,38.5,31.24,99.45,84.67,351.44998,348.56668,120.03312,116.482666,100.81549,final
2022-02-01,2,1011460,RW35,20.0,94.85,35.026665,185.75,91.9,388.95,329.33002,249.4587,196.85242,117.83267,final
2022-02-11,2,1011460,RW35,20.0,72.3,41.753334,205.65001,108.02,422.25,322.95834,165.33582,186.38295,130.2757,final
2022-02-21,2,1011460,RW35,20.0,23.6,28.84,190.75,105.62,415.65,300.96,84.515366,176.95714,137.48529,final
2022-03-01,2,1011460,RW35,20.0,27.1,50.428333,123.0,121.02167,420.55005,316.27,57.912617,101.56983,132.4587,final
2022-03-11,2,1011460,RW35,20.0,54.1,40.095,104.8,119.363335,429.6,323.76666,131.05666,88.28969,132.19102,final
2022-03-21,2,1011460,RW35,20.0,38.15,58.506668,119.35,149.03,409.55,339.32,67.945625,80.731026,120.39672,final
2022-04-01,2,1011460,RW35,20.0,30.35,56.986668,122.6,155.58833,431.35,368.51,57.02839,79.457825,116.82419,final
2022-04-11,2,1011460,RW35,20.0,59.15,54.256668,127.65,169.75,438.1,397.13333,108.257866,75.90843,110.18734,final
2022-04-21,2,1011460,RW35,20.0,38.05,51.368332,127.55,162.61166,437.65,417.26166,76.37267,79.08161,104.82837,final
2022-05-01,2,1011460,RW35,20.0,24.95,50.81167,122.149994,156.43666,367.75,433.04666,53.662617,78.761536,85.09367,final
2022-05-11,2,1011460,RW35,20.0,48.25,47.136665,111.25,149.31667,343.7,438.43,102.13542,75.33211,78.63699,final
2022-05-21,2,1011460,RW35,20.0,77.9,39.575,151.1,137.52333,398.0,449.165,185.97868,109.52593,88.73427,final
2022-06-01,2,1011460,RW35,20.0,8.6,17.64,134.75,104.35167,379.5,416.37668,60.070675,127.79869,91.24853,final
2022-06-11,2,1011460,RW35,20.0,9.9,9.585,96.4,66.8,335.3,385.86667,102.15975,141.22562,87.06293,final
2022-06-21,2,1011460,RW35,20.0,5.65,7.7133336,24.15,34.93833,302.8,335.07333,83.77032,72.987526,90.50989,final
2022-07-01,2,1011460,RW35,20.0,1.3,3.9433334,16.849998,21.241667,273.74997,282.03,70.443535,83.26453,97.11527,final
2022-07-11,2,1011460,RW35,20.0,1.5,2.6183333,8.45,14.275,216.09999,230.39168,85.320496,69.77951,93.92855,final
2022-07-21,2,1011460,RW35,20.0,6.5,4.295,9.3,10.856667,184.55,183.31833,123.722435,90.18289,100.654045,final
2022-08-01,2,1011460,RW35,20.0,17.0,9.768333,25.0,16.681667,176.59999,142.275,148.96739,138.36575,123.30674,final
2022-08-11,2,1011460,RW35,20.0,18.6,12.393333,42.1,26.456667,146.95001,107.53167,135.68417,149.72978,135.02866,final
2022-08-21,2,1011460,RW35,20.0,31.0,17.836666,66.6,39.998333,100.049995,85.793335,157.64122,159.117,115.70232,final
2022-09-01,2,1011460,RW35,20.0,22.65,30.856667,72.25,61.086666,114.1,99.01,77.11258,116.89195,114.50821,final
2022-09-11,2,1011460,RW35,20.0,30.8,32.666668,84.45,81.36,135.0,122.09167,95.04424,103.57804,110.156715,final
2022-09-21,2,1011460,RW35,20.0,28.75,33.06,82.2,96.583336,158.1,147.43834,88.67577,85.84084,106.99408,final
2022-10-01,2,1011460,RW35,20.0,38.95,34.986668,98.5,100.71333,195.75,178.48167,109.91164,97.90629,109.41147,final
2022-10-11,2,1011460,RW35,20.0,19.3,41.218334,87.0,109.265,213.55,217.08167,52.576534,80.514595,98.409744,final
2022-10-21,2,1011460,RW35,20.0,51.55,46.645,109.8,122.85,258.6,259.43167,109.49752,89.792725,99.68549,final
2022-11-01,2,1011460,RW35,20.0,39.05,54.245,109.899994,142.10834,280.65,303.90833,74.352264,78.1057,92.4708,final
2022-11-11,2,1011460,RW35,20.0,74.25,48.603333,164.85,149.49333,336.3,340.11835,147.84528,109.940025,98.89361,final
2022-11-21,2,1011460,RW35,20.0,59.6,50.695,172.9,153.54333,364.9,372.97668,115.98886,112.20907,97.86318,final
2022-12-01,2,1011460,RW35,20.0,40.9,36.186665,174.75,135.485,383.15002,378.30667,111.44384,127.94961,101.26357,final
2022-12-11,2,1011460,RW35,20.0,53.15,34.373333,153.65,121.255,405.5,380.01334,147.6888,125.658394,106.61968,final
2022-12-21,2,1011460,RW35,20.0,46.55,42.12,140.6,112.68,423.3,389.07333,109.40153,123.725365,108.68535,final
2023-01-01,2,1011460,RW35,20.0,30.5,27.796667,130.2,103.348335,414.84998,379.255,108.24271,124.782715,109.263374,final
2023-01-11,2,1011460,RW35,20.0,41.1,25.633333,118.15,96.38333,436.65,364.02835,150.48967,121.46967,119.67915,final
2023-01-21,2,1011460,RW35,20.0,35.25,31.24,106.85,84.67,420.34998,348.56668,111.065125,124.73514,120.30262,final
2023-02-01,2,1011460,RW35,20.0,12.0,35.026665,88.35,91.9,393.3,329.33002,42.471687,96.336426,119.13378,final
2023-02-11,2,1011460,RW35,20.0,8.65,41.753334,55.9,108.02,327.69998,322.95834,29.195776,53.884274,101.44581,final
2023-02-21,2,1011460,RW35,20.0,20.5,28.84,41.15,105.62,288.6,300.96,75.354614,41.719402,95.96026,final
2023-03-01,2,1011460,RW35,20.0,25.0,50.428333,54.15,121.02167,272.69998,316.27,54.123943,46.936375,86.438194,final
2023-03-11,2,1011460,RW35,20.0,62.35,40.095,107.85,119.363335,281.9,323.76666,149.35136,90.74218,87.26554,final
2023-03-21,2,1011460,RW35,20.0,78.3,58.506668,165.65,149.03,313.65002,339.32,131.16733,110.7901,92.54473,final
2023-04-01,2,1011460,RW35,20.0,82.0,56.986668,222.65,155.58833,365.15002,368.51,140.35277,141.75998,99.100426,final
2023-04-11,2,1011460,RW35,20.0,45.35,54.256668,205.65,169.75,369.4,397.13333,84.96934,120.54363,93.10345,final
2023-04-21,2,1011460,RW35,20.0,117.0,51.368332,244.35,162.61166,451.15,417.26166,216.43358,148.76651,108.02543,final
2023-05-01,2,1011460,RW35,20.0,174.7,50.81167,337.05,156.43666,613.85,433.04666,321.97568,211.87875,141.27489,final
2023-05-11,2,1011460,RW35,20.0,19.15,47.136665,310.85,149.31667,624.35004,438.43,46.320568,204.67653,141.9277,final
2023-05-21,2,1011460,RW35,20.0,21.95,39.575,215.79999,137.52333,625.80005,449.165,60.4599,154.922,138.89226,final
2023-06-01,2,1011460,RW35,20.0,2.3,17.64,43.399998,104.35167,603.10004,416.37668,32.243816,44.260868,144.3127,final
2023-06-11,2,1011460,RW35,20.0,4.75,9.585,29.0,66.8,545.5,385.86667,66.8495,47.35376,140.84087,final
2023-06-21,2,1011460,RW35,20.0,5.5,7.7133336,12.55,34.93833,472.69998,335.07333,82.590454,43.942745,140.4697,final
2023-07-01,2,1011460,RW35,20.0,4.25,3.9433334,14.5,21.241667,394.94998,282.03,103.42899,74.3093,139.34084,final
2023-07-11,2,1011460,RW35,20.0,1.0,2.6183333,10.75,14.275,350.6,230.39168,78.757385,81.71206,151.06737,final
2023-07-21,2,1011460,RW35,20.0,1.0,4.295,6.25,10.856667,234.59999,183.31833,64.550835,70.948074,127.23137,final
2023-08-01,2,1011460,RW35,20.0,2.6,9.768333,4.6,16.681667,62.499996,142.275,51.461456,44.27704,45.832626,final
2023-08-11,2,1011460,RW35,20.0,1.9,12.393333,5.5,26.456667,45.25,107.53167,39.670372,33.37925,44.654095,final
2023-08-21,2,1011460,RW35,20.0,3.7,17.836666,8.2,39.998333,27.0,85.793335,38.096626,29.33442,35.24488,final
2023-09-01,2,1011460,RW35,20.0,39.65,30.856667,45.25,61.086666,64.350006,99.01,124.52357,76.036514,66.676285,final
2023-09-11,2,1011460,RW35,20.0,48.65,32.666668,92.0,81.36,108.25,122.09167,142.43362,112.32052,89.10891,final
2023-09-21,2,1011460,RW35,20.0,24.9,33.06,113.200005,96.583336,127.65,147.43834,78.560165,116.35767,87.01879,final
2023-10-01,2,1011460,RW35,20.0,17.1,34.986668,90.65,100.71333,140.5,178.48167,55.268425,90.480545,79.29948,final
2023-10-11,2,1011460,RW35,20.0,43.5,41.218334,85.5,109.265,183.0,217.08167,104.93671,79.20185,84.65354,final
2023-10-21,2,1011460,RW35,20.0,22.55,46.645,83.149994,122.85,204.55,259.43167,53.344948,68.94798,79.24542,final
2023-11-01,2,1011460,RW35,20.0,33.8,54.245,99.850006,142.10834,235.75002,303.90833,65.49076,71.27401,77.93575,final
2023-11-11,2,1011460,RW35,20.0,55.45,48.603333,111.8,149.49333,289.30002,340.11835,112.77284,75.601974,85.2751,final
2023-11-21,2,1011460,RW35,20.0,60.5,50.695,149.75,153.54333,346.1,372.97668,117.60481,97.60738,92.88933,final
2023-12-01,2,1011460,RW35,20.0,18.45,36.186665,134.4,135.485,324.90002,378.30667,56.935905,99.22768,86.06686,final
2023-12-11,2,1011460,RW35,20.0,20.65,34.373333,99.6,121.255,296.9,380.01334,65.145615,82.848206,78.412865,final
2023-12-21,2,1011460,RW35,20.0,64.55,42.12,103.65,112.68,336.55,389.07333,147.60188,92.326645,86.67168,final
2024-01-01,2,1011460,RW35,20.0,26.3,27.796667,111.5,103.348335,345.75,379.255,95.436516,107.523575,91.280525,final
2024-01-11,2,1011460,RW35,20.0,22.05,25.633333,112.90001,96.38333,324.3,364.02835,88.3025,116.29132,89.23434,final
2024-01-21,2,1011460,RW35,20.0,34.75,31.24,83.1,84.67,336.49997,348.56668,109.68543,98.24914,96.58714,final
2024-02-01,2,1011460,RW35,20.0,16.1,35.026665,72.9,91.9,318.8,329.33002,52.71486,80.39216,96.85041,final
2024-02-11,2,1011460,RW35,20.0,38.3,41.753334,89.149994,108.02,301.65,322.95834,92.613716,83.30384,93.50272,final
2024-02-21,2,1011460,RW35,20.0,10.5,28.84,64.9,105.62,251.65001,300.96,45.803783,63.189297,83.88352,final
2024-03-01,2,1011460,RW35,20.0,30.7,50.428333,79.5,121.02167,263.90002,316.27,64.40749,67.051956,83.69907,final
2024-03-11,2,1011460,RW35,20.0,26.9,40.095,68.1,119.363335,270.15002,323.76666,70.73955,58.77938,83.69158,final
2024-03-21,2,1011460,RW35,20.0,38.9,58.506668,96.5,149.03,244.5,339.32,69.1266,65.896255,72.46166,final
2024-04-01,2,1011460,RW35,20.0,54.3,56.986668,120.100006,155.58833,272.49997,368.51,95.665726,77.901054,74.29519,final
2024-04-11,2,1011460,RW35,20.0,78.05,54.256668,171.25,169.75,328.5,397.13333,140.153,100.85837,82.93269,final
2024-04-21,2,1011460,RW35,20.0,99.6,51.368332,231.95001,162.61166,393.35,417.26166,185.56519,141.36845,94.33724,final
2024-05-01,2,1011460,RW35,20.0,50.95,50.81167,228.59999,156.43666,428.20004,433.04666,100.24786,144.7007,98.893585,final
2024-05-11,2,1011460,RW35,20.0,16.4,47.136665,166.95,149.31667,406.30002,438.43,41.04597,111.42672,92.75421,final
2024-05-21,2,1011460,RW35,20.0,11.4,39.575,78.75,137.52333,407.2,449.165,36.791924,58.762314,90.75997,final
2024-06-01,2,1011460,RW35,20.0,4.05,17.64,31.849998,104.35167,380.55,416.37668,39.9735,33.698616,91.49771,final
2024-06-11,2,1011460,RW35,20.0,3.75,9.585,19.2,66.8,357.4,385.86667,59.99314,33.704735,92.71704,final
2024-06-21,2,1011460,RW35,20.0,3.85,7.7133336,11.65,34.93833,322.35,335.07333,69.61196,41.68927,96.25865,final
2024-07-01,2,1011460,RW35,20.0,4.85,3.9433334,12.45,21.241667,272.9,282.03,110.1379,66.4973,96.819145,final
2024-07-11,2,1011460,RW35,20.0,1.5,2.6183333,10.2,14.275,196.35,230.39168,85.320496,78.85863,85.538284,final
2024-07-21,2,1011460,RW35,20.0,1.45,4.295,7.8,10.856667,98.2,183.31833,69.39214,80.72315,54.800827,final
2024-08-01,2,1011460,RW35,20.0,1.8,9.768333,4.75,16.681667,49.049995,142.275,46.044464,44.96887,36.70005,final
2024-08-11,2,1011460,RW35,20.0,5.05,12.393333,8.3,26.456667,37.7,107.53167,57.78076,42.280384,37.944874,final
2024-08-21,2,1011460,RW35,20.0,12.1,17.836666,18.95,39.998333,38.4,85.793335,74.87958,53.224194,47.80087,final
2024-09-01,2,1011460,RW35,20.0,22.6,30.856667,39.75,61.086666,56.949997,99.01,76.97314,67.7141,59.561573,final
2024-09-11,2,1011460,RW35,20.0,11.65,32.666668,46.35,81.36,64.85,122.09167,44.203537,59.460396,54.960327,final
2024-09-21,2,1011460,RW35,20.0,57.05,33.06,91.3,96.583336,118.05,147.43834,163.03204,94.79902,80.72116,final
2024-10-01,2,1011460,RW35,20.0,53.0,34.986668,121.7,100.71333,166.2,178.48167,145.04834,119.852425,93.30632,final
2024-10-11,2,1011460,RW35,20.0,35.6,41.218334,145.65,109.265,200.29999,217.08167,87.843925,131.84264,92.44347,final
2024-10-21,2,1011460,RW35,20.0,39.3,46.645,127.899994,122.85,238.15001,259.43167,85.7779,103.94994,91.95193,final
2024-11-01,2,1011460,RW35,20.0,97.9,54.245,172.79999,142.10834,334.25,303.90833,173.68555,120.8633,109.82223,final
2024-11-11,2,1011460,RW35,20.0,111.55,48.603333,248.75,149.49333,440.75,340.11835,217.43053,164.24657,129.1586,final
2024-11-21,2,1011460,RW35,20.0,139.6,50.695,349.05002,153.54333,568.25,372.97668,259.62836,223.31436,151.6628,final
2024-12-01,2,1011460,RW35,20.0,32.35,36.186665,283.5,135.485,578.0,378.30667,90.684685,205.36,152.09753,final
2024-12-11,2,1011460,RW35,20.0,31.55,34.373333,203.50002,121.255,597.89996,380.01334,92.82932,165.14198,156.59196,final
2024-12-21,2,1011460,RW35,20.0,34.6,42.12,98.5,112.68,575.44995,389.07333,84.04074,87.95037,147.2949,final
2025-01-01,2,1011460,RW35,20.0,13.85,27.796667,79.99999,103.348335,536.2999,379.255,57.475353,78.45067,140.86998,final
2025-01-11,2,1011460,RW35,20.0,25.65,25.633333,74.1,96.38333,526.35004,364.02835,100.054405,78.02071,143.98624,final
2025-01-21,2,1011460,RW35,20.0,47.0,31.24,86.5,84.67,534.05005,348.56668,143.48787,102.04082,152.46065,final
2025-02-01,2,1011460,RW35,20.0,43.4,35.026665,116.05,91.9,479.55,329.33002,120.919395,124.9226,144.93164,final
2025-02-11,2,1011460,RW35,20.0,33.45,41.753334,123.850006,108.02,401.45,322.95834,82.24013,114.00638,123.933426,final
2025-02-21,2,1011460,RW35,20.0,4.1,28.84,80.950005,105.62,265.95,300.96,26.891254,77.698425,88.557335,final
2025-03-01,2,1011460,RW35,20.0,29.85,50.428333,67.4,121.02167,263.44998,316.27,62.873978,57.45044,83.559,final
2025-03-11,2,1011460,RW35,20.0,25.35,40.095,59.300003,119.363335,257.25,323.76666,67.30236,51.703346,79.767815,final
2025-03-21,2,1011460,RW35,20.0,33.3,58.506668,88.5,149.03,255.95001,339.32,60.308628,60.70246,75.78706,final
2025-04-01,2,1011460,RW35,20.0,72.3,56.986668,130.95001,155.58833,314.40002,368.51,124.70424,84.65746,85.51311,final
2025-04-11,2,1011460,RW35,20.0,84.65,54.256668,190.25,169.75,373.4,397.13333,151.29099,111.73104,94.098145,final
2025-04-21,2,1011460,RW35,20.0,65.05,51.368332,222.00002,162.61166,391.45,417.26166,124.271904,135.43211,93.88729,final
2025-05-01,2,1011460,RW35,20.0,61.95,50.81167,211.65001,156.43666,410.0,433.04666,119.95699,134.20123,94.73876,final
2025-05-11,2,1011460,RW35,20.0,72.0,47.136665,199.0,149.31667,448.55005,438.43,147.68877,132.1957,102.28223,final
2025-05-21,2,1011460,RW35,20.0,19.85,39.575,153.8,137.52333,464.30002,449.165,55.748737,111.42036,103.3325,final
2025-06-01,2,1011460,RW35,20.0,20.85,17.64,112.7,104.35167,455.30005,416.37668,114.17845,107.63439,109.2372,final
2025-06-11,2,1011460,RW35,20.0,43.9,9.585,84.600006,66.8,473.85,385.86667,335.27597,124.791084,122.50981,final
2025-06-21,2,1011460,RW35,20.0,9.05,7.7133336,73.8,34.93833,449.6,335.07333,110.5139,197.30418,133.67705,final
2025-07-01,2,1011460,RW35,20.0,5.85,3.9433334,58.8,21.241667,383.15002,282.03,121.31941,243.1248,135.22978,final
2025-07-11,2,1011460,RW35,20.0,3.35,2.6183333,18.25,14.275,301.85,230.39168,109.60403,120.622574,130.35721,final
2025-07-21,2,1011460,RW35,20.0,5.4,4.295,14.6,10.856667,242.20003,183.31833,111.88811,123.607315,131.2671,final
2025-08-01,2,1011460,RW35,20.0,16.85,9.768333,25.6,16.681667,197.10002,142.275,147.95169,141.13306,137.22629,final
2025-08-11,2,1011460,RW35,20.0,24.5,12.393333,46.75,26.456667,149.6,107.53167,169.60521,164.51202,137.38356,final
2025-08-21,2,1011460,RW35,20.0,3.45,17.836666,44.8,39.998333,133.2,85.793335,37.0019,110.67077,152.2138,final
2025-09-01,2,1011460,RW35,20.0,16.25,30.856667,44.2,61.086666,128.59999,99.01,59.263737,74.44769,128.44917,final
2025-09-11,2,1011460,RW35,20.0,35.0,32.666668,54.7,81.36,119.7,122.09167,106.19469,69.12923,98.11816,final
2025-09-21,2,1011460,RW35,20.0,10.45,33.06,61.7,96.583336,121.1,147.43834,40.593796,65.66038,82.72197,final
2025-10-01,2,1011460,RW35,20.0,42.45,34.986668,87.9,100.71333,157.7,178.48167,118.66455,87.879166,88.673706,final
2025-10-11,2,1011460,RW35,20.0,22.6,41.218334,75.5,109.265,176.95,217.08167,59.716564,70.45027,81.92932,final
2025-10-21,2,1011460,RW35,20.0,56.2,46.645,121.25,122.85,227.75,259.43167,118.501305,98.748535,88.01896,final
2025-11-01,2,1011460,RW35,20.0,56.5,54.245,135.3,142.10834,267.4,303.90833,103.80624,95.37189,88.1815,final
2025-11-11,2,1011460,RW35,20.0,33.8,48.603333,146.5,149.49333,276.7,340.11835,72.38356,98.062485,81.62418,final
2025-11-21,2,1011460,RW35,20.0,41.3,50.695,131.6,153.54333,314.55,372.97668,83.13134,86.15942,84.54225,final
2025-12-01,2,1011460,RW35,20.0,33.55,36.186665,108.649994,135.485,331.84998,378.30667,93.59825,80.898315,87.88002,final
2025-12-11,2,1011460,RW35,20.0,37.2,34.373333,112.05,121.255,334.05,380.01334,107.17914,92.7092,88.06188,final
2025-12-21,2,1011460,RW35,20.0,67.45,42.12,138.2,112.68,391.05,389.07333,153.75636,121.68592,100.501595,final
2026-01-01,2,1011460,RW35,20.0,60.1,27.796667,164.75,103.348335,408.70004,379.255,198.49576,156.67061,107.662895,final
2026-01-11,2,1011460,RW35,20.0,36.7,25.633333,164.25,96.38333,422.80002,364.02835,136.12624,166.94066,115.92606,final
2026-01-21,2,1011460,RW35,20.0,67.6,31.24,164.4,84.67,434.2,348.56668,200.33115,188.9149,124.21986,final
2026-02-01,2,1011460,RW35,20.0,40.9,35.026665,145.20001,91.9,418.6,329.33002,114.67355,155.00517,126.701164,final
2026-02-11,2,1011460,RW35,20.0,40.8,41.753334,149.3,108.02,425.6,322.95834,97.96092,136.5245,131.29716,final
2026-02-21,2,1011460,RW35,20.0,20.95,28.84,102.649994,105.62,405.24997,300.96,76.684395,97.315125,134.08615,final
2026-03-01,2,1011460,RW35,20.0,61.75,50.428333,123.5,121.02167,433.44998,316.27,120.42577,101.9666,136.47398,prelim
2026-03-11,2,1011460,RW35,20.0,49.75,40.095,132.45,119.363335,446.0,323.76666,121.410355,110.52293,137.17937,prelim
2026-03-21,2,1011460,RW35,20.0,49.0,58.506668,160.5,149.03,427.55,339.32,85.03044,107.4466,125.62442,prelim
2026-04-01,2,1011460,RW35,20.0,22.4,56.986668,121.15,155.58833,389.85,368.51,44.203053,78.5549,105.71336,prelim
2026-04-11,2,1011460,RW35,20.0,49.85,54.256668,121.25,169.75,403.0,397.13333,92.56342,72.24607,101.458885,forecast
2022-01-01,2,1011461,RW34,19.0,10.263158,27.722807,113.0,103.47193,345.42102,407.97192,46.643787,108.7839,84.85347,final
2022-01-11,2,1011461,RW34,19.0,48.42105,25.88421,121.05263,96.54737,359.21054,386.30176,172.97205,124.13184,93.07664,final
2022-01-21,2,1011461,RW34,19.0,40.36842,31.329824,99.05263,84.936844,358.73682,363.8807,124.879265,115.69521,98.605545,final
2022-02-01,2,1011461,RW34,19.0,107.57895,33.54912,196.36842,90.76315,411.42105,338.09125,292.04025,210.27756,121.37326,final
2022-02-11,2,1011461,RW34,19.0,75.63158,41.07895,223.57895,105.95789,446.1579,326.7386,174.9857,206.00513,135.99802,final
2022-02-21,2,1011461,RW34,19.0,18.947369,29.850878,202.1579,104.47895,429.89474,301.2895,68.71382,189.22166,141.98813,final
2022-03-01,2,1011461,RW34,19.0,26.210526,51.535088,120.789474,122.46491,430.1579,316.7,55.20558,98.68557,135.26822,final
2022-03-11,2,1011461,RW34,19.0,55.210526,40.952633,100.36842,122.3386,445.0,324.84387,131.02736,82.74665,136.42818,final
2022-03-21,2,1011461,RW34,19.0,43.0,62.029823,124.42105,154.51755,425.63153,343.93332,71.60992,81.1328,123.413704,final
2022-04-01,2,1011461,RW34,19.0,40.05263,58.024563,138.26315,161.00702,455.42105,374.23508,71.484245,86.29945,121.40782,final
2022-04-11,2,1011461,RW34,19.0,53.05263,59.29649,136.10526,179.35088,460.05267,407.64737,90.288956,76.54168,112.69978,final
2022-04-21,2,1011461,RW34,19.0,37.263157,54.48421,130.36842,171.80527,456.9474,430.80176,71.04937,76.56357,105.999435,final
2022-05-01,2,1011461,RW34,19.0,27.526316,53.535088,117.8421,167.3158,376.89474,450.78772,55.567204,71.28894,83.78785,final
2022-05-11,2,1011461,RW34,19.0,76.36842,48.305264,141.1579,156.32455,377.6316,458.01404,152.64613,90.59866,82.639305,final
2022-05-21,2,1011461,RW34,19.0,73.10526,42.508774,177.0,144.34912,431.78946,470.67194,164.40176,121.862114,91.825775,final
2022-06-01,2,1011461,RW34,19.0,7.5789475,18.850878,157.05264,109.66491,413.1579,437.98773,52.73998,141.32715,94.39491,final
2022-06-11,2,1011461,RW34,19.0,15.947369,12.363158,96.63158,73.72281,373.8947,409.39825,120.64262,129.10056,91.4325,final
2022-06-21,2,1011461,RW34,19.0,7.105263,9.861403,30.631578,41.07544,338.0,357.22983,81.45438,77.33312,94.69126,final
2022-07-01,2,1011461,RW34,19.0,2.0,5.145614,25.052631,27.370174,299.94736,304.3509,68.99532,92.8405,98.57652,final
2022-07-11,2,1011461,RW34,19.0,1.5789474,3.6105263,10.68421,18.617544,248.4737,248.6649,76.40587,66.40915,99.92462,final
2022-07-21,2,1011461,RW34,19.0,6.4736843,6.194737,10.052631,14.950877,217.68422,200.37544,102.491776,75.44846,108.42787,final
2022-08-01,2,1011461,RW34,19.0,23.894737,13.401754,31.947369,23.207018,214.05264,160.24211,157.02164,130.98643,132.56467,final
2022-08-11,2,1011461,RW34,19.0,31.0,17.103508,61.368423,36.7,168.6842,129.04034,162.87007,159.15688,129.57607,final
2022-08-21,2,1011461,RW34,19.0,32.736843,22.029825,87.63158,52.535088,128.3158,108.5614,139.61186,161.00014,117.39534,final
2022-09-01,2,1011461,RW34,19.0,32.894737,37.464912,96.63158,76.59824,153.63159,127.17544,89.23776,124.55118,120.01593,final
2022-09-11,2,1011461,RW34,19.0,37.789474,35.957893,103.42105,95.45263,175.47368,150.77017,104.47186,107.93252,115.85895,final
2022-09-21,2,1011461,RW34,19.0,33.05263,37.377193,103.73685,110.8,201.42105,178.28596,89.795074,93.90056,112.622406,final
2022-10-01,2,1011461,RW34,19.0,52.68421,40.370174,123.52631,113.70526,252.10526,213.51053,127.14126,108.27347,117.66264,final
2022-10-11,2,1011461,RW34,19.0,23.210526,47.942104,108.94737,125.689476,273.73688,257.8421,53.285618,87.18939,106.04727,final
2022-10-21,2,1011461,RW34,19.0,68.789474,53.382458,144.6842,141.69473,336.05267,305.02982,126.3898,102.03788,110.00642,final
2022-11-01,2,1011461,RW34,19.0,49.526318,59.59123,141.52632,160.91579,361.6842,351.2193,84.41752,88.31367,102.93777,final
2022-11-11,2,1011461,RW34,19.0,82.73684,53.41228,201.05264,166.38597,413.42105,387.52808,150.20273,120.22726,106.596466,final
2022-11-21,2,1011461,RW34,19.0,58.842106,55.78772,191.10526,168.79123,439.5263,421.28595,105.02467,112.839554,104.2789,final
2022-12-01,2,1011461,RW34,19.0,42.736843,37.04035,184.3158,146.24036,449.36844,420.8614,113.55006,125.17545,106.69397,final
2022-12-11,2,1011461,RW34,19.0,52.105263,34.84386,153.6842,127.67193,463.6842,419.74738,143.32262,119.60646,110.34423,final
2022-12-21,2,1011461,RW34,19.0,45.526318,41.801754,140.36842,113.68597,476.15787,424.17194,107.958176,122.48156,112.11308,final
2023-01-01,2,1011461,RW34,19.0,33.105263,27.722807,130.73685,103.47193,456.57892,407.97192,116.44863,125.13546,111.77004,final
2023-01-11,2,1011461,RW34,19.0,31.421053,25.88421,110.05263,96.54737,464.78946,386.30176,117.92774,113.29947,120.0581,final
2023-01-21,2,1011461,RW34,19.0,34.526318,31.329824,99.05263,84.936844,430.52628,363.8807,108.79853,115.69521,118.06696,final
2023-02-01,2,1011461,RW34,19.0,8.736842,33.54912,74.68421,90.76315,389.73682,338.09125,35.634644,83.20968,115.05301,final
2023-02-11,2,1011461,RW34,19.0,9.842105,41.07895,53.105267,105.95789,316.8421,326.7386,32.210163,52.366955,97.016785,final
2023-02-21,2,1011461,RW34,19.0,20.210526,29.850878,38.789474,104.47895,278.21057,301.2895,72.33828,39.998074,92.465,final
2023-03-01,2,1011461,RW34,19.0,24.368422,51.535088,54.42105,122.46491,259.8421,316.7,51.947247,46.617573,82.3258,final
2023-03-11,2,1011461,RW34,19.0,61.157894,40.952633,105.73685,122.3386,268.89474,324.84387,143.96976,86.96252,83.03769,final
2023-03-21,2,1011461,RW34,19.0,92.789474,62.029823,178.3158,154.51755,316.1579,343.93332,145.8895,114.918884,92.03991,final
2023-04-01,2,1011461,RW34,19.0,95.789474,58.024563,249.73685,161.00702,378.8421,374.23508,159.92094,153.44943,101.21483,final
2023-04-11,2,1011461,RW34,19.0,50.157894,59.29649,238.73685,179.35088,397.57898,407.64737,85.78678,132.21356,97.56005,final
2023-04-21,2,1011461,RW34,19.0,110.68421,54.48421,256.6316,171.80527,473.73685,430.80176,194.47885,147.97726,109.85198,final
2023-05-01,2,1011461,RW34,19.0,215.21053,53.535088,376.0526,167.3158,680.2105,450.78772,376.2026,221.13622,150.33545,final
2023-05-11,2,1011461,RW34,19.0,24.368422,48.305264,350.26315,156.32455,694.7368,458.01404,55.094784,220.21642,151.12648,final
2023-05-21,2,1011461,RW34,19.0,27.526316,42.508774,267.10526,144.34912,702.0526,470.67194,68.463806,182.19408,148.64291,final
2023-06-01,2,1011461,RW34,19.0,2.7368422,18.850878,54.63158,109.66491,680.421,437.98773,32.438393,52.00508,154.72687,final
2023-06-11,2,1011461,RW34,19.0,7.0,12.363158,37.263157,73.72281,626.2631,409.39825,69.11185,53.68604,152.33247,final
2023-06-21,2,1011461,RW34,19.0,11.421053,9.861403,21.157894,41.07544,544.8947,357.22983,110.49463,56.77188,151.80824,final
2023-07-01,2,1011461,RW34,19.0,6.4210525,5.145614,24.842106,27.370174,455.52628,304.3509,112.57132,92.19013,148.86859,final
2023-07-11,2,1011461,RW34,19.0,1.2105263,3.6105263,19.052631,18.617544,406.57895,248.6649,72.127144,101.842224,162.253,final
2023-07-21,2,1011461,RW34,19.0,1.7368422,6.194737,9.368422,14.950877,297.6316,200.37544,60.178654,72.01899,147.3553,final
2023-08-01,2,1011461,RW34,19.0,5.6842103,13.401754,8.631578,23.207018,88.10526,160.24211,58.060818,48.326904,56.344753,final
2023-08-11,2,1011461,RW34,19.0,3.2105262,17.103508,10.631578,36.7,66.94737,129.04034,37.14581,37.485798,53.675907,final
2023-08-21,2,1011461,RW34,19.0,5.2105265,22.029825,14.105263,52.535088,44.631577,108.5614,37.775036,33.20628,43.704617,final
2023-09-01,2,1011461,RW34,19.0,47.31579,37.464912,55.73684,76.59824,89.210526,127.17544,123.197685,74.434,71.27687,final
2023-09-11,2,1011461,RW34,19.0,48.63158,35.957893,101.1579,95.45263,130.8421,150.77017,130.94322,105.67956,87.20675,final
2023-09-21,2,1011461,RW34,19.0,32.31579,37.377193,128.26315,110.8,151.73685,178.28596,88.056305,115.08044,85.51492,final
2023-10-01,2,1011461,RW34,19.0,31.052631,40.370174,112.0,113.70526,176.36842,213.51053,79.46329,98.56345,83.002144,final
2023-10-11,2,1011461,RW34,19.0,41.894737,47.942104,105.26315,125.689476,217.05261,257.8421,88.57739,84.37033,84.48137,final
2023-10-21,2,1011461,RW34,19.0,32.789474,53.382458,105.73685,141.69473,248.10524,305.02982,64.72745,75.487946,81.639,final
2023-11-01,2,1011461,RW34,19.0,49.210526,59.59123,123.89474,160.91579,291.63156,351.2193,83.92861,77.686844,83.27218,final
2023-11-11,2,1011461,RW34,19.0,81.1579,53.41228,163.1579,166.38597,369.57895,387.52808,147.49963,98.116486,95.4273,final
2023-11-21,2,1011461,RW34,19.0,68.36842,55.78772,198.73685,168.79123,432.73682,421.28595,120.69613,117.2308,102.68619,final
2023-12-01,2,1011461,RW34,19.0,20.368422,37.04035,169.89474,146.24036,405.7895,420.8614,60.343025,115.64026,96.460846,final
2023-12-11,2,1011461,RW34,19.0,23.894737,34.84386,112.631584,127.67193,381.05264,419.74738,72.51992,88.6635,90.889946,final
2023-12-21,2,1011461,RW34,19.0,72.42105,41.801754,116.68421,113.68597,421.1579,424.17194,165.4234,102.5262,99.29771,final
2024-01-01,2,1011461,RW34,19.0,22.210526,27.722807,118.52631,103.47193,412.3158,407.97192,83.15461,113.87859,101.05186,final
2024-01-11,2,1011461,RW34,19.0,21.842106,25.88421,116.47368,96.54737,392.26318,386.30176,86.91206,119.62267,101.52348,final
2024-01-21,2,1011461,RW34,19.0,39.05263,31.329824,83.10526,84.936844,398.52634,363.8807,121.257484,97.963486,109.3921,final
2024-02-01,2,1011461,RW34,19.0,14.842105,33.54912,75.73684,90.76315,364.15793,338.09125,51.472263,84.308876,107.59759,final
2024-02-11,2,1011461,RW34,19.0,31.157894,41.07895,85.05263,105.95789,314.1579,326.7386,78.469444,81.15928,96.20765,final
2024-02-21,2,1011461,RW34,19.0,9.105263,29.850878,55.105263,104.47895,254.89474,301.2895,40.473194,54.901207,84.852646,final
2024-03-01,2,1011461,RW34,19.0,33.63158,51.535088,73.89474,122.46491,268.1579,316.7,68.33204,61.895256,84.91075,final
2024-03-11,2,1011461,RW34,19.0,28.052631,40.952633,70.789474,122.3386,272.31577,324.84387,71.92761,59.51807,84.07485,final
2024-03-21,2,1011461,RW34,19.0,36.894737,62.029823,98.57895,154.51755,236.78946,343.93332,62.50164,64.93264,69.293884,final
2024-04-01,2,1011461,RW34,19.0,51.31579,58.024563,116.26316,161.00702,265.89474,374.23508,89.3553,73.047005,71.431885,final
2024-04-11,2,1011461,RW34,19.0,82.89474,59.29649,171.10526,179.35088,326.9474,407.64737,136.70222,95.527214,80.44335,final
2024-04-21,2,1011461,RW34,19.0,97.210526,54.48421,231.42105,171.80527,385.1053,430.80176,171.828,133.71834,89.51439,final
2024-05-01,2,1011461,RW34,19.0,52.263157,53.535088,232.36841,167.3158,422.52634,450.78772,97.827065,137.75197,93.79944,final
2024-05-11,2,1011461,RW34,19.0,25.526316,48.305264,175.0,156.32455,416.89474,458.01404,57.26698,111.57632,91.11921,final
2024-05-21,2,1011461,RW34,19.0,18.105263,42.508774,95.89474,144.34912,425.8947,470.67194,48.633675,67.5563,90.58653,final
2024-06-01,2,1011461,RW34,19.0,8.631579,18.850878,52.263157,109.66491,400.8947,437.98773,57.153366,49.939564,91.626625,final
2024-06-11,2,1011461,RW34,19.0,5.105263,12.363158,31.842106,73.72281,377.94736,409.39825,58.199448,46.799786,92.41046,final
2024-06-21,2,1011461,RW34,19.0,4.736842,9.861403,18.473686,41.07544,345.78946,357.22983,65.51765,50.9462,96.84168,final
2024-07-01,2,1011461,RW34,19.0,7.0,5.145614,16.842106,27.370174,301.47366,304.3509,118.2777,67.47602,99.069916,final
2024-07-11,2,1011461,RW34,19.0,2.0526316,3.6105263,13.789474,18.617544,220.63158,248.6649,81.90709,79.557274,88.94868,final
2024-07-21,2,1011461,RW34,19.0,2.1052632,6.194737,11.157894,14.950877,125.52631,200.37544,63.469677,80.98838,63.554974,final
2024-08-01,2,1011461,RW34,19.0,2.8421052,13.401754,7.0,23.207018,76.10526,160.24211,42.616074,42.542603,49.082684,final
2024-08-11,2,1011461,RW34,19.0,9.789474,17.103508,14.736842,36.7,60.368423,129.04034,66.91008,47.33056,48.767723,final
2024-08-21,2,1011461,RW34,19.0,15.631579,22.029825,28.263157,52.535088,57.89474,108.5614,76.32895,57.81369,55.383907,final
2024-09-01,2,1011461,RW34,19.0,36.31579,37.464912,61.73684,76.59824,85.57895,127.17544,97.293945,81.7871,68.529335,final
2024-09-11,2,1011461,RW34,19.0,18.0,35.957893,69.94737,95.45263,98.47369,150.77017,56.155235,74.609665,66.42715,final
2024-09-21,2,1011461,RW34,19.0,76.68421,37.377193,131.0,110.8,170.42105,178.28596,192.75513,117.44387,95.70894,final
2024-10-01,2,1011461,RW34,19.0,66.89474,40.370174,161.57895,113.70526,230.3158,213.51053,158.46255,140.32988,107.69083,final
2024-10-11,2,1011461,RW34,19.0,44.36842,47.942104,187.94737,125.689476,272.63156,257.8421,93.249825,147.63802,105.62675,final
2024-10-21,2,1011461,RW34,19.0,40.263157,53.382458,151.5263,141.69473,310.78946,305.02982,77.528694,106.702065,101.85777,final
2024-11-01,2,1011461,RW34,19.0,114.52631,59.59123,199.1579,160.91579,422.47366,351.2193,185.05037,123.0491,120.00295,final
2024-11-11,2,1011461,RW34,19.0,111.31579,53.41228,266.10526,166.38597,524.0,387.52808,199.129,158.18404,134.76743,final
2024-11-21,2,1011461,RW34,19.0,146.3158,55.78772,372.1579,168.79123,654.6842,421.28595,248.92494,217.01779,154.75157,final
2024-12-01,2,1011461,RW34,19.0,30.894737,37.04035,288.52634,146.24036,649.2631,420.8614,85.38163,194.07938,153.63287,final
2024-12-11,2,1011461,RW34,19.0,43.42105,34.84386,220.63159,127.67193,674.6842,419.74738,121.52701,170.0673,160.02081,final
2024-12-21,2,1011461,RW34,19.0,29.894737,41.801754,104.210526,113.68597,627.8947,424.17194,74.55861,92.01637,147.46881,final
2025-01-01,2,1011461,RW34,19.0,18.947369,27.722807,92.26315,103.47193,579.9474,407.97192,73.1825,89.66666,141.64339,final
2025-01-11,2,1011461,RW34,19.0,23.473684,25.88421,72.31579,96.54737,559.0527,386.30176,92.194954,76.13766,144.14775,final
2025-01-21,2,1011461,RW34,19.0,46.36842,31.329824,88.789474,84.936844,565.1579,363.8807,141.39462,104.2837,154.56432,final
2025-02-01,2,1011461,RW34,19.0,39.63158,33.54912,109.47368,90.76315,490.26318,338.09125,115.77846,119.53833,144.3532,final
2025-02-11,2,1011461,RW34,19.0,32.473682,41.07895,118.47368,105.95789,411.42108,326.7386,81.32495,111.27976,125.52687,final
2025-02-21,2,1011461,RW34,19.0,3.5263157,29.850878,75.63158,104.47895,268.63156,301.2895,24.465141,73.6503,89.33756,final
2025-03-01,2,1011461,RW34,19.0,33.57895,51.535088,69.57895,122.46491,271.3158,316.7,68.23895,58.5094,85.89238,final
2025-03-11,2,1011461,RW34,19.0,22.263159,40.952633,59.368423,122.3386,250.15788,324.84387,59.32883,50.549023,77.35717,final
2025-03-21,2,1011461,RW34,19.0,35.526318,62.029823,91.36842,154.51755,255.78947,343.93332,60.460125,60.41243,74.73906,final
2025-04-01,2,1011461,RW34,19.0,84.73684,58.024563,142.5263,161.00702,321.57895,374.23508,142.38391,88.86751,86.11517,final
2025-04-11,2,1011461,RW34,19.0,98.57895,59.29649,218.8421,179.35088,396.6842,407.64737,161.0958,121.421776,97.343216,final
2025-04-21,2,1011461,RW34,19.0,62.842106,54.48421,246.1579,171.80527,413.1579,430.80176,114.050606,142.0534,95.9514,final
2025-05-01,2,1011461,RW34,19.0,79.73684,53.535088,241.1579,167.3158,453.26315,450.78772,144.76247,142.85277,100.543106,final
2025-05-11,2,1011461,RW34,19.0,82.052635,48.305264,224.63159,156.32455,502.84213,458.01404,163.30965,142.34137,109.68179,final
2025-05-21,2,1011461,RW34,19.0,27.473684,42.508774,189.26315,144.34912,526.7895,470.67194,68.35303,130.07318,111.79754,final
2025-06-01,2,1011461,RW34,19.0,16.578947,18.850878,126.10527,109.66491,509.7895,437.98773,90.47444,114.337746,116.20852,final
2025-06-11,2,1011461,RW34,19.0,52.526318,12.363158,96.57895,73.72281,540.0527,409.39825,331.3125,129.03369,131.52872,final
2025-06-21,2,1011461,RW34,19.0,17.421053,9.861403,86.52631,41.07544,521.9474,357.22983,150.86766,198.64447,145.47322,final
2025-07-01,2,1011461,RW34,19.0,8.578947,5.145614,78.52632,27.370174,445.7895,304.3509,133.84056,258.03482,145.72108,final
2025-07-11,2,1011461,RW34,19.0,8.315789,3.6105263,34.31579,18.617544,355.5263,248.6649,154.64548,166.46857,142.127,final
2025-07-21,2,1011461,RW34,19.0,6.0,6.194737,22.894737,14.950877,298.6842,200.37544,98.26046,139.8171,147.86783,final
2025-08-01,2,1011461,RW34,19.0,22.578947,13.401754,36.894737,23.207018,241.52634,160.24211,149.87129,148.52594,149.19098,final
2025-08-11,2,1011461,RW34,19.0,31.421053,17.103508,60.0,36.7,190.89474,129.04034,164.77498,155.8753,146.1461,final
2025-08-21,2,1011461,RW34,19.0,4.263158,22.029825,58.263157,52.535088,167.6842,108.5614,34.270134,109.95579,152.06241,final
2025-09-01,2,1011461,RW34,19.0,18.0,37.464912,53.68421,76.59824,169.10527,127.17544,54.162365,71.91847,131.72285,final
2025-09-11,2,1011461,RW34,19.0,44.736843,35.957893,67.0,95.45263,161.3158,150.77017,121.43408,71.675575,106.76999,final
2025-09-21,2,1011461,RW34,19.0,11.684211,37.377193,74.42105,110.8,155.57895,178.28596,39.370735,68.58467,87.61116,final
2025-10-01,2,1011461,RW34,19.0,47.157894,40.370174,103.57895,113.70526,194.1579,213.51053,114.960754,91.46937,91.14339,final
2025-10-11,2,1011461,RW34,19.0,39.57895,47.942104,98.42105,125.689476,225.42105,257.8421,84.20321,79.13495,87.6652,final
2025-10-21,2,1011461,RW34,19.0,69.210526,53.382458,155.94737,141.69473,288.6316,305.02982,127.11099,109.71586,94.71076,final
2025-11-01,2,1011461,RW34,19.0,65.42105,59.59123,174.21053,160.91579,331.47366,351.2193,109.02572,108.01294,94.45689,final
2025-11-11,2,1011461,RW34,19.0,36.36842,53.41228,171.0,166.38597,336.42102,387.52808,70.82144,102.692184,86.98003,final
2025-11-21,2,1011461,RW34,19.0,50.157894,55.78772,151.94737,168.79123,382.3158,421.28595,90.73855,90.30799,90.858215,final
2025-12-01,2,1011461,RW34,19.0,34.42105,37.04035,120.947365,146.24036,398.73685,420.8614,93.769554,83.2763,94.804756,final
2025-12-11,2,1011461,RW34,19.0,40.473682,34.84386,125.05263,127.67193,394.4737,419.74738,114.12971,98.02573,94.04971,final
2025-12-21,2,1011461,RW34,19.0,67.052635,41.801754,141.94736,113.68597,449.84213,424.17194,153.95285,123.8119,105.98132,final
2026-01-01,2,1011461,RW34,19.0,47.210526,27.722807,154.73685,103.47193,449.89478,407.97192,159.55392,147.261,110.151505,final
2026-01-11,2,1011461,RW34,19.0,33.94737,25.88421,148.21053,96.54737,444.26315,386.30176,126.107704,150.87592,114.812454,final
2026-01-21,2,1011461,RW34,19.0,71.42105,31.329824,152.57895,84.936844,446.4737,363.8807,210.35347,175.21066,122.39016,final
2026-02-01,2,1011461,RW34,19.0,41.894737,33.54912,147.26315,90.76315,422.94736,338.09125,121.6493,158.99973,124.73282,final
2026-02-11,2,1011461,RW34,19.0,43.63158,41.07895,156.94737,105.95789,430.21054,326.7386,105.53969,145.9539,131.19081,final
2026-02-21,2,1011461,RW34,19.0,17.31579,29.850878,102.84211,104.47895,397.36844,301.2895,64.03222,98.50488,131.36867,final
2026-03-01,2,1011461,RW34,19.0,58.31579,51.535088,119.26316,122.46491,421.2632,316.7,111.99379,97.48813,132.50333,prelim
2026-03-11,2,1011461,RW34,19.0,47.31579,40.952633,122.947365,122.3386,428.1053,324.84387,113.847206,100.478065,131.30615,prelim
2026-03-21,2,1011461,RW34,19.0,49.57895,62.029823,155.21053,154.51755,410.6316,343.93332,81.42487,100.434425,119.1149,prelim
2026-04-01,2,1011461,RW34,19.0,29.052631,58.024563,125.94737,161.00702,392.4737,374.23508,54.030727,78.88062,104.80932,prelim
2026-04-11,2,1011461,RW34,19.0,58.894737,59.29649,137.5263,179.35088,417.42108,407.64737,99.37515,77.312515,102.36853,forecast
2022-01-01,2,1011462,RW52,62.0,12.887096,18.73871,92.822586,71.38656,282.4355,300.0312,75.34991,128.06258,94.23151,final
2022-01-11,2,1011462,RW52,62.0,26.919355,17.456451,84.30645,67.10538,283.41934,278.46182,142.13892,123.85546,101.74892,final
2022-01-21,2,1011462,RW52,62.0,20.951612,19.81344,60.758064,56.008602,245.70969,253.14247,104.58692,107.784904,97.120674,final
2022-02-01,2,1011462,RW52,62.0,39.51613,20.627956,87.3871,57.89785,254.53226,230.4672,173.70145,146.88435,110.22013,final
2022-02-11,2,1011462,RW52,62.0,46.467743,22.653225,106.935486,63.094624,269.67743,217.17635,186.11841,164.38228,123.63037,final
2022-02-21,2,1011462,RW52,62.0,24.983871,21.14516,110.96774,64.426346,265.59677,200.51236,114.682304,167.03708,131.66934,final
2022-03-01,2,1011462,RW52,62.0,28.096775,38.167744,99.548386,81.966125,279.7581,211.25053,76.67015,120.21737,131.67972,final
2022-03-11,2,1011462,RW52,62.0,34.919353,33.66344,88.0,92.97634,279.24194,223.17635,103.24832,94.920876,124.57117,final
2022-03-21,2,1011462,RW52,62.0,37.69355,50.723656,100.70968,122.55484,272.4355,242.98979,76.61656,82.8739,111.87376,final
2022-04-01,2,1011462,RW52,62.0,15.354838,46.67258,87.967735,131.05968,274.90323,270.92365,39.391953,68.32865,101.442276,final
2022-04-11,2,1011462,RW52,62.0,52.677418,44.41774,105.72581,141.81398,300.6613,297.88495,116.71399,75.41911,100.91663,final
2022-04-21,2,1011462,RW52,62.0,58.241936,34.964516,126.27419,126.05484,337.95163,313.036,158.24522,100.16738,107.834206,final
2022-05-01,2,1011462,RW52,62.0,12.612904,39.593548,123.53226,118.97581,311.0484,332.00162,39.49653,103.67527,93.78246,final
2022-05-11,2,1011462,RW52,62.0,16.838709,29.625807,87.69355,104.18387,281.41937,338.97418,63.070614,84.89674,83.26769,final
2022-05-21,2,1011462,RW52,62.0,69.90323,24.477419,99.35484,93.69677,326.33868,342.30646,254.10376,105.73279,95.4024,final
2022-06-01,2,1011462,RW52,62.0,2.983871,8.21828,89.72581,62.321507,301.2258,312.357,60.400223,140.7066,96.49254,final
2022-06-11,2,1011462,RW52,62.0,1.2419355,3.4467742,74.129036,36.142475,267.54837,282.14032,73.89727,192.3293,94.91818,final
2022-06-21,2,1011462,RW52,62.0,1.4354838,2.5634408,5.66129,14.228495,231.29033,233.98012,85.08672,55.445267,98.87447,final
2022-07-01,2,1011462,RW52,62.0,1.1129032,1.9763441,3.7903223,7.9865594,217.04839,189.28387,87.62331,67.68785,114.29069,final
2022-07-11,2,1011462,RW52,62.0,1.0,1.6505376,3.548387,6.190323,165.37096,146.51666,90.21827,76.39089,112.44371,final
2022-07-21,2,1011462,RW52,62.0,7.645161,3.8360214,9.758064,7.462903,114.7742,115.38817,143.1092,118.41594,99.49001,final
2022-08-01,2,1011462,RW52,62.0,8.225806,9.451612,16.870968,14.938172,110.3871,85.24624,91.51786,109.693954,127.85806,final
2022-08-11,2,1011462,RW52,62.0,18.064516,11.401613,33.935486,24.689247,111.61291,67.02204,140.62346,131.14339,161.91281,final
2022-08-21,2,1011462,RW52,62.0,22.370968,17.428495,48.66129,38.28172,64.08064,59.973118,122.036575,123.981415,106.32189,final
2022-09-01,2,1011462,RW52,62.0,18.14516,25.7,58.580647,54.530106,79.241936,77.45484,75.3914,106.80419,102.16736,final
2022-09-11,2,1011462,RW52,62.0,20.870968,24.775269,61.387096,67.90376,98.87097,98.78333,86.887436,91.06128,100.08445,final
2022-09-21,2,1011462,RW52,62.0,27.483871,25.237635,66.5,75.712906,124.91936,121.45753,107.42861,88.58559,102.73755,final
2022-10-01,2,1011462,RW52,62.0,27.096775,39.25215,75.451614,89.26505,150.90323,158.73334,72.531555,85.346176,95.21777,final
2022-10-11,2,1011462,RW52,62.0,23.161291,39.403763,77.741936,103.89355,173.06451,196.48656,63.420956,75.98424,88.37538,final
2022-10-21,2,1011462,RW52,62.0,58.20968,44.33925,108.46774,122.99516,223.62903,236.98979,128.11237,88.650024,94.47879,final
2022-11-01,2,1011462,RW52,62.0,36.677418,43.768818,118.048386,127.511826,252.08064,271.30698,85.45915,92.85841,93.04167,final
2022-11-11,2,1011462,RW52,62.0,50.774193,35.77204,145.66129,123.880104,284.7903,295.67743,136.7952,116.900345,96.379135,final
2022-11-21,2,1011462,RW52,62.0,35.35484,37.835484,122.80646,117.37634,297.77417,316.0844,94.2089,104.43722,94.29737,final
2022-12-01,2,1011462,RW52,62.0,40.14516,29.334946,126.274185,102.942474,319.7742,319.71936,131.48457,121.614944,100.01689,final
2022-12-11,2,1011462,RW52,62.0,24.435484,23.008602,99.935486,90.17903,323.3387,317.9527,105.094444,110.25064,101.66774,final
2022-12-21,2,1011462,RW52,62.0,28.096775,30.216667,92.677414,82.56021,323.9516,322.93173,93.98043,111.554565,100.311005,final
2023-01-01,2,1011462,RW52,62.0,18.467741,18.73871,71.0,71.38656,315.32257,300.0312,98.858536,99.49394,105.01306,final
2023-01-11,2,1011462,RW52,62.0,40.69355,17.456451,87.258064,67.10538,332.85483,278.46182,203.47626,127.94894,119.188835,final
2023-01-21,2,1011462,RW52,62.0,28.741936,19.81344,87.90323,56.008602,303.38712,253.14247,135.9825,152.2789,119.463936,final
2023-02-01,2,1011462,RW52,62.0,4.870968,20.627956,74.30646,57.89785,271.58066,230.4672,38.516407,126.087715,117.46038,final
2023-02-11,2,1011462,RW52,62.0,3.3387096,22.653225,36.951614,63.094624,224.14517,217.17635,30.154566,61.607826,103.13662,final
2023-02-21,2,1011462,RW52,62.0,18.709677,21.14516,26.919353,64.426346,207.50002,200.51236,90.68476,45.975853,103.40011,final
2023-03-01,2,1011462,RW52,62.0,15.290322,38.167744,37.338707,81.966125,182.64517,211.25053,47.003433,48.684135,86.77212,final
2023-03-11,2,1011462,RW52,62.0,73.20968,33.66344,107.20968,92.97634,231.41937,223.17635,202.2833,114.52732,103.612564,final
2023-03-21,2,1011462,RW52,62.0,51.112904,50.723656,139.6129,122.55484,254.4355,242.98979,100.69853,113.373116,104.61539,final
2023-04-01,2,1011462,RW52,62.0,60.967743,46.67258,185.29033,131.05968,296.9355,270.92365,127.66489,139.85799,109.42719,final
2023-04-11,2,1011462,RW52,62.0,64.09677,44.41774,176.17741,141.81398,320.3387,297.88495,139.8218,123.4061,107.41331,final
2023-04-21,2,1011462,RW52,62.0,48.903225,34.964516,173.96774,126.05484,340.5,313.036,134.87772,136.55943,108.6355,final
2023-05-01,2,1011462,RW52,62.0,96.435486,39.593548,209.43549,118.97581,432.0645,332.00162,227.46672,172.96559,129.69211,final
2023-05-11,2,1011462,RW52,62.0,6.048387,29.625807,151.3871,104.18387,434.7742,338.97418,31.907955,143.23279,127.85094,final
2023-05-21,2,1011462,RW52,62.0,5.483871,24.477419,107.96774,93.69677,421.5484,342.30646,35.565773,114.459404,122.81615,final
2023-06-01,2,1011462,RW52,62.0,1.3548387,8.21828,12.887096,62.321507,407.61288,312.357,48.07614,26.569664,130.01538,final
2023-06-11,2,1011462,RW52,62.0,3.2580645,3.4467742,10.096774,36.142475,337.66125,282.14032,97.76589,36.69389,119.335815,final
2023-06-21,2,1011462,RW52,62.0,1.1451613,2.5634408,5.7580643,14.228495,287.69354,233.98012,81.24822,55.94855,122.476105,final
2023-07-01,2,1011462,RW52,62.0,1.1935484,1.9763441,5.596774,7.9865594,227.91936,189.28387,88.77928,81.598015,119.8861,final
2023-07-11,2,1011462,RW52,62.0,0.983871,1.6505376,3.3225808,6.190323,164.80646,146.51666,89.97575,74.37302,112.071144,final
2023-07-21,2,1011462,RW52,62.0,1.0,3.8360214,3.1774194,7.462903,116.90323,115.38817,67.90386,65.61409,101.258484,final
2023-08-01,2,1011462,RW52,62.0,2.435484,9.451612,4.419355,14.938172,22.903225,85.24624,51.450897,47.242825,30.91899,final
2023-08-11,2,1011462,RW52,62.0,1.3709677,11.401613,4.806452,24.689247,18.225807,67.02204,38.843544,33.030315,32.24819,final
2023-08-21,2,1011462,RW52,62.0,1.7903225,17.428495,5.596774,38.28172,14.532258,59.973118,30.275425,24.483255,30.062061,final
2023-09-01,2,1011462,RW52,62.0,26.774193,25.7,29.935482,54.530106,39.95161,77.45484,103.49899,58.685406,54.516644,final
2023-09-11,2,1011462,RW52,62.0,39.29032,24.775269,67.854836,67.90376,75.98387,98.78333,148.74869,99.932884,78.03167,final
2023-09-21,2,1011462,RW52,62.0,25.129032,25.237635,91.19354,75.712906,99.96774,121.45753,99.64083,119.17988,83.006325,final
2023-10-01,2,1011462,RW52,62.0,30.435484,39.25215,94.85484,89.26505,129.20967,158.73334,80.0763,105.92986,81.968445,final
2023-10-11,2,1011462,RW52,62.0,53.14516,39.403763,108.70967,103.89355,181.37096,196.48656,130.94647,104.42278,92.49796,final
2023-10-21,2,1011462,RW52,62.0,31.435484,44.33925,115.01613,122.99516,211.80644,236.98979,73.846855,93.76614,89.593216,final
2023-11-01,2,1011462,RW52,62.0,29.096775,43.768818,113.677414,127.511826,238.46773,271.30698,69.915115,89.55987,88.114944,final
2023-11-11,2,1011462,RW52,62.0,57.29032,35.77204,117.82258,123.880104,294.3871,295.67743,152.77705,95.29988,99.570854,final
2023-11-21,2,1011462,RW52,62.0,50.241936,37.835484,136.62903,117.37634,342.8387,316.0844,128.96303,115.73236,108.33248,final
2023-12-01,2,1011462,RW52,62.0,31.370968,29.334946,138.90323,102.942474,347.4355,319.71936,105.929886,133.31474,108.53541,final
2023-12-11,2,1011462,RW52,62.0,23.225807,23.008602,104.83871,90.17903,331.37097,317.9527,100.77549,115.40221,104.15488,final
2023-12-21,2,1011462,RW52,62.0,59.064518,30.216667,113.66129,82.56021,365.30646,322.93173,181.91531,135.51965,112.921814,final
2024-01-01,2,1011462,RW52,62.0,8.854838,18.73871,91.145164,71.38656,343.7258,300.0312,58.363903,125.86661,114.32464,final
2024-01-11,2,1011462,RW52,62.0,15.17742,17.456451,83.09678,67.10538,305.75806,278.46182,89.851326,122.17782,109.62959,final
2024-01-21,2,1011462,RW52,62.0,22.32258,19.81344,46.354836,56.008602,296.64514,253.14247,110.11202,84.176384,116.8522,final
2024-02-01,2,1011462,RW52,62.0,17.35484,20.627956,54.85484,57.89785,284.9032,230.4672,87.22833,95.16198,123.11829,final
2024-02-11,2,1011462,RW52,62.0,13.9838705,22.653225,53.661293,63.094624,241.59679,217.17635,68.64976,86.146736,110.99146,final
2024-02-21,2,1011462,RW52,62.0,17.580645,21.14516,48.919357,64.426346,208.93549,200.51236,86.36644,77.664116,104.098595,final
2024-03-01,2,1011462,RW52,62.0,26.870968,38.167744,58.435482,81.966125,204.4355,211.25053,73.83051,72.94275,96.84855,final
2024-03-11,2,1011462,RW52,62.0,21.096775,33.66344,65.548386,92.97634,202.30646,223.17635,67.49729,72.00553,90.853615,final
2024-03-21,2,1011462,RW52,62.0,29.467741,50.723656,77.435486,122.55484,172.70967,242.98979,61.85478,64.62749,71.66008,final
2024-04-01,2,1011462,RW52,62.0,33.83871,46.67258,84.40323,131.05968,197.69354,270.92365,75.16309,65.70883,73.460014,final
2024-04-11,2,1011462,RW52,62.0,49.467743,44.41774,112.77419,141.81398,231.98387,297.88495,110.21902,80.22002,78.2422,final
2024-04-21,2,1011462,RW52,62.0,67.46774,34.964516,150.7742,126.05484,277.12903,313.036,181.33022,118.86184,88.70978,final
2024-05-01,2,1011462,RW52,62.0,40.64516,39.593548,157.58064,118.97581,300.41937,332.00162,102.35822,131.139,90.628456,final
2024-05-11,2,1011462,RW52,62.0,5.064516,29.625807,113.177414,104.18387,291.5,338.97418,29.066515,108.23706,86.19833,final
2024-05-21,2,1011462,RW52,62.0,3.580645,24.477419,49.290325,93.69677,277.50003,342.30646,29.109213,55.007195,81.34028,final
2024-06-01,2,1011462,RW52,62.0,1.2741935,8.21828,9.919354,62.321507,251.90323,312.357,47.46604,22.16135,80.95086,final
2024-06-11,2,1011462,RW52,62.0,1.0,3.4467742,5.8548384,36.142475,231.80646,282.14032,71.03303,26.383533,82.470634,final
2024-06-21,2,1011462,RW52,62.0,1.032258,2.5634408,3.3064516,14.228495,203.37097,233.98012,79.75547,43.19866,87.19176,final
2024-07-01,2,1011462,RW52,62.0,3.3709676,1.9763441,5.403226,7.9865594,172.90323,189.28387,119.99075,80.10764,91.5687,final
2024-07-11,2,1011462,RW52,62.0,1.0,1.6505376,5.403226,6.190323,124.43547,146.51666,90.21827,92.96627,85.42656,final
2024-07-21,2,1011462,RW52,62.0,2.935484,3.8360214,7.306452,7.462903,59.90323,115.38817,89.80834,98.74467,53.911633,final
2024-08-01,2,1011462,RW52,62.0,1.483871,9.451612,5.419355,14.938172,20.741936,85.24624,44.866074,52.25833,28.524109,final
2024-08-11,2,1011462,RW52,62.0,8.419354,11.401613,12.838709,24.689247,24.096775,67.02204,81.81728,60.084747,40.39982,final
2024-08-21,2,1011462,RW52,62.0,11.241936,17.428495,21.14516,38.28172,31.758064,59.973118,72.41652,60.406937,56.57427,final
2024-09-01,2,1011462,RW52,62.0,9.241936,25.7,28.903225,54.530106,39.725807,77.45484,46.390667,56.951393,54.24279,final
2024-09-11,2,1011462,RW52,62.0,7.0,24.775269,27.483871,67.90376,45.725807,98.78333,40.301903,44.557198,48.87664,final
2024-09-21,2,1011462,RW52,62.0,60.258064,25.237635,76.5,75.712906,104.951614,121.45753,215.81735,100.97518,86.947464,final
2024-10-01,2,1011462,RW52,62.0,41.096775,39.25215,108.35484,89.26505,142.67741,158.73334,104.16844,120.25119,90.193855,final
2024-10-11,2,1011462,RW52,62.0,52.564518,39.403763,153.91936,103.89355,194.24193,196.48656,129.63882,145.9401,98.88596,final
2024-10-21,2,1011462,RW52,62.0,23.048388,44.33925,116.70968,122.99516,214.35483,236.98979,56.848026,95.08928,90.64632,final
2024-11-01,2,1011462,RW52,62.0,70.40323,43.768818,146.01614,127.511826,283.27417,271.30698,154.6136,113.96427,104.33112,final
2024-11-11,2,1011462,RW52,62.0,70.451614,35.77204,163.90323,123.880104,345.30646,295.67743,185.05724,131.05455,116.505745,final
2024-11-21,2,1011462,RW52,62.0,81.79032,37.835484,222.64517,117.37634,415.85483,316.0844,202.61314,186.02058,131.07295,final
2024-12-01,2,1011462,RW52,62.0,24.17742,29.334946,176.41936,102.942474,430.7903,319.71936,84.97878,168.0704,134.20522,final
2024-12-11,2,1011462,RW52,62.0,26.338709,23.008602,132.30646,90.17903,450.12903,317.9527,111.88959,144.26125,140.92746,final
2024-12-21,2,1011462,RW52,62.0,33.241936,30.216667,83.758064,82.56021,423.1129,322.93173,108.59045,101.368034,130.54941,final
2025-01-01,2,1011462,RW52,62.0,6.419355,18.73871,66.0,71.38656,388.43552,300.0312,48.104362,92.94829,128.98207,final
2025-01-11,2,1011462,RW52,62.0,16.451612,17.456451,56.1129,67.10538,352.32257,278.46182,95.52539,84.75498,126.05669,final
2025-01-21,2,1011462,RW52,62.0,23.435484,19.81344,46.30645,56.008602,352.70966,253.14247,114.59711,84.09708,138.57065,final
2025-02-01,2,1011462,RW52,62.0,19.064516,20.627956,58.951614,57.89785,301.37097,230.4672,93.89947,101.675354,130.11195,final
2025-02-11,2,1011462,RW52,62.0,12.4838705,22.653225,54.98387,63.094624,243.40324,217.17635,63.225437,88.089005,111.80454,final
2025-02-21,2,1011462,RW52,62.0,2.532258,21.14516,34.080643,64.426346,164.14516,200.51236,28.809378,56.290794,82.30412,final
2025-03-01,2,1011462,RW52,62.0,13.387096,38.167744,28.403225,81.966125,153.35484,211.25053,42.59453,38.409466,73.22749,final
2025-03-11,2,1011462,RW52,62.0,28.112904,33.66344,44.032257,92.97634,155.12903,223.17635,85.64397,50.044994,70.17775,final
2025-03-21,2,1011462,RW52,62.0,27.564516,50.723656,69.064514,122.55484,149.4516,242.98979,58.4393,58.064842,62.281437,final
2025-04-01,2,1011462,RW52,62.0,47.903225,46.67258,103.58064,131.05968,190.93549,270.92365,102.38162,79.80369,71.010765,final
2025-04-11,2,1011462,RW52,62.0,48.80645,44.41774,124.27419,141.81398,223.29031,297.88495,108.880844,88.05306,75.371956,final
2025-04-21,2,1011462,RW52,62.0,55.80645,34.964516,152.51611,126.05484,255.66129,313.036,152.1511,120.19099,81.95968,final
2025-05-01,2,1011462,RW52,62.0,47.14516,39.593548,151.75806,118.97581,283.74194,332.00162,116.93431,126.44246,85.679695,final
2025-05-11,2,1011462,RW52,62.0,29.580645,29.625807,132.53226,104.18387,300.83875,338.97418,99.86956,125.963905,88.913284,final
2025-05-21,2,1011462,RW52,62.0,34.419353,24.477419,111.14516,93.69677,332.72583,342.30646,133.7273,117.67879,97.24145,final
2025-06-01,2,1011462,RW52,62.0,4.66129,8.21828,68.66129,62.321507,323.99997,312.357,73.09038,109.41719,103.668724,final
2025-06-11,2,1011462,RW52,62.0,14.241936,3.4467742,53.32258,36.142475,310.12903,282.14032,227.80219,141.75758,109.7474,final
2025-06-21,2,1011462,RW52,62.0,5.306452,2.5634408,24.209677,14.228495,287.87094,233.98012,136.26671,151.9083,122.55033,final
2025-07-01,2,1011462,RW52,62.0,1.7096775,1.9763441,21.258064,7.9865594,241.67741,189.28387,96.17756,202.19417,126.967514,final
2025-07-11,2,1011462,RW52,62.0,1.4354838,1.6505376,8.451613,6.190323,194.30644,146.51666,96.76637,120.20756,131.54094,final
2025-07-21,2,1011462,RW52,62.0,1.0,3.8360214,4.145161,7.462903,139.5,115.38817,67.90386,73.37906,120.02841,final
2025-08-01,2,1011462,RW52,62.0,7.483871,9.451612,9.919355,14.938172,99.838715,85.24624,86.383934,74.8281,116.16962,final
2025-08-11,2,1011462,RW52,62.0,29.193548,11.401613,37.67742,24.689247,99.45161,67.02204,208.47676,143.74707,145.02728,final
2025-08-21,2,1011462,RW52,62.0,3.096774,17.428495,39.774193,38.28172,68.12903,59.973118,36.100388,103.44827,112.55275,final
2025-09-01,2,1011462,RW52,62.0,10.112904,25.7,42.403225,54.530106,73.58064,77.45484,49.227695,79.629,95.30143,final
2025-09-11,2,1011462,RW52,62.0,25.241936,24.775269,38.451614,67.90376,84.58064,98.78333,101.56729,59.60133,86.31506,final
2025-09-21,2,1011462,RW52,62.0,8.145162,25.237635,43.5,75.712906,87.41936,121.45753,43.47285,60.089523,73.08332,final
2025-10-01,2,1011462,RW52,62.0,49.548386,39.25215,82.935486,89.26505,135.25806,158.73334,123.2672,93.285355,85.66249,final
2025-10-11,2,1011462,RW52,62.0,31.67742,39.403763,89.370964,103.89355,165.5,196.48656,82.59981,86.663506,84.62103,final
2025-10-21,2,1011462,RW52,62.0,70.629036,44.33925,151.85484,122.99516,235.12903,236.98979,153.28372,122.54747,99.23106,final
2025-11-01,2,1011462,RW52,62.0,46.322582,43.768818,148.62904,127.511826,273.96774,271.30698,105.23647,115.936104,100.962975,final
2025-11-11,2,1011462,RW52,62.0,24.258064,35.77204,141.20969,123.880104,269.03226,295.67743,71.76012,113.44628,91.13828,final
2025-11-21,2,1011462,RW52,62.0,13.0,37.835484,83.58064,117.37634,278.9355,316.0844,42.021236,72.3838,88.43017,final
2025-12-01,2,1011462,RW52,62.0,22.17742,29.334946,59.435486,102.942474,291.00003,319.71936,79.15382,59.694283,91.15565,final
2025-12-11,2,1011462,RW52,62.0,27.193548,23.008602,62.37097,90.17903,292.95163,317.9527,114.94166,70.78342,92.2586,final
2025-12-21,2,1011462,RW52,62.0,73.09677,30.216667,122.46774,82.56021,357.90323,322.93173,221.76082,145.57724,110.66426,final
2026-01-01,2,1011462,RW52,62.0,19.419355,18.73871,119.70968,71.38656,327.7742,300.0312,102.86723,163.26128,109.095146,final
2026-01-11,2,1011462,RW52,62.0,17.0,17.456451,109.51613,67.10538,313.09677,278.46182,97.96739,158.81773,112.21856,final
2026-01-21,2,1011462,RW52,62.0,39.129032,19.81344,75.548386,56.008602,281.59677,253.14247,177.84326,132.02791,111.02272,final
2026-02-01,2,1011462,RW52,62.0,27.758064,20.627956,83.8871,57.89785,263.03226,230.4672,127.8216,141.31978,113.82998,final
2026-02-11,2,1011462,RW52,62.0,31.580645,22.653225,98.46774,63.094624,270.35486,217.17635,132.28346,151.94702,123.93527,final
2026-02-21,2,1011462,RW52,62.0,23.774193,21.14516,83.1129,64.426346,281.12906,200.51236,110.05552,126.91566,139.22717,final
2026-03-01,2,1011462,RW52,62.0,47.919353,38.167744,103.274185,81.966125,306.87094,211.25053,122.59004,124.501564,144.21742,prelim
2026-03-11,2,1011462,RW52,62.0,37.20968,33.66344,108.90322,92.97634,316.8871,223.17635,109.17207,116.255844,141.06944,prelim
2026-03-21,2,1011462,RW52,62.0,36.274193,50.723656,121.40322,122.55484,280.0645,242.98979,74.06943,99.09715,114.950096,prelim
2026-04-01,2,1011462,RW52,62.0,17.451612,46.67258,90.935486,131.05968,278.09677,270.92365,43.44976,70.50986,102.59968,prelim
2026-04-11,2,1011462,RW52,62.0,37.451614,44.41774,91.17742,141.81398,298.5484,297.88495,85.90359,65.50972,100.21905,forecast
2022-01-01,2,1011463,RW25,37.0,23.405405,42.195496,129.10811,140.63513,391.08105,440.66125,60.186684,92.085,88.87491,final
2022-01-11,2,1011463,RW25,37.0,81.21622,41.303604,165.89189,138.37297,414.97296,430.79822,186.19763,119.19394,96.368675,final
2022-01-21,2,1011463,RW25,37.0,53.864864,44.516216,158.48648,128.01532,421.24323,425.97568,118.879974,122.908005,98.901924,final
2022-02-01,2,1011463,RW25,37.0,61.45946,40.876575,196.54054,126.696396,427.16217,412.04956,144.86577,153.03421,103.6237,final
2022-02-11,2,1011463,RW25,37.0,90.0,49.395496,205.32433,134.78828,477.97302,412.25046,174.6468,150.4592,115.75135,final
2022-02-21,2,1011463,RW25,37.0,30.891891,33.7027,182.35135,123.97478,477.02704,394.2883,92.73743,145.26201,120.72156,final
2022-03-01,2,1011463,RW25,37.0,33.08108,52.7036,153.97298,135.8018,479.6216,403.13333,65.994286,112.9055,118.741,final
2022-03-11,2,1011463,RW25,37.0,67.72973,42.154053,131.7027,128.56036,502.9189,401.72162,154.23856,102.35275,124.88122,final
2022-03-21,2,1011463,RW25,37.0,45.675674,62.364864,146.48648,157.22252,487.32434,409.21262,75.22567,93.381905,118.85789,final
2022-04-01,2,1011463,RW25,37.0,23.972973,66.56937,137.37837,171.08829,487.8919,433.5865,40.482365,80.85624,112.38192,final
2022-04-11,2,1011463,RW25,37.0,78.27027,60.346848,147.91891,189.28108,484.94592,452.62973,127.42814,78.71014,107.061646,final
2022-04-21,2,1011463,RW25,37.0,51.81081,59.23063,154.05405,186.14685,482.89188,467.34415,88.44816,83.21039,103.29161,final
2022-05-01,2,1011463,RW25,37.0,24.162163,53.49009,154.24326,173.06757,445.59457,479.95767,49.8583,89.42856,92.91421,final
2022-05-11,2,1011463,RW25,37.0,30.108109,46.84054,106.081085,159.56126,385.7027,477.4027,67.72327,67.50136,80.99098,final
2022-05-21,2,1011463,RW25,37.0,102.35135,43.92072,156.62161,144.25134,457.1622,487.62073,219.43944,108.288216,93.81705,final
2022-06-01,2,1011463,RW25,37.0,4.135135,14.255856,136.59459,105.01712,428.21622,449.17297,47.44082,128.70232,95.38573,final
2022-06-11,2,1011463,RW25,37.0,4.972973,7.6045046,111.45946,65.78108,365.4594,414.6234,79.12229,164.53473,88.283775,final
2022-06-21,2,1011463,RW25,37.0,7.1621623,5.536036,16.270271,27.396397,326.94592,357.7946,115.43395,65.65629,91.49693,final
2022-07-01,2,1011463,RW25,37.0,2.108108,3.1891892,14.243244,16.32973,305.08105,294.41443,86.79868,90.21795,103.5625,final
2022-07-11,2,1011463,RW25,37.0,1.4324324,1.7927928,10.7027025,10.518018,228.24324,235.86037,94.694954,101.190125,96.83753,final
2022-07-21,2,1011463,RW25,37.0,11.162162,3.9864864,14.7027025,8.968469,187.59457,180.61621,179.84964,141.05127,103.75956,final
2022-08-01,2,1011463,RW25,37.0,9.216216,9.820721,21.81081,15.6,172.64864,136.94685,95.92122,130.14955,125.15151,final
2022-08-11,2,1011463,RW25,37.0,7.7297297,11.775676,28.108109,25.582882,150.27028,101.88198,75.882065,108.256996,145.27264,final
2022-08-21,2,1011463,RW25,37.0,30.18919,17.281982,47.135136,38.87838,78.10811,75.24324,157.92665,118.81737,103.57024,final
2022-09-01,2,1011463,RW25,37.0,22.567568,29.636036,60.48649,58.693695,96.54054,90.62342,79.592155,102.81471,106.18794,final
2022-09-11,2,1011463,RW25,37.0,31.432432,31.140541,84.18919,78.058556,123.0,114.15946,100.80766,107.3811,107.41908,final
2022-09-21,2,1011463,RW25,37.0,26.972973,32.04685,80.97298,92.823425,142.8108,140.67027,86.30416,87.88588,101.46944,final
2022-10-01,2,1011463,RW25,37.0,31.45946,42.46126,89.86486,105.64865,172.16216,179.94234,76.819405,85.735214,95.79319,final
2022-10-11,2,1011463,RW25,37.0,21.72973,51.78919,80.16216,126.297295,192.45947,229.93874,47.068344,64.862076,84.04722,final
2022-10-21,2,1011463,RW25,37.0,70.567566,48.83243,123.75676,143.08289,251.86487,274.7847,140.37555,86.94912,91.808044,final
2022-11-01,2,1011463,RW25,37.0,53.783783,54.61081,146.08109,155.23244,296.43243,319.57477,98.612625,94.288704,92.86996,final
2022-11-11,2,1011463,RW25,37.0,62.54054,48.513515,186.89189,151.95676,351.24323,356.31262,126.21212,122.257805,98.59695,final
2022-11-21,2,1011463,RW25,37.0,65.51351,50.8009,181.83783,153.92523,386.56757,389.83154,126.36626,117.563354,99.173325,final
2022-12-01,2,1011463,RW25,37.0,55.18919,45.242344,183.24324,144.55676,419.18918,405.43784,119.79773,125.867424,103.35041,final
2022-12-11,2,1011463,RW25,37.0,50.62162,45.328827,171.32431,141.37207,438.37836,419.62613,110.516426,120.46309,104.41618,final
2022-12-21,2,1011463,RW25,37.0,52.62162,54.81982,158.43243,145.39099,464.027,442.3991,96.325294,108.67169,104.83414,final
2023-01-01,2,1011463,RW25,37.0,36.027027,42.195496,139.27026,140.63513,468.59457,440.66125,86.92996,99.06282,106.26784,final
2023-01-11,2,1011463,RW25,37.0,65.72973,41.303604,154.37839,138.37297,512.59454,430.79822,152.7521,111.16348,118.76931,final
2023-01-21,2,1011463,RW25,37.0,64.97298,44.516216,166.72974,128.01532,507.0,425.97568,141.31325,129.10524,118.80021,final
2023-02-01,2,1011463,RW25,37.0,16.702703,40.876575,147.4054,126.696396,469.91895,412.04956,47.30672,115.7248,113.8759,final
2023-02-11,2,1011463,RW25,37.0,15.675675,49.395496,97.35136,134.78828,423.05405,412.25046,38.0099,73.218834,102.58924,final
2023-02-21,2,1011463,RW25,37.0,27.837837,33.7027,60.216217,123.97478,385.3784,394.2883,84.846375,50.565094,97.768555,final
2023-03-01,2,1011463,RW25,37.0,29.27027,52.7036,72.78378,135.8018,359.45944,403.13333,59.390175,55.243458,89.29911,final
2023-03-11,2,1011463,RW25,37.0,70.27027,42.154053,127.37838,128.56036,379.1081,401.72162,159.62631,99.11503,94.44005,final
2023-03-21,2,1011463,RW25,37.0,75.21622,62.364864,174.75676,157.22252,401.7027,409.21262,119.07723,110.808754,98.18694,final
2023-04-01,2,1011463,RW25,37.0,68.37838,66.56937,213.86487,171.08829,434.05405,433.5865,102.52764,124.29269,100.106606,final
2023-04-11,2,1011463,RW25,37.0,59.243244,60.346848,202.83784,189.28108,427.5676,452.62973,98.31116,106.97791,94.52349,final
2023-04-21,2,1011463,RW25,37.0,147.75676,59.23063,275.3784,186.14685,510.35138,467.34415,237.82542,146.68219,109.105064,final
2023-05-01,2,1011463,RW25,37.0,172.62163,53.49009,379.62164,173.06757,666.2703,479.95767,303.67816,215.99757,138.41833,final
2023-05-11,2,1011463,RW25,37.0,21.324324,46.84054,341.7027,159.56126,671.919,477.4027,50.779415,210.68306,140.32239,final
2023-05-21,2,1011463,RW25,37.0,18.81081,43.92072,212.75676,144.25134,662.8919,487.62073,48.67224,145.89937,135.57933,final
2023-06-01,2,1011463,RW25,37.0,1.8378378,14.255856,41.97297,105.01712,635.4595,449.17297,35.510433,42.696053,141.01663,final
2023-06-11,2,1011463,RW25,37.0,1.7027028,7.6045046,22.35135,65.78108,566.8919,414.6234,53.17704,38.642178,136.28694,final
2023-06-21,2,1011463,RW25,37.0,3.2972972,5.536036,6.837838,27.396397,494.97296,357.7946,78.7516,36.5406,137.81158,final
2023-07-01,2,1011463,RW25,37.0,2.1891892,3.1891892,7.189189,16.32973,428.78378,294.41443,87.78878,57.146477,144.87738,final
2023-07-11,2,1011463,RW25,37.0,0.8378378,1.7927928,6.324324,10.518018,370.37836,235.86037,85.94164,72.97533,155.84895,final
2023-07-21,2,1011463,RW25,37.0,1.0,3.9864864,4.027027,8.968469,223.62164,180.61621,66.766914,64.62431,123.16901,final
2023-08-01,2,1011463,RW25,37.0,3.108108,9.820721,4.9459457,15.6,54.108105,136.94685,54.70792,48.28129,41.64101,final
2023-08-11,2,1011463,RW25,37.0,3.7837837,11.775676,7.8918915,25.582882,36.567566,101.88198,52.360237,42.153946,38.89109,final
2023-08-21,2,1011463,RW25,37.0,5.864865,17.281982,12.756756,38.87838,23.62162,75.24324,48.76076,40.46812,35.668575,final
2023-09-01,2,1011463,RW25,37.0,36.54054,29.636036,46.189186,58.693695,58.324326,90.62342,119.93445,80.367744,66.22261,final
2023-09-11,2,1011463,RW25,37.0,41.7027,31.140541,84.10811,78.058556,98.324326,114.15946,129.22523,107.283485,86.71097,final
2023-09-21,2,1011463,RW25,37.0,20.081081,32.04685,98.324326,92.823425,115.10811,140.67027,67.70099,105.62329,82.452034,final
2023-10-01,2,1011463,RW25,37.0,26.486486,42.46126,88.27027,105.64865,139.4054,179.94234,66.34144,84.29409,78.08131,final
2023-10-11,2,1011463,RW25,37.0,46.08108,51.78919,92.64865,126.297295,184.64865,229.93874,89.9486,74.37217,80.7226,final
2023-10-21,2,1011463,RW25,37.0,31.108109,48.83243,103.675674,143.08289,214.75676,274.7847,67.075005,73.38841,78.54495,final
2023-11-01,2,1011463,RW25,37.0,44.7027,54.61081,121.89189,155.23244,256.35135,319.57477,83.37867,79.19239,80.52116,final
2023-11-11,2,1011463,RW25,37.0,53.216217,48.513515,129.02702,151.95676,305.78378,356.31262,108.78787,85.39105,86.0152,final
2023-11-21,2,1011463,RW25,37.0,46.351353,50.8009,144.27026,153.92523,346.27026,389.83154,92.02603,93.924835,88.96712,final
2023-12-01,2,1011463,RW25,37.0,22.108109,45.242344,121.675674,144.55676,331.83783,405.43784,53.954704,84.70074,82.06793,final
2023-12-11,2,1011463,RW25,37.0,25.081081,45.328827,93.54054,141.37207,315.21622,419.62613,59.76909,67.32195,75.41133,final
2023-12-21,2,1011463,RW25,37.0,78.27027,54.81982,125.45946,145.39099,373.4054,442.3991,139.20181,86.74686,84.57893,final
2024-01-01,2,1011463,RW25,37.0,37.567566,42.195496,140.91891,140.63513,384.48648,440.66125,90.19413,100.19486,87.39519,final
2024-01-11,2,1011463,RW25,37.0,36.351353,41.303604,152.1892,138.37297,374.75674,430.79822,89.304825,109.63656,87.1405,final
2024-01-21,2,1011463,RW25,37.0,46.37838,44.516216,120.297295,128.01532,390.02704,425.97568,103.76072,94.19764,91.658775,final
2024-02-01,2,1011463,RW25,37.0,17.64865,40.876575,100.37839,126.696396,362.973,412.04956,49.368656,80.01615,88.23244,final
2024-02-11,2,1011463,RW25,37.0,41.81081,49.395496,105.837845,134.78828,351.5676,412.25046,86.056404,79.289795,85.45649,final
2024-02-21,2,1011463,RW25,37.0,10.27027,33.7027,69.72973,123.97478,315.48648,394.2883,39.45531,57.941353,80.264435,final
2024-03-01,2,1011463,RW25,37.0,31.18919,52.7036,83.27027,135.8018,324.56757,403.13333,62.71565,62.69115,80.74998,final
2024-03-11,2,1011463,RW25,37.0,24.35135,42.154053,65.810814,128.56036,323.83783,401.72162,62.245663,53.017838,80.85083,final
2024-03-21,2,1011463,RW25,37.0,49.675674,62.364864,105.21622,157.22252,295.24323,409.21262,81.16348,67.941376,72.48529,final
2024-04-01,2,1011463,RW25,37.0,51.48649,66.56937,125.51351,171.08829,309.16214,433.5865,78.92551,74.118225,71.6306,final
2024-04-11,2,1011463,RW25,37.0,83.64865,60.346848,184.81082,189.28108,356.45947,452.62973,135.65865,97.69907,78.98514,final
2024-04-21,2,1011463,RW25,37.0,123.64865,59.23063,258.78378,186.14685,433.72974,467.34415,200.29175,138.0006,92.88349,final
2024-05-01,2,1011463,RW25,37.0,59.432434,53.49009,266.72974,173.06757,475.51352,479.95767,110.15958,152.59923,99.0836,final
2024-05-11,2,1011463,RW25,37.0,26.81081,46.84054,209.89189,159.56126,460.51352,477.4027,61.362804,130.58475,96.49894,final
2024-05-21,2,1011463,RW25,37.0,14.783784,43.92072,101.02702,144.25134,465.02704,487.62073,40.4405,71.03924,95.413574,final
2024-06-01,2,1011463,RW25,37.0,2.3243244,14.255856,43.91892,105.01712,436.16217,449.17297,38.03687,44.464825,97.13528,final
2024-06-11,2,1011463,RW25,37.0,1.918919,7.6045046,19.027027,65.78108,413.72974,414.6234,54.892433,33.94555,99.787025,final
2024-06-21,2,1011463,RW25,37.0,2.5135136,5.536036,6.756757,27.396397,366.56757,357.7946,71.31253,36.290325,102.418175,final
2024-07-01,2,1011463,RW25,37.0,3.2162163,3.1891892,7.648649,16.32973,318.2973,294.41443,100.33003,59.30056,107.97653,final
2024-07-11,2,1011463,RW25,37.0,0.8648649,1.7927928,6.5945945,10.518018,235.51352,235.86037,86.33952,74.71699,99.855995,final
2024-07-21,2,1011463,RW25,37.0,1.1351352,3.9864864,5.2162166,8.968469,113.0,180.61621,68.270676,73.1377,63.572033,final
2024-08-01,2,1011463,RW25,37.0,2.7027028,9.820721,4.7027025,15.6,56.270267,136.94685,51.972527,47.100494,43.16423,final
2024-08-11,2,1011463,RW25,37.0,5.3513513,11.775676,9.189189,25.582882,34.810814,101.88198,61.70452,46.395855,37.24745,final
2024-08-21,2,1011463,RW25,37.0,14.27027,17.281982,22.324326,38.87838,34.2973,75.24324,86.48364,62.27287,48.97272,final
2024-09-01,2,1011463,RW25,37.0,18.297297,29.636036,37.91892,58.693695,50.27027,90.62342,67.263176,67.38331,57.79993,final
2024-09-11,2,1011463,RW25,37.0,12.945946,31.140541,45.51351,78.058556,61.297295,114.15946,49.656,60.816746,55.637455,final
2024-09-21,2,1011463,RW25,37.0,55.945946,32.04685,87.189186,92.823425,114.72973,140.67027,164.51048,94.240395,82.19229,final
2024-10-01,2,1011463,RW25,37.0,54.648647,42.46126,123.54054,105.64865,166.16216,179.94234,125.6786,116.17,92.54893,final
2024-10-11,2,1011463,RW25,37.0,42.567566,51.78919,153.16216,126.297295,207.86487,229.93874,83.76166,120.46108,90.604416,final
2024-10-21,2,1011463,RW25,37.0,47.027027,48.83243,144.24324,143.08289,253.75674,274.7847,96.64625,100.783585,92.48424,final
2024-11-01,2,1011463,RW25,37.0,104.945946,54.61081,194.54053,155.23244,356.0,319.57477,184.4396,124.53191,111.22244,final
2024-11-11,2,1011463,RW25,37.0,106.89189,48.513515,258.86487,151.95676,457.54053,356.31262,209.0909,168.1131,128.01671,final
2024-11-21,2,1011463,RW25,37.0,112.64865,50.8009,324.48648,153.92523,555.91895,389.83154,210.83649,207.32169,142.06538,final
2024-12-01,2,1011463,RW25,37.0,24.621622,45.242344,244.16217,144.55676,562.2432,405.43784,58.95749,166.6004,138.20442,final
2024-12-11,2,1011463,RW25,37.0,36.51351,45.328827,173.78378,141.37207,585.8108,419.62613,82.48456,122.14338,139.13669,final
2024-12-21,2,1011463,RW25,37.0,57.837837,54.81982,118.97297,145.39099,587.70264,442.3991,105.04517,82.43377,132.47739,final
2025-01-01,2,1011463,RW25,37.0,16.81081,42.195496,111.162155,140.63513,549.86487,440.66125,46.213757,79.76245,124.50373,final
2025-01-11,2,1011463,RW25,37.0,56.675674,41.303604,131.32433,138.37297,563.97296,430.79822,133.19843,95.0837,130.5588,final
2025-01-21,2,1011463,RW25,37.0,57.648647,44.516216,131.13513,128.01532,574.59454,425.97568,126.52148,102.34545,134.48428,final
2025-02-01,2,1011463,RW25,37.0,52.89189,40.876575,167.21622,126.696396,522.5405,412.04956,126.19052,130.7676,126.49349,final
2025-02-11,2,1011463,RW25,37.0,35.81081,49.395496,146.35135,134.78828,451.45944,412.25046,75.026085,108.271835,109.396996,final
2025-02-21,2,1011463,RW25,37.0,5.108108,33.7027,93.81081,123.97478,343.9189,394.2883,26.11732,76.6125,87.38521,final
2025-03-01,2,1011463,RW25,37.0,23.54054,52.7036,64.45946,135.8018,342.8378,403.13333,49.460587,49.33137,85.22651,final
2025-03-11,2,1011463,RW25,37.0,37.37838,42.154053,66.02703,128.56036,343.7027,401.72162,89.872185,53.17972,85.73498,final
2025-03-21,2,1011463,RW25,37.0,39.18919,62.364864,100.10811,157.22252,325.05405,409.21262,65.59679,64.79255,79.68228,final
2025-04-01,2,1011463,RW25,37.0,78.10811,66.56937,154.67567,171.08829,386.35132,433.5865,116.12246,90.67933,89.23014,final
2025-04-11,2,1011463,RW25,37.0,95.35135,60.346848,212.64865,189.28108,425.02704,452.62973,153.56725,112.02772,93.96834,final
2025-04-21,2,1011463,RW25,37.0,62.945946,59.23063,236.4054,186.14685,430.32434,467.34415,105.78433,126.29316,92.16254,final
2025-05-01,2,1011463,RW25,37.0,81.189186,53.49009,239.48648,173.06757,458.6216,479.95767,147.3569,137.29984,95.600426,final
2025-05-11,2,1011463,RW25,37.0,43.27027,46.84054,187.4054,159.56126,466.08105,477.4027,93.112976,116.92022,97.65307,final
2025-05-21,2,1011463,RW25,37.0,18.378378,43.92072,142.83783,144.25134,479.35135,487.62073,47.788296,99.05293,98.32135,final
2025-06-01,2,1011463,RW25,37.0,16.54054,14.255856,78.18919,105.01712,472.35132,449.17297,111.86489,75.61477,105.103424,final
2025-06-11,2,1011463,RW25,37.0,16.0,7.6045046,50.91892,65.78108,450.97296,414.6234,166.6071,79.00263,108.66243,final
2025-06-21,2,1011463,RW25,37.0,10.378378,5.536036,42.918922,27.396397,422.16214,357.7946,145.95982,147.91437,117.74214,final
2025-07-01,2,1011463,RW25,37.0,2.8108108,3.1891892,29.189188,16.32973,346.86487,294.41443,95.37955,160.2889,117.51768,final
2025-07-11,2,1011463,RW25,37.0,2.3513513,1.7927928,15.540541,10.518018,253.86484,235.86037,108.22281,132.36575,107.47507,final
2025-07-21,2,1011463,RW25,37.0,2.7837837,3.9864864,7.9459457,8.968469,193.70268,180.61621,86.61655,92.67978,107.050285,final
2025-08-01,2,1011463,RW25,37.0,39.08108,9.820721,44.216217,15.6,151.5946,136.94685,297.42874,238.91368,110.31918,final
2025-08-11,2,1011463,RW25,37.0,56.89189,11.775676,98.75676,25.582882,165.21622,101.88198,368.9383,339.2642,159.25623,final
2025-08-21,2,1011463,RW25,37.0,11.7027025,17.281982,107.67568,38.87838,158.54054,75.24324,74.96057,256.7909,203.806,final
2025-09-01,2,1011463,RW25,37.0,17.567568,29.636036,86.16216,58.693695,159.56757,90.62342,65.15633,143.12589,172.09964,final
2025-09-11,2,1011463,RW25,37.0,30.621622,31.140541,59.89189,78.058556,174.1892,114.15946,98.56416,78.127884,150.37764,final
2025-09-21,2,1011463,RW25,37.0,15.486486,32.04685,63.675674,92.823425,179.2973,140.67027,55.298866,70.20371,126.51676,final
2025-10-01,2,1011463,RW25,37.0,49.756756,42.46126,95.86487,105.64865,226.24326,179.94234,115.37147,91.15779,125.035324,final
2025-10-11,2,1011463,RW25,37.0,28.324324,51.78919,93.567566,126.297295,252.21623,229.93874,58.680756,75.072044,109.48226,final
2025-10-21,2,1011463,RW25,37.0,64.297295,48.83243,142.37837,143.08289,313.72974,274.7847,128.72778,99.52424,113.91964,final
2025-11-01,2,1011463,RW25,37.0,47.7027,54.61081,140.32433,155.23244,322.35135,319.57477,88.411316,90.695946,100.85546,final
2025-11-11,2,1011463,RW25,37.0,45.18919,48.513515,157.1892,151.95676,310.64862,356.31262,93.78788,103.33368,87.36164,final
2025-11-21,2,1011463,RW25,37.0,50.51351,50.8009,143.4054,153.92523,349.45944,389.83154,99.48498,93.38064,89.77486,final
2025-12-01,2,1011463,RW25,37.0,43.756756,45.242344,139.45946,144.55676,375.64862,405.43784,97.04316,96.59172,92.74209,final
2025-12-11,2,1011463,RW25,37.0,42.2973,45.328827,136.56757,141.37207,387.3243,419.62613,93.976555,96.717606,92.39288,final
2025-12-21,2,1011463,RW25,37.0,80.054054,54.81982,166.10811,145.39099,451.89188,442.3991,142.18373,113.775505,102.12177,final
2026-01-01,2,1011463,RW25,37.0,96.62162,42.195496,218.97296,140.63513,498.75674,440.66125,215.32059,153.79047,113.0358,final
2026-01-11,2,1011463,RW25,37.0,31.891891,41.303604,208.56757,138.37297,502.32428,430.79822,79.67391,148.95943,116.41265,final
2026-01-21,2,1011463,RW25,37.0,112.945946,44.516216,241.45947,128.01532,550.97296,425.97568,238.19661,185.28653,129.00333,final
2026-02-01,2,1011463,RW25,37.0,41.027027,40.876575,185.86485,126.696396,544.2973,412.04956,100.32794,144.92792,131.71031,final
2026-02-11,2,1011463,RW25,37.0,30.567568,49.395496,184.54054,134.78828,529.6757,412.25046,65.38697,135.59116,128.14262,final
2026-02-21,2,1011463,RW25,37.0,40.2973,33.7027,111.89189,123.97478,519.4595,394.2883,117.03911,90.63159,131.34857,final
2026-03-01,2,1011463,RW25,37.0,48.405407,52.7036,119.27028,135.8018,524.1081,403.13333,92.551254,88.25901,129.64099,prelim
2026-03-11,2,1011463,RW25,37.0,51.243244,42.154053,139.94595,128.56036,533.0541,401.72162,119.27552,108.52468,132.29051,prelim
2026-03-21,2,1011463,RW25,37.0,47.18919,62.364864,146.83784,157.22252,500.1892,409.21262,77.47241,93.5985,121.96374,prelim
2026-04-01,2,1011463,RW25,37.0,33.37838,66.56937,131.81082,171.08829,436.94592,433.5865,53.624035,77.69444,100.76597,prelim
2026-04-11,2,1011463,RW25,37.0,58.675674,60.346848,139.24324,189.28108,463.72974,452.62973,97.44261,74.24461,102.42554,forecast
2022-01-01,2,1011464,RW37,31.0,21.0,43.634407,138.2258,148.06667,406.4516,476.29462,53.4601,93.57086,85.48851,final
2022-01-11,2,1011464,RW37,31.0,68.645164,40.14086,151.64517,140.70108,428.0,459.34515,163.14523,107.51133,93.2496,final
2022-01-21,2,1011464,RW37,31.0,55.870968,45.48172,145.51613,129.25699,440.93552,448.30215,120.58022,112.11046,98.3749,final
2022-02-01,2,1011464,RW37,31.0,58.70968,41.637634,183.2258,127.260216,440.58066,431.68063,136.60573,142.31474,102.03811,final
2022-02-11,2,1011464,RW37,31.0,86.741936,48.801075,201.32257,135.92043,477.06454,425.957,170.52065,146.41069,111.859085,final
2022-02-21,2,1011464,RW37,31.0,28.0,35.7957,173.45161,126.234406,473.70972,408.54623,80.89088,135.9793,115.75724,final
2022-03-01,2,1011464,RW37,31.0,38.16129,57.088173,152.90323,141.68495,474.35486,417.01184,69.51612,107.64787,113.58801,final
2022-03-11,2,1011464,RW37,31.0,65.354836,46.684948,131.51611,139.56882,484.4839,416.1903,136.12248,94.42985,116.21442,final
2022-03-21,2,1011464,RW37,31.0,50.35484,65.84839,153.87097,169.6215,472.83868,425.1129,78.1314,90.98019,111.09611,final
2022-04-01,2,1011464,RW37,31.0,32.064518,61.329033,147.77419,173.86237,483.9032,442.80753,55.879776,85.41438,109.177086,final
2022-04-11,2,1011464,RW37,31.0,74.548386,56.97957,156.96774,184.15698,489.8064,459.64624,128.34615,85.6261,106.491,final
2022-04-21,2,1011464,RW37,31.0,44.870968,55.745163,151.48387,174.05376,478.80646,469.90967,82.09866,87.39491,101.87336,final
2022-05-01,2,1011464,RW37,31.0,24.451612,49.03441,143.87097,161.75914,444.54834,477.30646,54.505295,89.273056,93.20802,final
2022-05-11,2,1011464,RW37,31.0,41.0,42.4,110.32258,147.17957,398.80643,470.90536,97.04641,75.780594,84.85015,final
2022-05-21,2,1011464,RW37,31.0,104.90323,38.882797,170.35484,130.3172,475.7097,473.99246,250.44717,129.588,100.35851,final
2022-06-01,2,1011464,RW37,31.0,5.064516,15.021505,150.96774,96.304306,442.61288,431.9258,50.26853,153.95964,102.44597,final
2022-06-11,2,1011464,RW37,31.0,14.193548,9.888172,124.16129,63.792473,391.45163,395.12903,128.9181,187.75496,99.08095,final
2022-06-21,2,1011464,RW37,31.0,6.290323,8.111828,25.548388,33.021503,347.3871,337.39246,86.107925,80.34503,102.91905,final
2022-07-01,2,1011464,RW37,31.0,3.7419355,5.064516,24.225807,23.064516,319.0645,281.12796,86.85898,104.13793,113.2586,final
2022-07-11,2,1011464,RW37,31.0,3.0,3.564516,13.032258,16.74086,247.51611,227.7129,93.40866,82.94178,108.50972,final
2022-07-21,2,1011464,RW37,31.0,16.64516,6.133333,23.387096,14.762365,219.29031,178.10107,194.4176,143.6422,122.49535,final
2022-08-01,2,1011464,RW37,31.0,13.645162,12.36129,33.29032,22.05914,208.48386,141.42796,107.39502,141.50606,145.79446,final
2022-08-11,2,1011464,RW37,31.0,13.612904,13.676344,43.903225,32.170967,181.09676,112.7043,99.66032,131.56296,158.10532,final
2022-08-21,2,1011464,RW37,31.0,25.967741,19.86129,53.225807,45.898926,102.161285,93.68279,124.56209,114.394966,108.59167,final
2022-09-01,2,1011464,RW37,31.0,32.032257,37.17312,71.6129,70.710754,129.12903,115.83441,87.8101,101.19157,111.002335,final
2022-09-11,2,1011464,RW37,31.0,37.548386,40.498924,95.548386,97.53333,152.48386,146.44516,93.515144,98.064095,103.98738,final
2022-09-21,2,1011464,RW37,31.0,42.129032,37.984947,111.70967,115.65699,188.32257,176.31828,109.64078,96.72848,106.62056,final
2022-10-01,2,1011464,RW37,31.0,44.64516,48.702152,124.32257,127.18602,229.22578,219.95592,92.44539,97.83377,104.12074,final
2022-10-11,2,1011464,RW37,31.0,20.161291,57.972042,106.935486,144.65913,246.38707,274.36343,39.95629,74.79362,89.98567,final
2022-10-21,2,1011464,RW37,31.0,81.48387,55.82043,146.29031,162.49463,311.2258,324.05054,142.19543,90.32547,96.1025,final
2022-11-01,2,1011464,RW37,31.0,67.96774,57.991398,169.61292,171.78387,365.54837,369.68063,115.83763,98.77197,98.897125,final
2022-11-11,2,1011464,RW37,31.0,63.903225,53.949463,213.35484,167.76129,415.83868,409.95377,116.885254,126.39107,101.41821,final
2022-11-21,2,1011464,RW37,31.0,64.3871,53.00215,196.25807,164.94301,454.25806,443.09464,119.62849,118.4268,102.49131,final
2022-12-01,2,1011464,RW37,31.0,45.935482,48.8086,174.22581,155.76021,468.16132,454.7301,94.660484,111.48642,102.92155,final
2022-12-11,2,1011464,RW37,31.0,64.19355,49.215054,174.51614,151.0258,494.80646,463.44623,127.62793,115.05542,106.69452,final
2022-12-21,2,1011464,RW37,31.0,59.903225,57.166668,170.03226,155.19032,512.5806,482.62796,104.40197,109.26518,106.14252,final
2023-01-01,2,1011464,RW37,31.0,36.258064,43.634407,160.35483,148.06667,504.19357,476.29462,84.83308,108.027985,105.796646,final
2023-01-11,2,1011464,RW37,31.0,42.387096,40.14086,138.54839,140.70108,526.4194,459.34515,104.97606,98.52253,114.4449,final
2023-01-21,2,1011464,RW37,31.0,62.419353,45.48172,141.06451,129.25699,507.35483,448.30215,133.55203,108.79472,113.02723,final
2023-02-01,2,1011464,RW37,31.0,24.387096,41.637634,129.19354,127.260216,463.77417,431.68063,63.01155,101.461754,107.349434,final
2023-02-11,2,1011464,RW37,31.0,21.935484,48.801075,108.741936,135.92043,421.80643,425.957,50.064957,80.713585,99.036896,final
2023-02-21,2,1011464,RW37,31.0,27.225807,35.7957,73.548386,126.234406,384.64514,408.54623,78.99315,59.8535,94.22045,final
2023-03-01,2,1011464,RW37,31.0,35.967743,57.088173,85.129036,141.68495,374.6774,417.01184,65.98316,61.443954,89.96842,final
2023-03-11,2,1011464,RW37,31.0,51.16129,46.684948,114.35484,139.56882,361.64517,416.1903,108.66082,82.55919,87.04977,final
2023-03-21,2,1011464,RW37,31.0,84.6129,65.84839,171.74193,169.6215,386.35486,425.1129,126.48544,101.2143,90.98886,final
2023-04-01,2,1011464,RW37,31.0,71.90323,61.329033,207.67741,173.86237,421.99997,442.80753,115.94204,118.905624,95.35346,final
2023-04-11,2,1011464,RW37,31.0,51.451614,56.97957,207.96774,184.15698,431.0645,459.64624,91.08101,112.58783,93.84871,final
2023-04-21,2,1011464,RW37,31.0,136.67741,55.745163,260.03226,174.05376,505.32257,469.90967,233.23242,148.01826,107.456764,final
2023-05-01,2,1011464,RW37,31.0,177.93549,49.03441,366.0645,161.75914,658.871,477.30646,338.55368,222.51524,137.64505,final
2023-05-11,2,1011464,RW37,31.0,23.129032,42.4,337.74194,147.17957,660.0645,470.90536,59.343945,225.22206,139.74721,final
2023-05-21,2,1011464,RW37,31.0,20.64516,38.882797,221.70967,130.3172,653.4838,473.99246,58.440125,167.53943,137.47269,final
2023-06-01,2,1011464,RW37,31.0,2.064516,15.021505,45.838707,96.304306,619.5806,431.9258,35.28464,50.184155,142.9489,final
2023-06-11,2,1011464,RW37,31.0,3.967742,9.888172,26.677418,63.792473,572.387,395.12903,60.234005,46.047794,144.30022,final
2023-06-21,2,1011464,RW37,31.0,7.0,8.111828,13.032258,33.021503,494.7742,337.39246,91.520424,47.42647,145.9653,final
2023-07-01,2,1011464,RW37,31.0,7.225806,5.064516,18.193548,23.064516,430.09677,281.12796,121.474365,82.64368,152.0637,final
2023-07-11,2,1011464,RW37,31.0,1.6129032,3.564516,15.83871,16.74086,380.2581,227.7129,77.21281,95.85044,165.55081,final
2023-07-21,2,1011464,RW37,31.0,1.8387097,6.133333,10.67742,14.762365,245.41934,178.10107,61.425537,79.329666,136.76564,final
2023-08-01,2,1011464,RW37,31.0,4.483871,12.36129,7.935484,22.05914,71.967735,141.42796,54.626537,47.804493,52.56355,final
2023-08-11,2,1011464,RW37,31.0,8.0,13.676344,14.32258,32.170967,56.83871,112.7043,69.606766,51.982994,52.53734,final
2023-08-21,2,1011464,RW37,31.0,7.83871,19.86129,20.322582,45.898926,44.03226,93.68279,51.64137,49.75072,49.686737,final
2023-09-01,2,1011464,RW37,31.0,46.677418,37.17312,62.51613,70.710754,88.64516,115.83441,122.5364,89.17641,77.49875,final
2023-09-11,2,1011464,RW37,31.0,45.967743,40.498924,100.48387,97.53333,130.64516,146.44516,112.01967,102.87764,89.56718,final
2023-09-21,2,1011464,RW37,31.0,24.903225,37.984947,117.548386,115.65699,148.54839,176.31828,69.56674,101.56758,84.68445,final
2023-10-01,2,1011464,RW37,31.0,28.612904,48.702152,99.48387,127.18602,169.93549,219.95592,62.59135,79.04305,77.764336,final
2023-10-11,2,1011464,RW37,31.0,45.80645,57.972042,99.32258,144.65913,214.12903,274.36343,80.68096,69.706795,78.43869,final
2023-10-21,2,1011464,RW37,31.0,42.258064,55.82043,116.67742,162.49463,254.54837,324.05054,77.700966,72.64557,78.87797,final
2023-11-01,2,1011464,RW37,31.0,46.967743,57.991398,135.03226,171.78387,297.03226,369.68063,82.49975,79.21099,80.61059,final
2023-11-11,2,1011464,RW37,31.0,47.096775,53.949463,136.32259,167.76129,336.12903,409.95377,88.37532,81.80223,82.20892,final
2023-11-21,2,1011464,RW37,31.0,43.70968,53.00215,137.7742,164.94301,372.0,443.09464,83.97909,84.01299,84.13401,final
2023-12-01,2,1011464,RW37,31.0,23.32258,48.8086,114.129036,155.76021,348.64514,454.7301,52.635788,74.10356,76.924515,final
2023-12-11,2,1011464,RW37,31.0,25.32258,49.215054,92.354836,151.0258,327.99997,463.44623,55.930183,62.39663,71.08606,final
2023-12-21,2,1011464,RW37,31.0,77.77419,57.166668,126.41936,155.19032,380.87097,482.62796,133.14883,82.03951,79.13225,final
2024-01-01,2,1011464,RW37,31.0,42.387096,43.634407,145.48387,148.06667,394.64517,476.29462,97.43533,98.31264,83.03545,final
2024-01-11,2,1011464,RW37,31.0,33.129032,40.14086,153.29031,140.70108,381.96774,459.34515,84.46678,108.64046,83.33623,final
2024-01-21,2,1011464,RW37,31.0,46.967743,45.48172,122.48387,129.25699,386.67743,448.30215,102.94368,94.95511,86.40537,final
2024-02-01,2,1011464,RW37,31.0,14.354838,41.637634,94.45161,127.260216,354.06448,431.68063,41.500473,75.193886,82.225876,final
2024-02-11,2,1011464,RW37,31.0,37.29032,48.801075,98.6129,135.92043,344.25806,425.957,78.60497,73.525826,81.04244,final
2024-02-21,2,1011464,RW37,31.0,13.16129,35.7957,64.80645,126.234406,313.70966,408.54623,44.517654,53.192184,77.067474,final
2024-03-01,2,1011464,RW37,31.0,38.032257,57.088173,88.48387,141.68495,328.41934,417.01184,69.3083,63.731056,79.00711,final
2024-03-11,2,1011464,RW37,31.0,26.258064,46.684948,77.451614,139.56882,329.35483,416.1903,60.47808,57.032784,79.383316,final
2024-03-21,2,1011464,RW37,31.0,54.903225,65.84839,119.19354,169.6215,306.48386,425.1129,84.551285,71.12156,72.41909,final
2024-04-01,2,1011464,RW37,31.0,44.83871,61.329033,126.0,173.86237,308.9355,442.80753,75.1386,73.24068,70.105,final
2024-04-11,2,1011464,RW37,31.0,86.80645,56.97957,186.54839,184.15698,362.6129,459.64624,148.12373,101.26424,79.11673,final
2024-04-21,2,1011464,RW37,31.0,83.51613,55.745163,215.16129,174.05376,399.16132,469.90967,145.71716,122.958206,85.102776,final
2024-05-01,2,1011464,RW37,31.0,42.51613,49.03441,212.8387,161.75914,427.32257,477.30646,87.9368,130.63074,89.63649,final
2024-05-11,2,1011464,RW37,31.0,27.161291,42.4,153.19354,147.17957,417.1935,470.90536,67.85083,103.9519,88.71375,final
2024-05-21,2,1011464,RW37,31.0,19.612904,38.882797,89.29033,130.3172,423.64517,473.99246,56.087814,69.68096,89.488914,final
2024-06-01,2,1011464,RW37,31.0,3.451613,15.021505,50.225807,96.304306,389.06448,431.9258,42.21267,54.514767,90.19025,final
2024-06-11,2,1011464,RW37,31.0,3.483871,9.888172,26.548388,63.792473,366.29028,395.12903,56.98397,45.86023,92.79263,final
2024-06-21,2,1011464,RW37,31.0,3.8064516,8.111828,10.741936,33.021503,315.19354,337.39246,67.164185,41.402718,93.516525,final
2024-07-01,2,1011464,RW37,31.0,5.83871,5.064516,13.129032,23.064516,276.1935,281.12796,107.692314,64.5977,98.275444,final
2024-07-11,2,1011464,RW37,31.0,1.8709677,3.564516,11.5161295,16.74086,191.25807,227.7129,80.22599,75.96815,84.33485,final
2024-07-21,2,1011464,RW37,31.0,2.580645,6.133333,10.290323,14.762365,110.32258,178.10107,68.08963,77.37092,62.983017,final
2024-08-01,2,1011464,RW37,31.0,4.451613,12.36129,8.903226,22.05914,72.258064,141.42796,54.440723,51.380886,52.76182,final
2024-08-11,2,1011464,RW37,31.0,9.67742,13.676344,16.709679,32.170967,54.7742,112.7043,78.58829,58.404934,50.78336,final
2024-08-21,2,1011464,RW37,31.0,16.806452,19.86129,30.935484,45.898926,51.967743,93.68279,87.71247,70.60166,57.72814,final
2024-09-01,2,1011464,RW37,31.0,24.129032,37.17312,50.612904,70.710754,72.64516,115.83441,69.070145,73.45443,64.257484,final
2024-09-11,2,1011464,RW37,31.0,16.935484,40.498924,57.87097,97.53333,86.09677,146.44516,48.210995,61.317593,60.151653,final
2024-09-21,2,1011464,RW37,31.0,63.387096,37.984947,104.451614,115.65699,145.67743,176.31828,159.09546,90.71303,83.10107,final
2024-10-01,2,1011464,RW37,31.0,56.741936,48.702152,137.06451,127.18602,196.58066,219.95592,114.97107,107.47317,89.60896,final
2024-10-11,2,1011464,RW37,31.0,32.548386,57.972042,152.67741,144.65913,227.25807,274.36343,59.627075,105.3577,83.13832,final
2024-10-21,2,1011464,RW37,31.0,59.419353,55.82043,148.70967,162.49463,284.09677,324.05054,105.9173,91.76991,87.857864,final
2024-11-01,2,1011464,RW37,31.0,111.258064,57.991398,203.2258,171.78387,390.90323,369.68063,184.56181,117.785515,105.664185,final
2024-11-11,2,1011464,RW37,31.0,108.6129,53.949463,279.2903,167.76129,489.83868,409.95377,192.72932,164.55672,119.251526,final
2024-11-21,2,1011464,RW37,31.0,95.41936,53.00215,315.29034,164.94301,568.4516,443.09464,173.1304,188.46927,127.975555,final
2024-12-01,2,1011464,RW37,31.0,20.35484,48.8086,224.3871,155.76021,564.6774,454.7301,47.120422,142.68898,123.91563,final
2024-12-11,2,1011464,RW37,31.0,46.935482,49.215054,162.70969,151.0258,594.6774,463.44623,95.79532,107.48843,128.01414,final
2024-12-21,2,1011464,RW37,31.0,53.580647,57.166668,120.87097,155.19032,584.8709,482.62796,94.2316,78.57589,120.967415,final
2025-01-01,2,1011464,RW37,31.0,26.064516,43.634407,126.58064,148.06667,554.19354,476.29462,63.873535,85.96297,116.18529,final
2025-01-11,2,1011464,RW37,31.0,54.967743,40.14086,134.61292,140.70108,576.6129,459.34515,132.84581,95.82147,125.25444,final
2025-01-21,2,1011464,RW37,31.0,50.0,45.48172,131.03226,129.25699,567.1936,448.30215,108.95033,101.322296,126.22786,final
2025-02-01,2,1011464,RW37,31.0,55.419353,41.637634,160.3871,127.260216,511.35483,431.68063,129.55063,125.046745,118.24542,final
2025-02-11,2,1011464,RW37,31.0,55.80645,48.801075,161.2258,135.92043,458.54837,425.957,113.02088,117.957214,107.56255,final
2025-02-21,2,1011464,RW37,31.0,9.451612,35.7957,120.677414,126.234406,372.58063,408.54623,35.42435,95.765594,91.30312,final
2025-03-01,2,1011464,RW37,31.0,31.935484,57.088173,97.19355,141.68495,384.1613,417.01184,59.48876,69.66873,92.21573,final
2025-03-11,2,1011464,RW37,31.0,40.741936,46.684948,82.12903,139.56882,377.96774,416.1903,88.501465,60.268204,90.92511,final
2025-03-21,2,1011464,RW37,31.0,40.935482,65.84839,113.6129,169.6215,365.32257,425.1129,64.83631,67.92571,86.09892,final
2025-04-01,2,1011464,RW37,31.0,73.6129,61.329033,155.29031,173.86237,412.87097,442.80753,118.51959,89.61657,93.314865,final
2025-04-11,2,1011464,RW37,31.0,104.258064,56.97957,218.80646,184.15698,462.16125,459.64624,176.28078,118.31784,100.54127,final
2025-04-21,2,1011464,RW37,31.0,34.51613,55.745163,212.3871,174.05376,446.67737,469.90967,65.05231,121.408844,95.10806,final
2025-05-01,2,1011464,RW37,31.0,76.29032,49.03441,215.06451,161.75914,467.54837,477.30646,150.44177,131.9655,97.97678,final
2025-05-11,2,1011464,RW37,31.0,45.903225,42.4,156.70967,147.17957,457.64514,470.90536,107.39076,106.26241,97.213684,final
2025-05-21,2,1011464,RW37,31.0,15.774194,38.882797,137.96774,130.3172,463.96774,473.99246,47.340176,105.653786,97.90713,final
2025-06-01,2,1011464,RW37,31.0,19.709677,15.021505,81.38709,96.304306,451.74194,431.9258,123.41569,85.27485,104.535355,final
2025-06-11,2,1011464,RW37,31.0,14.67742,9.888172,50.161293,63.792473,425.67746,395.12903,132.16814,80.185074,107.63464,final
2025-06-21,2,1011464,RW37,31.0,13.032258,8.111828,47.419353,33.021503,397.77423,337.39246,137.52664,137.86766,117.635254,final
2025-07-01,2,1011464,RW37,31.0,4.548387,5.064516,32.258064,23.064516,328.70972,281.12796,94.8718,132.75862,116.62954,final
2025-07-11,2,1011464,RW37,31.0,6.677419,3.564516,24.258064,16.74086,231.12901,227.7129,136.34651,134.57639,101.46796,final
2025-07-21,2,1011464,RW37,31.0,3.387097,6.133333,14.612904,14.762365,199.99998,178.10107,75.3332,99.243706,111.960014,final
2025-08-01,2,1011464,RW37,31.0,39.935482,12.36129,50.0,22.05914,163.64516,141.42796,258.8257,203.25848,115.17278,final
2025-08-11,2,1011464,RW37,31.0,66.41936,13.676344,109.741936,32.170967,184.1613,112.7043,382.40546,308.68698,160.70892,final
2025-08-21,2,1011464,RW37,31.0,18.419355,19.86129,124.7742,45.898926,186.80644,93.68279,94.20008,254.96452,194.36665,final
2025-09-01,2,1011464,RW37,31.0,22.193548,37.17312,107.032265,70.710754,189.29031,115.83441,64.48077,147.97404,160.79056,final
2025-09-11,2,1011464,RW37,31.0,32.870968,40.498924,73.48387,97.53333,207.48387,146.44516,83.23486,76.54474,140.30417,final
2025-09-21,2,1011464,RW37,31.0,16.838709,37.984947,71.90322,115.65699,211.29033,176.31828,50.80548,63.737064,119.28766,final
2025-10-01,2,1011464,RW37,31.0,66.09677,48.702152,115.80645,127.18602,272.8387,219.95592,132.39091,91.39125,123.50807,final
2025-10-11,2,1011464,RW37,31.0,39.064518,57.972042,122.0,144.65913,305.2258,274.36343,69.97473,84.859505,111.047386,final
2025-10-21,2,1011464,RW37,31.0,50.80645,55.82043,155.96774,162.49463,352.64517,324.05054,91.756096,96.103226,108.69005,final
2025-11-01,2,1011464,RW37,31.0,39.83871,57.991398,129.70969,171.78387,352.5484,369.68063,71.182274,76.20021,95.42751,final
2025-11-11,2,1011464,RW37,31.0,61.967743,53.949463,152.6129,167.76129,348.09677,409.95377,113.60196,91.231606,85.09304,final
2025-11-21,2,1011464,RW37,31.0,79.48387,53.00215,181.29033,164.94301,409.16132,443.09464,145.65645,109.61929,92.4272,final
2025-12-01,2,1011464,RW37,31.0,46.741936,48.8086,188.19354,155.76021,433.70972,454.7301,96.159225,120.17498,95.427666,final
2025-12-11,2,1011464,RW37,31.0,44.935482,49.215054,171.16129,151.0258,445.77423,463.44623,92.10631,112.90523,96.22752,final
2025-12-21,2,1011464,RW37,31.0,85.58064,57.166668,177.25806,155.19032,514.5161,482.62796,145.70613,113.77595,106.539444,final
2026-01-01,2,1011464,RW37,31.0,94.22581,43.634407,224.74194,148.06667,542.6452,476.29462,204.02388,150.09273,113.78585,final
2026-01-11,2,1011464,RW37,31.0,18.419355,40.14086,198.22581,140.70108,522.0,459.34515,51.88061,139.48134,113.49317,final
2026-01-21,2,1011464,RW37,31.0,115.51613,45.48172,228.16129,129.25699,586.70966,448.30215,238.73222,173.6679,130.53317,final
2026-02-01,2,1011464,RW37,31.0,46.70968,41.637634,180.64517,127.260216,593.58057,431.68063,110.87543,140.36357,137.07513,final
2026-02-11,2,1011464,RW37,31.0,29.483871,48.801075,191.70967,135.92043,561.09674,425.957,64.09513,139.58917,131.35805,final
2026-02-21,2,1011464,RW37,31.0,38.16129,35.7957,114.35484,126.234406,519.7742,408.54623,105.79863,90.94783,126.89613,final
2026-03-01,2,1011464,RW37,31.0,58.419353,57.088173,126.064514,141.68495,531.4516,417.01184,102.14401,89.35103,127.11767,prelim
2026-03-11,2,1011464,RW37,31.0,56.129032,46.684948,152.70967,139.56882,542.64514,416.1903,118.272415,109.08968,130.02321,prelim
2026-03-21,2,1011464,RW37,31.0,52.225807,65.84839,166.7742,169.6215,509.2903,425.1129,80.77221,98.369446,119.57099,prelim
2026-04-01,2,1011464,RW37,31.0,42.774193,61.329033,151.12903,173.86237,457.8387,442.80753,72.02607,87.29004,103.35662,prelim
2026-04-11,2,1011464,RW37,31.0,58.48387,56.97957,153.48387,184.15698,497.9032,459.64624,102.427086,83.78431,108.233574,forecast
2022-01-01,2,1011465,RW21,22.0,14.090909,31.28788,108.09091,101.874245,361.2727,346.83182,52.6096,105.8168,104.104485,final
2022-01-11,2,1011465,RW21,22.0,70.27273,29.981817,137.68182,102.66061,365.2273,336.90152,215.1767,132.52928,108.284775,final
2022-01-21,2,1011465,RW21,22.0,36.045456,34.05909,120.409096,95.32879,344.68182,329.8894,105.08554,124.998116,104.41711,final
2022-02-01,2,1011465,RW21,22.0,41.454544,30.751514,147.77274,94.79243,349.63635,313.5212,129.93729,153.09052,111.33838,final
2022-02-11,2,1011465,RW21,22.0,70.72727,36.68485,148.22726,101.49545,387.63632,310.67877,181.66618,143.88152,124.37844,final
2022-02-21,2,1011465,RW21,22.0,32.045456,26.225758,144.22726,93.662125,375.63635,291.79697,118.63749,151.25081,128.24806,final
2022-03-01,2,1011465,RW21,22.0,31.227272,46.83485,134.0,109.74545,389.86362,306.4121,69.88979,121.1377,126.797775,final
2022-03-11,2,1011465,RW21,22.0,63.954544,38.419697,127.22727,111.4803,413.13635,315.63635,158.80936,113.51899,130.40828,final
2022-03-21,2,1011465,RW21,22.0,32.0,56.866665,127.181816,142.12122,391.81818,331.11212,59.806038,89.84552,118.06126,final
2022-04-01,2,1011465,RW21,22.0,24.318182,57.57727,120.27273,152.86363,402.04547,357.40152,46.851166,79.35503,112.318924,final
2022-04-11,2,1011465,RW21,22.0,53.409092,51.70909,109.72728,166.15303,385.1818,379.12878,102.99776,67.03199,101.57578,final
2022-04-21,2,1011465,RW21,22.0,88.72727,48.1803,166.45454,157.46666,437.8636,393.25,176.24434,105.53214,111.20241,final
2022-05-01,2,1011465,RW21,22.0,22.727272,43.284847,164.86365,143.17424,419.13635,405.78333,57.424377,114.63777,103.250626,final
2022-05-11,2,1011465,RW21,22.0,13.636364,38.369698,125.09091,129.83485,362.0454,407.46817,42.970936,96.48167,88.98757,final
2022-05-21,2,1011465,RW21,22.0,97.22727,32.274242,133.59091,113.92879,427.22723,413.51666,274.25714,116.532684,103.27599,final
2022-06-01,2,1011465,RW21,22.0,5.318182,9.30303,116.181816,79.94697,401.31815,375.98486,72.13983,142.65585,106.64942,final
2022-06-11,2,1011465,RW21,22.0,2.6818182,3.8454545,105.22727,45.42273,340.04547,341.4106,86.84481,218.60632,99.60592,final
2022-06-21,2,1011465,RW21,22.0,3.4545455,2.4045455,11.454546,15.55303,311.50003,286.9485,114.18048,80.05898,108.409546,final
2022-07-01,2,1011465,RW21,22.0,1.1818181,1.9363637,7.318182,8.186363,288.36368,231.30757,89.12189,93.41606,124.14485,final
2022-07-11,2,1011465,RW21,22.0,1.3181819,0.9727273,5.9545455,5.3136363,236.27272,180.57121,105.78387,106.21419,130.01625,final
2022-07-21,2,1011465,RW21,22.0,3.5454545,2.419697,6.0454545,5.328788,151.09091,134.81061,115.172554,106.93853,111.64454,final
2022-08-01,2,1011465,RW21,22.0,5.0,6.6666665,9.863636,10.059091,133.36363,98.19242,85.714294,98.70209,134.08315,final
2022-08-11,2,1011465,RW21,22.0,5.318182,8.145454,13.863636,17.231817,125.045456,67.968185,78.49239,84.849724,178.22214,final
2022-08-21,2,1011465,RW21,22.0,32.31818,12.465152,42.63636,27.277273,60.13636,48.159092,213.67223,147.58482,122.53098,final
2022-09-01,2,1011465,RW21,22.0,11.727273,22.013636,49.363632,42.62424,66.545456,60.869698,61.921585,114.15118,108.61665,final
2022-09-11,2,1011465,RW21,22.0,20.772728,22.762121,64.81818,57.24091,84.63636,79.78636,92.834145,112.174095,105.72026,final
2022-09-21,2,1011465,RW21,22.0,24.454546,25.212122,56.954544,69.98788,105.63636,102.59394,97.49248,82.61941,102.82769,final
2022-10-01,2,1011465,RW21,22.0,24.636364,34.409092,69.86363,82.38333,129.09091,135.06667,75.20184,85.67267,95.733635,final
2022-10-11,2,1011465,RW21,22.0,20.5,39.57424,69.59091,99.19545,148.27272,173.66818,57.20793,71.587494,85.78624,final
2022-10-21,2,1011465,RW21,22.0,42.090908,40.96364,87.22727,114.94697,186.81818,212.21213,102.45253,76.89004,88.30914,final
2022-11-01,2,1011465,RW21,22.0,31.772728,47.548485,94.36363,128.08636,213.59091,253.09393,69.97867,74.66102,84.69433,final
2022-11-11,2,1011465,RW21,22.0,60.18182,39.298485,134.04546,127.81061,268.45456,284.24698,147.14233,104.69454,94.54016,final
2022-11-21,2,1011465,RW21,22.0,58.863636,44.727272,150.81818,131.57425,295.00003,316.5091,128.4278,114.090454,93.30997,final
2022-12-01,2,1011465,RW21,22.0,45.454544,35.772728,164.5,119.798485,328.7273,330.2682,123.74581,135.81895,99.5404,final
2022-12-11,2,1011465,RW21,22.0,29.681818,30.33788,134.0,110.837875,337.6364,337.84393,98.143456,119.99529,99.93947,final
2022-12-21,2,1011465,RW21,22.0,37.954544,41.110607,113.090904,107.221214,351.13635,353.74243,93.15545,105.23046,99.27355,final
2023-01-01,2,1011465,RW21,22.0,26.181818,31.28788,93.81818,101.874245,352.68182,346.83182,85.929016,92.462105,101.662735,final
2023-01-11,2,1011465,RW21,22.0,74.0,29.981817,138.13635,102.66061,406.18182,336.90152,225.8316,132.95146,120.26323,final
2023-01-21,2,1011465,RW21,22.0,62.409092,34.05909,162.59091,95.32879,426.5,329.8894,172.58232,167.0417,128.84851,final
2023-02-01,2,1011465,RW21,22.0,7.681818,30.751514,144.09091,94.79243,402.4091,313.5212,35.472115,149.40103,127.90642,final
2023-02-11,2,1011465,RW21,22.0,7.5,36.68485,77.59091,101.49545,349.72726,310.67877,29.986916,77.55347,112.36969,final
2023-02-21,2,1011465,RW21,22.0,26.272728,26.225758,41.454544,93.662125,317.13638,291.79697,100.15042,47.084473,108.53763,final
2023-03-01,2,1011465,RW21,22.0,22.0,46.83485,55.772728,109.74545,293.68182,306.4121,52.088505,52.963085,95.91208,final
2023-03-11,2,1011465,RW21,22.0,79.36364,38.419697,127.63637,111.4803,343.36365,315.63635,194.2981,113.87022,108.64758,final
2023-03-21,2,1011465,RW21,22.0,57.18182,56.866665,158.54546,142.12122,362.59094,331.11212,100.50941,111.16375,109.36557,final
2023-04-01,2,1011465,RW21,22.0,64.681816,57.57727,201.22726,152.86363,401.09094,357.40152,111.35324,130.63634,112.05553,final
2023-04-11,2,1011465,RW21,22.0,62.045456,51.70909,183.90909,166.15303,389.13635,379.12878,118.22699,110.37438,102.60526,final
2023-04-21,2,1011465,RW21,22.0,95.13636,48.1803,221.86363,157.46666,421.86365,393.25,188.29596,139.63704,107.18485,final
2023-05-01,2,1011465,RW21,22.0,86.40909,43.284847,243.59091,143.17424,500.5909,405.78333,189.31216,167.76932,123.079704,final
2023-05-11,2,1011465,RW21,22.0,16.363636,38.369698,197.90907,129.83485,509.45456,407.46817,49.25936,150.4871,124.72589,final
2023-05-21,2,1011465,RW21,22.0,15.272727,32.274242,118.04545,113.92879,498.45453,413.51666,54.388035,103.46146,120.294975,final
2023-06-01,2,1011465,RW21,22.0,2.4545455,9.30303,34.090908,79.94697,478.9091,375.98486,52.11865,46.018013,127.015305,final
2023-06-11,2,1011465,RW21,22.0,1.3181819,3.8454545,19.045454,45.42273,400.86365,341.4106,71.42857,47.68773,117.16258,final
2023-06-21,2,1011465,RW21,22.0,1.3181819,2.4045455,5.0909095,15.55303,345.0,286.9485,85.328415,49.096947,119.88417,final
2023-07-01,2,1011465,RW21,22.0,0.95454544,1.9363637,3.5909092,8.186363,281.27277,231.30757,85.845345,65.14995,121.14414,final
2023-07-11,2,1011465,RW21,22.0,0.6818182,0.9727273,2.9545455,5.3136363,219.90906,180.57121,95.12937,77.12649,121.19825,final
2023-07-21,2,1011465,RW21,22.0,1.0,2.419697,2.6363635,5.328788,125.77272,134.81061,80.86584,73.932816,93.53562,final
2023-08-01,2,1011465,RW21,22.0,2.0454545,6.6666665,3.7272727,10.059091,41.40909,98.19242,60.389614,57.953518,44.97335,final
2023-08-11,2,1011465,RW21,22.0,2.5454545,8.145454,5.590909,17.231817,27.590908,67.968185,57.399727,47.63852,44.664543,final
2023-08-21,2,1011465,RW21,22.0,3.4545455,12.465152,8.045454,27.277273,15.772728,48.159092,48.408085,40.416836,39.076527,final
2023-09-01,2,1011465,RW21,22.0,20.545454,22.013636,26.545454,42.62424,33.863636,60.869698,94.56503,66.23823,59.00078,final
2023-09-11,2,1011465,RW21,22.0,37.136364,22.762121,61.136364,57.24091,69.68182,79.78636,151.77646,106.25868,88.08235,final
2023-09-21,2,1011465,RW21,22.0,19.0,25.212122,76.681816,69.98788,87.36363,102.59394,79.43831,108.92669,85.84464,final
2023-10-01,2,1011465,RW21,22.0,17.5,34.409092,73.63637,82.38333,103.90909,135.06667,57.093422,89.99012,77.75518,final
2023-10-11,2,1011465,RW21,22.0,51.454544,39.57424,87.954544,99.19545,154.68182,173.66818,126.65284,89.211716,89.3734,final
2023-10-21,2,1011465,RW21,22.0,27.272728,40.96364,96.22727,114.94697,180.95456,212.21213,70.21361,84.39336,85.60966,final
2023-11-01,2,1011465,RW21,22.0,37.272728,47.548485,116.0,128.08636,216.18182,253.09393,80.44519,90.9184,85.69819,final
2023-11-11,2,1011465,RW21,22.0,42.0,39.298485,106.545456,127.81061,255.63638,284.24698,106.098434,83.988365,90.10859,final
2023-11-21,2,1011465,RW21,22.0,41.454544,44.727272,120.72727,131.57425,293.63635,316.5091,93.41865,92.057816,92.88582,final
2023-12-01,2,1011465,RW21,22.0,20.727272,35.772728,104.181816,119.798485,293.8182,330.2682,63.099216,87.486496,89.12811,final
2023-12-11,2,1011465,RW21,22.0,22.272728,30.33788,84.454544,110.837875,278.95456,337.84393,77.17703,77.223915,82.82327,final
2023-12-21,2,1011465,RW21,22.0,70.77273,41.110607,113.77273,107.221214,330.7273,353.74243,164.32819,105.838036,93.584496,final
2024-01-01,2,1011465,RW21,22.0,25.09091,31.28788,118.13637,101.874245,338.3182,346.83182,82.92276,115.216125,97.58021,final
2024-01-11,2,1011465,RW21,22.0,27.227272,29.981817,123.09091,102.66061,314.0909,336.90152,92.12577,118.97658,93.32831,final
2024-01-21,2,1011465,RW21,22.0,36.136364,34.05909,88.454544,95.32879,322.95453,329.8894,105.31828,93.148285,97.92921,final
2024-02-01,2,1011465,RW21,22.0,21.727272,30.751514,85.09091,94.79243,307.40906,313.5212,74.75844,90.278305,98.081085,final
2024-02-11,2,1011465,RW21,22.0,34.727272,36.68485,92.59091,101.49545,300.13635,310.67877,95.30386,91.63857,96.6604,final
2024-02-21,2,1011465,RW21,22.0,11.045455,26.225758,67.5,93.662125,269.72726,291.79697,51.38532,73.483116,92.56404,final
2024-03-01,2,1011465,RW21,22.0,26.045454,46.83485,71.818184,109.74545,275.04547,306.4121,59.893013,66.9466,89.92761,final
2024-03-11,2,1011465,RW21,22.0,21.09091,38.419697,58.181816,111.4803,273.86365,315.63635,60.090034,54.242493,86.97194,final
2024-03-21,2,1011465,RW21,22.0,38.636364,56.866665,85.77273,142.12122,241.72728,331.11212,70.53292,61.699276,73.40624,final
2024-04-01,2,1011465,RW21,22.0,53.0,57.57727,112.72727,152.86363,269.63635,357.40152,92.68541,74.5753,75.78234,final
2024-04-11,2,1011465,RW21,22.0,56.18182,51.70909,147.81819,166.15303,298.5909,379.12878,107.887146,89.28746,79.03362,final
2024-04-21,2,1011465,RW21,22.0,119.045456,48.1803,228.22728,157.46666,381.5,393.25,233.25453,143.55394,97.04959,final
2024-05-01,2,1011465,RW21,22.0,48.590908,43.284847,223.81819,143.17424,408.36365,405.78333,110.98908,154.42508,100.62815,final
2024-05-11,2,1011465,RW21,22.0,17.318182,38.369698,184.95454,129.83485,390.95456,407.46817,51.46031,140.87941,95.99639,final
2024-05-21,2,1011465,RW21,22.0,8.0,32.274242,73.90909,113.92879,387.9091,413.51666,34.87663,66.34986,93.88135,final
2024-06-01,2,1011465,RW21,22.0,2.8636363,9.30303,28.181818,79.94697,364.72726,375.98486,54.978813,39.061802,97.04513,final
2024-06-11,2,1011465,RW21,22.0,1.6818181,3.8454545,12.545454,45.42273,345.3182,341.4106,75.53957,34.796715,101.12802,final
2024-06-21,2,1011465,RW21,22.0,1.3181819,2.4045455,5.8636365,15.55303,308.0,286.9485,85.328415,52.856617,107.21069,final
2024-07-01,2,1011465,RW21,22.0,1.1363636,1.9363637,4.1363635,8.186363,256.13635,231.30757,88.466576,69.28646,110.50697,final
2024-07-11,2,1011465,RW21,22.0,0.36363637,0.9727273,2.818182,5.3136363,200.31818,180.57121,89.80213,75.80431,110.64118,final
2024-07-21,2,1011465,RW21,22.0,0.8636364,2.419697,2.3636365,5.328788,82.13637,134.81061,79.02798,71.29236,62.324577,final
2024-08-01,2,1011465,RW21,22.0,2.1363637,6.6666665,3.3636365,10.059091,35.681816,98.19242,61.16884,55.538784,39.42326,final
2024-08-11,2,1011465,RW21,22.0,4.181818,8.145454,7.181818,17.231817,22.545454,67.968185,69.847855,54.79452,37.74995,final
2024-08-21,2,1011465,RW21,22.0,11.954545,12.465152,18.272728,27.277273,26.5,48.159092,97.076416,72.102516,59.25609,final
2024-09-01,2,1011465,RW21,22.0,14.5,22.013636,30.636364,42.62424,38.136364,60.869698,72.18577,74.8282,65.48742,final
2024-09-11,2,1011465,RW21,22.0,6.6363635,22.762121,33.090908,57.24091,43.090908,79.78636,41.914536,61.199154,56.720097,final
2024-09-21,2,1011465,RW21,22.0,44.363636,25.212122,65.5,69.98788,86.13637,102.59394,163.39017,94.0152,84.703995,final
2024-10-01,2,1011465,RW21,22.0,52.5,34.409092,103.5,82.38333,137.5,135.06667,145.90541,124.16556,101.737274,final
2024-10-11,2,1011465,RW21,22.0,50.045456,39.57424,146.90909,99.19545,187.18182,173.66818,123.49162,145.79243,107.563545,final
2024-10-21,2,1011465,RW21,22.0,33.81818,40.96364,136.36363,114.94697,220.13637,212.21213,84.45411,117.85511,103.64816,final
2024-11-01,2,1011465,RW21,22.0,92.818184,47.548485,176.68182,128.08636,310.81818,253.09393,186.14844,136.51422,122.36559,final
2024-11-11,2,1011465,RW21,22.0,95.318184,39.298485,221.95456,127.81061,401.95453,284.24698,226.45963,170.88588,140.69447,final
2024-11-21,2,1011465,RW21,22.0,104.27273,44.727272,292.4091,131.57425,494.27274,316.5091,219.74406,217.76366,155.29039,final
2024-12-01,2,1011465,RW21,22.0,17.863636,35.772728,217.45454,119.798485,497.63638,330.2682,56.075806,178.25099,149.92068,final
2024-12-11,2,1011465,RW21,22.0,20.0,30.33788,142.13637,110.837875,511.0,337.84393,70.74562,127.019226,150.5058,final
2024-12-21,2,1011465,RW21,22.0,46.545456,41.110607,84.40909,107.221214,513.1818,353.74243,111.786545,79.67218,144.44397,final
2025-01-01,2,1011465,RW21,22.0,6.7272725,31.28788,73.27273,101.874245,467.4091,346.83182,32.317326,73.23816,134.27127,final
2025-01-11,2,1011465,RW21,22.0,37.136364,29.981817,90.40909,102.66061,454.50003,336.90152,120.45218,88.62024,134.39543,final
2025-01-21,2,1011465,RW21,22.0,49.727272,34.05909,93.59091,95.32879,470.40906,329.8894,140.11404,98.267815,141.96,final
2025-02-01,2,1011465,RW21,22.0,45.863636,30.751514,132.72726,94.79243,423.45453,313.5212,142.26987,138.01375,134.51366,final
2025-02-11,2,1011465,RW21,22.0,19.09091,36.68485,114.68182,101.49545,347.2273,310.67877,57.79297,112.3821,111.57776,final
2025-02-21,2,1011465,RW21,22.0,3.590909,26.225758,68.545456,93.662125,246.54546,291.79697,27.512253,74.54274,84.75338,final
2025-03-01,2,1011465,RW21,22.0,15.045455,46.83485,37.727276,109.74545,243.72726,306.4121,38.671772,37.236576,79.87077,final
2025-03-11,2,1011465,RW21,22.0,33.18182,38.419697,51.818184,111.4803,256.9091,315.63635,87.93663,48.77922,81.68415,final
2025-03-21,2,1011465,RW21,22.0,35.909092,56.866665,84.13637,142.12122,246.27274,331.11212,66.12461,60.587025,74.758606,final
2025-04-01,2,1011465,RW21,22.0,62.045456,57.57727,131.13637,152.86363,301.5909,357.40152,107.14027,86.23669,84.599785,final
2025-04-11,2,1011465,RW21,22.0,58.227272,51.70909,156.18182,166.15303,322.68182,379.12878,111.494064,94.1741,85.3052,final
2025-04-21,2,1011465,RW21,22.0,112.954544,48.1803,233.22726,157.46666,385.90912,393.25,221.80118,146.63148,98.156715,final
2025-05-01,2,1011465,RW21,22.0,51.772728,43.284847,222.95456,143.17424,391.8182,405.78333,117.578766,153.84224,96.60037,final
2025-05-11,2,1011465,RW21,22.0,37.31818,38.369698,202.04544,129.83485,410.04544,407.46817,97.575455,153.55484,100.62483,final
2025-05-21,2,1011465,RW21,22.0,18.181818,32.274242,107.27273,113.92879,424.63638,413.51666,62.192596,94.40333,102.65694,final
2025-06-01,2,1011465,RW21,22.0,12.409091,9.30303,67.90909,79.94697,422.0,375.98486,121.7161,85.82895,112.07794,final
2025-06-11,2,1011465,RW21,22.0,12.727273,3.8454545,43.31818,45.42273,401.54544,341.4106,200.4111,95.82619,117.35941,final
2025-06-21,2,1011465,RW21,22.0,4.2272725,2.4045455,29.363636,15.55303,369.86362,286.9485,124.61631,167.19499,128.4006,final
2025-07-01,2,1011465,RW21,22.0,1.8636364,1.9363637,18.818182,8.186363,309.68182,231.30757,98.95151,180.62738,133.1662,final
2025-07-11,2,1011465,RW21,22.0,0.90909094,0.9727273,7.0,5.3136363,252.36363,180.57121,98.93455,116.35081,138.68727,final
2025-07-21,2,1011465,RW21,22.0,2.1818182,2.419697,4.9545455,5.328788,141.59091,134.81061,96.79395,96.37671,104.84964,final
2025-08-01,2,1011465,RW21,22.0,13.818182,6.6666665,16.909092,10.059091,103.63636,98.19242,161.29872,145.48749,105.27552,final
2025-08-11,2,1011465,RW21,22.0,21.09091,8.145454,37.09091,17.231817,87.409096,67.968185,198.47856,189.32736,126.64299,final
2025-08-21,2,1011465,RW21,22.0,5.2272725,12.465152,40.136364,27.277273,74.45455,48.159092,58.55816,139.83945,149.46559,final
2025-09-01,2,1011465,RW21,22.0,12.363636,22.013636,38.681816,42.62424,74.40909,60.869698,64.277306,91.72181,120.5548,final
2025-09-11,2,1011465,RW21,22.0,26.0,22.762121,43.590908,57.24091,87.68182,79.78636,111.66293,78.069084,109.31219,final
2025-09-21,2,1011465,RW21,22.0,12.681818,25.212122,51.045456,69.98788,96.13636,102.59394,58.525574,74.73936,93.99819,final
2025-10-01,2,1011465,RW21,22.0,33.863636,34.409092,72.545456,82.38333,128.13637,135.06667,98.61591,88.7417,95.05214,final
2025-10-11,2,1011465,RW21,22.0,23.227272,39.57424,69.77273,99.19545,150.45456,173.66818,63.32642,71.76199,87.00741,final
2025-10-21,2,1011465,RW21,22.0,78.318184,40.96364,135.40909,114.94697,226.59091,212.21213,181.26978,117.0593,106.61969,final
2025-11-01,2,1011465,RW21,22.0,49.409092,47.548485,150.95454,128.08636,262.1818,253.09393,103.54074,117.18296,103.52114,final
2025-11-11,2,1011465,RW21,22.0,31.727272,39.298485,159.45456,127.81061,272.81818,284.24698,82.908646,123.82637,96.048775,final
2025-11-21,2,1011465,RW21,22.0,25.181818,44.727272,106.318184,131.57425,292.77274,316.5091,60.694702,81.50745,92.6172,final
2025-12-01,2,1011465,RW21,22.0,35.18182,35.772728,92.09091,119.798485,315.5909,330.2682,98.55073,77.79815,95.62223,final
2025-12-11,2,1011465,RW21,22.0,35.81818,30.33788,96.18182,110.837875,325.4091,337.84393,115.50829,87.347786,96.373024,final
2025-12-21,2,1011465,RW21,22.0,57.68182,41.110607,128.68182,107.221214,370.4091,353.74243,135.93796,119.12348,104.64586,final
2026-01-01,2,1011465,RW21,22.0,65.63636,31.28788,159.13635,101.874245,402.18182,346.83182,194.65552,153.57896,115.73196,final
2026-01-11,2,1011465,RW21,22.0,40.090908,29.981817,163.40909,102.66061,419.04547,336.90152,128.89812,156.42592,124.02562,final
2026-01-21,2,1011465,RW21,22.0,76.545456,34.05909,182.27272,95.32879,417.2727,329.8894,208.7746,186.659,126.093185,final
2026-02-01,2,1011465,RW21,22.0,34.590908,30.751514,151.22728,94.79243,402.45456,313.5212,110.73911,156.55225,127.9207,final
2026-02-11,2,1011465,RW21,22.0,23.454546,36.68485,134.59091,101.49545,394.18182,310.67877,68.26112,131.07687,126.45191,final
2026-02-21,2,1011465,RW21,22.0,25.636364,26.225758,83.68182,93.662125,394.63635,291.79697,98.11247,89.88436,134.64973,final
2026-03-01,2,1011465,RW21,22.0,46.5,46.83485,95.59091,109.74545,405.95453,306.4121,99.354004,87.6644,131.96484,prelim
2026-03-11,2,1011465,RW21,22.0,41.090908,38.419697,113.22728,111.4803,411.22726,315.63635,106.15207,101.49981,129.81287,prelim
2026-03-21,2,1011465,RW21,22.0,47.363636,56.866665,134.95454,142.12122,400.9091,331.11212,84.6395,95.12872,120.765976,prelim
2026-04-01,2,1011465,RW21,22.0,23.5,57.57727,111.954544,152.86363,358.77274,357.40152,45.543694,74.08581,100.37837,prelim
2026-04-11,2,1011465,RW21,22.0,47.18182,51.70909,118.045456,166.15303,365.86365,379.12878,92.01667,71.892075,96.5467,forecast
2022-01-01,2,1011466,RW11,2.0,10.5,23.4,95.0,83.4,306.5,319.78333,54.577465,113.12216,95.910095,final
2022-01-11,2,1011466,RW11,2.0,50.0,22.683332,112.5,81.03333,315.0,304.4,198.6755,136.57497,103.425995,final
2022-01-21,2,1011466,RW11,2.0,28.0,27.033333,88.5,73.11667,290.5,288.26666,103.017685,119.692764,100.761536,final
2022-02-01,2,1011466,RW11,2.0,38.0,30.116667,116.0,79.833336,310.5,271.6,122.44897,142.6326,114.06363,final
2022-02-11,2,1011466,RW11,2.0,71.0,35.716667,137.0,92.86667,345.5,269.81668,186.65575,145.09537,127.539566,final
2022-02-21,2,1011466,RW11,2.0,40.5,27.15,149.5,92.98333,337.5,252.56667,141.5241,157.67989,132.9753,final
2022-03-01,2,1011466,RW11,2.0,40.0,48.466667,151.5,111.333336,362.5,274.56668,84.16459,134.52722,131.45343,final
2022-03-11,2,1011466,RW11,2.0,53.0,41.116665,133.5,116.73333,383.0,290.63333,125.76798,113.77328,131.24365,final
2022-03-21,2,1011466,RW11,2.0,30.0,58.933334,123.0,148.51666,361.0,314.61667,54.744522,83.37857,114.51217,final
2022-04-01,2,1011466,RW11,2.0,29.0,54.85,112.0,154.9,379.5,346.06668,56.808693,73.17073,109.52335,final
2022-04-11,2,1011466,RW11,2.0,61.0,49.533333,120.0,163.31667,390.5,372.91666,121.0269,74.26478,104.6527,final
2022-04-21,2,1011466,RW11,2.0,82.5,44.866665,172.5,149.25,445.0,390.75,175.46793,115.07293,113.70815,final
2022-05-01,2,1011466,RW11,2.0,20.0,38.033333,163.5,132.43333,427.0,398.66666,58.0945,122.6049,107.019,final
2022-05-11,2,1011466,RW11,2.0,8.5,34.916668,111.0,117.816666,364.5,397.86667,33.820457,94.44972,91.71769,final
2022-05-21,2,1011466,RW11,2.0,77.5,27.516666,106.0,100.46667,401.5,398.23334,253.71603,105.24652,100.81012,final
2022-06-01,2,1011466,RW11,2.0,2.5,9.516666,88.5,71.95,364.0,359.28333,51.664753,121.50748,101.29478,final
2022-06-11,2,1011466,RW11,2.0,2.5,4.1666665,82.5,41.2,313.5,322.33334,81.818184,189.39394,97.30142,final
2022-06-21,2,1011466,RW11,2.0,2.5,3.1666667,7.5,16.85,286.0,266.56668,91.83673,57.208233,107.156006,final
2022-07-01,2,1011466,RW11,2.0,1.5,2.4166667,6.5,9.75,258.5,214.13333,87.64045,77.9661,120.24642,final
2022-07-11,2,1011466,RW11,2.0,1.0,1.65,5.0,7.233333,198.5,166.25,90.22556,81.743866,118.83211,final
2022-07-21,2,1011466,RW11,2.0,3.5,3.1333334,6.0,7.2,119.5,124.51667,104.508194,90.16393,96.126625,final
2022-08-01,2,1011466,RW11,2.0,4.5,8.866667,9.0,13.65,104.0,95.35,68.50961,75.067024,108.619835,final
2022-08-11,2,1011466,RW11,2.0,13.0,11.333333,21.0,23.333334,108.5,71.76667,110.20409,91.76471,147.85062,final
2022-08-21,2,1011466,RW11,2.0,39.0,14.316667,56.5,34.516666,70.0,58.566666,227.78258,155.63054,117.98637,final
2022-09-01,2,1011466,RW11,2.0,6.0,23.866667,58.0,49.516666,73.5,72.916664,38.106236,115.561,100.74867,final
2022-09-11,2,1011466,RW11,2.0,29.5,24.883333,74.5,63.066666,100.5,93.63333,115.44897,116.79726,106.96181,final
2022-09-21,2,1011466,RW11,2.0,16.0,25.316668,51.5,74.066666,114.0,115.78333,69.26883,71.45869,98.52353,final
2022-10-01,2,1011466,RW11,2.0,15.5,32.25,61.0,82.45,128.0,145.61667,55.033558,75.4717,88.303635,final
2022-10-11,2,1011466,RW11,2.0,13.5,38.516666,45.0,96.083336,140.5,182.48334,42.512447,49.464138,77.606895,final
2022-10-21,2,1011466,RW11,2.0,38.5,42.55,67.5,113.316666,175.5,221.9,91.48265,61.276237,79.55046,final
2022-11-01,2,1011466,RW11,2.0,23.5,46.783333,75.5,127.85,194.5,259.81668,55.037014,60.594654,75.33514,final
2022-11-11,2,1011466,RW11,2.0,58.0,36.85,120.0,126.183334,239.5,285.33334,150.53764,95.28649,84.21355,final
2022-11-21,2,1011466,RW11,2.0,50.0,44.35,131.5,127.98333,250.5,315.36667,111.44884,102.64444,79.752365,final
2022-12-01,2,1011466,RW11,2.0,41.0,29.533333,149.0,110.73333,285.5,321.03333,133.20464,133.06451,89.10132,final
2022-12-11,2,1011466,RW11,2.0,40.5,26.316668,131.5,100.2,296.5,322.46667,145.29004,129.75285,92.070435,final
2022-12-21,2,1011466,RW11,2.0,43.0,33.85,124.5,89.7,323.5,331.0,123.55213,136.74763,97.76786,final
2023-01-01,2,1011466,RW11,2.0,17.5,23.4,101.0,83.4,325.5,319.78333,79.22536,119.9095,101.76015,final
2023-01-11,2,1011466,RW11,2.0,43.0,22.683332,103.5,81.03333,355.0,304.4,173.38953,126.113914,116.35424,final
2023-01-21,2,1011466,RW11,2.0,44.5,27.033333,105.0,73.11667,361.0,288.26666,154.52654,140.81502,124.80109,final
2023-02-01,2,1011466,RW11,2.0,6.0,30.116667,93.5,79.833336,343.5,271.6,31.324158,116.110016,125.99422,final
2023-02-11,2,1011466,RW11,2.0,5.0,35.716667,55.5,92.86667,290.5,269.81668,24.559967,61.8188,107.52622,final
2023-02-21,2,1011466,RW11,2.0,24.0,27.15,35.0,92.98333,264.5,252.56667,90.20217,40.823273,104.63312,final
2023-03-01,2,1011466,RW11,2.0,22.0,48.466667,51.0,111.333336,245.5,274.56668,50.498753,48.137535,89.60295,final
2023-03-11,2,1011466,RW11,2.0,83.5,41.116665,129.5,116.73333,288.5,290.63333,191.90459,110.487404,99.27838,final
2023-03-21,2,1011466,RW11,2.0,59.5,58.933334,165.0,148.51666,305.0,314.61667,100.88633,110.73717,96.99119,final
2023-04-01,2,1011466,RW11,2.0,65.0,54.85,208.0,154.9,352.5,346.06668,116.95907,133.20827,101.83251,final
2023-04-11,2,1011466,RW11,2.0,53.0,49.533333,177.5,163.31667,362.5,372.91666,106.356964,108.42658,97.24366,final
2023-04-21,2,1011466,RW11,2.0,53.0,44.866665,171.0,149.25,371.0,390.75,116.310165,114.100494,95.009476,final
2023-05-01,2,1011466,RW11,2.0,60.0,38.033333,166.0,132.43333,425.0,398.66666,151.0457,124.42396,106.52354,final
2023-05-11,2,1011466,RW11,2.0,10.0,34.916668,123.0,117.816666,430.0,397.86667,37.57829,104.220375,107.97617,final
2023-05-21,2,1011466,RW11,2.0,18.5,27.516666,88.5,100.46667,424.5,398.23334,72.27063,88.6536,106.514015,final
2023-06-01,2,1011466,RW11,2.0,1.0,9.516666,29.5,71.95,403.5,359.28333,41.331802,44.83431,112.137985,final
2023-06-11,2,1011466,RW11,2.0,1.0,4.1666665,20.5,41.2,321.0,322.33334,65.45455,55.19481,99.59267,final
2023-06-21,2,1011466,RW11,2.0,1.0,3.1666667,3.0,16.85,262.5,266.56668,73.46938,36.61327,98.50251,final
2023-07-01,2,1011466,RW11,2.0,1.0,2.4166667,3.0,9.75,198.5,214.13333,80.89887,54.23729,92.86584,final
2023-07-11,2,1011466,RW11,2.0,1.0,1.65,3.0,7.233333,146.5,166.25,90.22556,65.395096,88.46715,final
2023-07-21,2,1011466,RW11,2.0,1.0,3.1333334,3.0,7.2,94.5,124.51667,73.77049,65.57377,76.8241,final
2023-08-01,2,1011466,RW11,2.0,1.5,8.866667,3.5,13.65,36.0,95.35,46.875,45.57641,40.857002,final
2023-08-11,2,1011466,RW11,2.0,1.5,11.333333,4.0,23.333334,27.5,71.76667,39.79592,31.764704,42.336082,final
2023-08-21,2,1011466,RW11,2.0,2.0,14.316667,5.0,34.516666,11.0,58.566666,36.238136,25.305779,25.170425,final
2023-09-01,2,1011466,RW11,2.0,16.0,23.866667,19.5,49.516666,26.0,72.916664,72.74827,44.940384,39.7861,final
2023-09-11,2,1011466,RW11,2.0,43.5,24.883333,61.5,63.066666,68.5,93.63333,162.29782,97.69833,74.51842,final
2023-09-21,2,1011466,RW11,2.0,12.5,25.316668,72.0,74.066666,80.0,115.78333,57.724022,97.38618,70.37395,final
2023-10-01,2,1011466,RW11,2.0,15.5,32.25,71.5,82.45,94.5,145.61667,55.033558,87.47856,66.061745,final
2023-10-11,2,1011466,RW11,2.0,39.5,38.516666,67.5,96.083336,133.0,182.48334,102.259674,71.723,73.60654,final
2023-10-21,2,1011466,RW11,2.0,25.5,42.55,80.5,113.316666,157.5,221.9,64.143005,72.2637,71.617455,final
2023-11-01,2,1011466,RW11,2.0,35.0,46.783333,100.0,127.85,191.0,259.81668,77.244934,79.03651,74.013466,final
2023-11-11,2,1011466,RW11,2.0,36.5,36.85,97.0,126.183334,226.0,285.33334,99.16368,77.75378,79.56372,final
2023-11-21,2,1011466,RW11,2.0,47.0,44.35,118.5,127.98333,271.0,315.36667,105.369804,92.868774,86.15128,final
2023-12-01,2,1011466,RW11,2.0,23.5,29.533333,107.0,110.73333,278.5,321.03333,82.52896,96.7742,86.9543,final
2023-12-11,2,1011466,RW11,2.0,22.0,26.316668,92.5,100.2,257.0,322.46667,86.216064,92.68061,80.00814,final
2023-12-21,2,1011466,RW11,2.0,57.5,33.85,103.0,89.7,302.0,331.0,160.87517,114.04436,91.36904,final
2024-01-01,2,1011466,RW11,2.0,17.0,23.4,96.5,83.4,303.5,319.78333,77.46479,114.819,94.986404,final
2024-01-11,2,1011466,RW11,2.0,20.0,22.683332,94.5,81.03333,284.0,304.4,90.307045,115.65285,93.40659,final
2024-01-21,2,1011466,RW11,2.0,27.0,27.033333,64.0,73.11667,285.5,288.26666,99.89594,88.32942,99.05661,final
2024-02-01,2,1011466,RW11,2.0,15.0,30.116667,62.0,79.833336,265.5,271.6,56.953014,78.978386,97.79465,final
2024-02-11,2,1011466,RW11,2.0,24.0,35.716667,66.0,92.86667,253.0,269.81668,71.2239,72.54768,93.88077,final
2024-02-21,2,1011466,RW11,2.0,12.0,27.15,51.0,92.98333,218.0,252.56667,52.877132,57.15258,86.57953,final
2024-03-01,2,1011466,RW11,2.0,27.5,48.466667,63.5,111.333336,222.0,274.56668,60.785538,58.882523,81.19709,final
2024-03-11,2,1011466,RW11,2.0,20.5,41.116665,60.0,116.73333,220.5,290.63333,55.294544,53.3954,76.276924,final
2024-03-21,2,1011466,RW11,2.0,38.0,58.933334,86.0,148.51666,201.0,314.61667,67.25756,59.27695,64.45221,final
2024-04-01,2,1011466,RW11,2.0,63.0,54.85,121.5,154.9,247.0,346.06668,113.617386,79.111946,71.781235,final
2024-04-11,2,1011466,RW11,2.0,61.5,49.533333,162.5,163.31667,288.5,372.91666,121.94377,99.51481,77.66263,final
2024-04-21,2,1011466,RW11,2.0,86.0,44.866665,210.5,149.25,347.5,390.75,182.48665,139.70827,89.07138,final
2024-05-01,2,1011466,RW11,2.0,45.5,38.033333,193.0,132.43333,378.0,398.66666,117.35089,144.06985,94.880264,final
2024-05-11,2,1011466,RW11,2.0,4.5,34.916668,136.0,117.816666,358.5,397.86667,23.799582,114.80527,90.22836,final
2024-05-21,2,1011466,RW11,2.0,3.5,27.516666,53.5,100.46667,350.0,398.23334,26.140442,55.467762,88.03835,final
2024-06-01,2,1011466,RW11,2.0,1.5,9.516666,9.5,71.95,324.0,359.28333,44.77612,18.843405,90.314316,final
2024-06-11,2,1011466,RW11,2.0,1.0,4.1666665,6.0,41.2,304.5,322.33334,65.45455,23.809525,94.55193,final
2024-06-21,2,1011466,RW11,2.0,1.0,3.1666667,3.5,16.85,267.5,266.56668,73.46938,38.9016,100.34368,final
2024-07-01,2,1011466,RW11,2.0,1.0,2.4166667,3.0,9.75,205.5,214.13333,80.89887,54.23729,96.06024,final
2024-07-11,2,1011466,RW11,2.0,1.0,1.65,3.0,7.233333,145.0,166.25,90.22556,65.395096,87.59124,final
2024-07-21,2,1011466,RW11,2.0,1.0,3.1333334,3.0,7.2,60.0,124.51667,73.77049,65.57377,50.186592,final
2024-08-01,2,1011466,RW11,2.0,2.5,8.866667,4.5,13.65,17.0,95.35,54.086536,50.93834,21.92327,final
2024-08-11,2,1011466,RW11,2.0,8.5,11.333333,12.0,23.333334,21.0,71.76667,82.65307,59.999996,33.868866,final
2024-08-21,2,1011466,RW11,2.0,15.0,14.316667,26.0,34.516666,32.5,58.566666,103.53754,78.447914,58.993183,final
2024-09-01,2,1011466,RW11,2.0,8.5,23.866667,32.0,49.516666,39.5,72.916664,46.766743,67.86915,57.1123,final
2024-09-11,2,1011466,RW11,2.0,6.5,24.883333,30.0,63.066666,45.0,93.63333,38.48299,51.420177,50.692802,final
2024-09-21,2,1011466,RW11,2.0,48.0,25.316668,63.0,74.066666,92.0,115.78333,174.82133,86.00337,80.30909,final
2024-10-01,2,1011466,RW11,2.0,28.5,32.25,83.0,82.45,119.5,145.61667,89.93289,100.62894,82.66017,final
2024-10-11,2,1011466,RW11,2.0,58.5,38.516666,135.0,96.083336,177.0,182.48334,145.9211,138.49959,97.075294,final
2024-10-21,2,1011466,RW11,2.0,21.0,42.55,108.0,113.316666,197.0,221.9,54.679287,95.50641,89.026,final
2024-11-01,2,1011466,RW11,2.0,59.0,46.783333,138.5,127.85,253.5,259.81668,123.59189,108.01655,97.6147,final
2024-11-11,2,1011466,RW11,2.0,74.0,36.85,154.0,126.183334,319.0,285.33334,188.76942,121.20442,111.595856,final
2024-11-21,2,1011466,RW11,2.0,110.5,44.35,243.5,127.98333,414.5,315.36667,234.04254,186.86552,130.94371,final
2024-12-01,2,1011466,RW11,2.0,19.0,29.533333,203.5,110.73333,425.0,321.03333,69.49807,180.15553,131.88835,final
2024-12-11,2,1011466,RW11,2.0,25.0,26.316668,154.5,100.2,443.5,322.46667,95.79563,151.61598,136.96051,final
2024-12-21,2,1011466,RW11,2.0,37.5,33.85,81.5,89.7,433.0,331.0,109.39511,91.34108,130.35715,final
2025-01-01,2,1011466,RW11,2.0,4.5,23.4,67.0,83.4,409.0,319.78333,33.450706,81.44797,127.4696,final
2025-01-11,2,1011466,RW11,2.0,25.0,22.683332,67.0,81.03333,375.5,304.4,108.368454,83.68849,122.979965,final
2025-01-21,2,1011466,RW11,2.0,41.5,27.033333,71.0,73.11667,396.0,288.26666,145.1613,97.290375,136.73561,final
2025-02-01,2,1011466,RW11,2.0,30.5,30.116667,97.0,79.833336,367.5,271.6,101.0916,120.235756,134.67099,final
2025-02-11,2,1011466,RW11,2.0,20.0,35.716667,92.0,92.86667,313.5,269.81668,61.399918,99.11444,115.89544,final
2025-02-21,2,1011466,RW11,2.0,3.0,27.15,53.5,92.98333,206.0,252.56667,24.883358,59.704037,81.92055,final
2025-03-01,2,1011466,RW11,2.0,14.0,48.466667,37.0,111.333336,201.0,274.56668,35.53616,36.10315,73.68546,final
2025-03-11,2,1011466,RW11,2.0,33.0,41.116665,50.0,116.73333,209.0,290.63333,82.39971,45.18072,72.38697,final
2025-03-21,2,1011466,RW11,2.0,31.0,58.933334,78.0,148.51666,202.5,314.61667,56.30866,54.065792,64.921524,final
2025-04-01,2,1011466,RW11,2.0,52.0,54.85,116.0,154.9,250.0,346.06668,95.2381,75.6723,72.63577,final
2025-04-11,2,1011466,RW11,2.0,67.0,49.533333,150.0,163.31667,292.0,372.91666,132.02934,92.088326,78.58875,final
2025-04-21,2,1011466,RW11,2.0,102.0,44.866665,221.0,149.25,352.5,390.75,214.57219,146.5154,90.33481,final
2025-05-01,2,1011466,RW11,2.0,45.0,38.033333,214.0,132.43333,367.0,398.66666,116.189,159.34999,92.15525,final
2025-05-11,2,1011466,RW11,2.0,29.0,34.916668,176.0,117.816666,376.0,397.86667,85.17745,147.37415,94.572235,final
2025-05-21,2,1011466,RW11,2.0,30.5,27.516666,104.5,100.46667,403.5,398.23334,109.17479,103.82427,101.30611,final
2025-06-01,2,1011466,RW11,2.0,7.5,9.516666,67.0,71.95,397.0,359.28333,86.107925,93.56726,110.35366,final
2025-06-11,2,1011466,RW11,2.0,18.0,4.1666665,56.0,41.2,382.0,322.33334,250.90912,132.03464,118.2281,final
2025-06-21,2,1011466,RW11,2.0,4.5,3.1666667,30.0,16.85,355.5,266.56668,116.32652,160.18306,132.74825,final
2025-07-01,2,1011466,RW11,2.0,2.5,2.4166667,25.0,9.75,306.0,214.13333,101.1236,203.38983,141.92273,final
2025-07-11,2,1011466,RW11,2.0,1.5,1.65,8.5,7.233333,240.5,166.25,97.744354,110.35422,143.35767,final
2025-07-21,2,1011466,RW11,2.0,1.0,3.1333334,5.0,7.2,139.5,124.51667,73.77049,81.96722,111.56866,final
2025-08-01,2,1011466,RW11,2.0,17.0,8.866667,19.5,13.65,111.5,95.35,158.65384,131.3673,116.09367,final
2025-08-11,2,1011466,RW11,2.0,24.0,11.333333,42.0,23.333334,106.5,71.76667,177.55103,165.88235,145.24533,final
2025-08-21,2,1011466,RW11,2.0,4.5,14.316667,45.5,34.516666,80.5,58.566666,49.180332,127.79418,134.50446,final
2025-09-01,2,1011466,RW11,2.0,9.5,23.866667,38.0,49.516666,82.5,72.916664,50.230946,78.87496,112.29947,final
2025-09-11,2,1011466,RW11,2.0,24.5,24.883333,38.5,63.066666,89.0,93.63333,98.71724,63.907932,95.30247,final
2025-09-21,2,1011466,RW11,2.0,11.0,25.316668,45.0,74.066666,95.5,115.78333,52.77625,63.237774,83.20685,final
2025-10-01,2,1011466,RW11,2.0,43.0,32.25,78.5,82.45,136.0,145.61667,128.85905,95.48314,93.615135,final
2025-10-11,2,1011466,RW11,2.0,20.0,38.516666,74.0,96.083336,154.5,182.48334,57.449253,78.153336,85.07423,final
2025-10-21,2,1011466,RW11,2.0,70.5,42.55,133.5,113.316666,224.0,221.9,158.78023,117.05874,100.925514,final
2025-11-01,2,1011466,RW11,2.0,48.0,46.783333,138.5,127.85,255.0,259.81668,102.34953,108.01655,98.18113,final
2025-11-11,2,1011466,RW11,2.0,25.5,36.85,144.0,126.183334,256.5,285.33334,72.87933,113.581505,90.068886,final
2025-11-21,2,1011466,RW11,2.0,17.5,44.35,91.0,127.98333,269.5,315.36667,45.59271,72.1895,85.683075,final
2025-12-01,2,1011466,RW11,2.0,23.0,29.533333,66.0,110.73333,283.0,321.03333,81.08108,61.347927,88.33453,final
2025-12-11,2,1011466,RW11,2.0,28.5,26.316668,69.0,100.2,287.0,322.46667,106.97179,70.34221,89.16938,final
2025-12-21,2,1011466,RW11,2.0,68.5,33.85,120.0,89.7,344.5,331.0,189.1892,131.99579,104.01785,final
2026-01-01,2,1011466,RW11,2.0,55.0,23.4,152.0,83.4,356.5,319.78333,211.26761,177.6018,111.30498,final
2026-01-11,2,1011466,RW11,2.0,25.5,22.683332,149.0,81.03333,362.0,304.4,110.1746,179.0004,118.61668,final
2026-01-21,2,1011466,RW11,2.0,61.0,27.033333,141.5,73.11667,352.5,288.26666,206.03537,187.54,121.9027,final
2026-02-01,2,1011466,RW11,2.0,32.0,30.116667,118.5,79.833336,336.5,271.6,105.36307,145.57956,123.463486,final
2026-02-11,2,1011466,RW11,2.0,30.0,35.716667,123.0,92.86667,341.0,269.81668,85.959885,130.79019,125.90211,final
2026-02-21,2,1011466,RW11,2.0,19.5,27.15,81.5,92.98333,343.0,252.56667,76.205284,88.28032,135.11066,final
2026-03-01,2,1011466,RW11,2.0,59.5,48.466667,109.0,111.333336,379.5,274.56668,120.63592,97.99427,137.53427,prelim
2026-03-11,2,1011466,RW11,2.0,44.5,41.116665,123.5,116.73333,395.5,290.63333,107.33647,105.5586,135.47186,prelim
2026-03-21,2,1011466,RW11,2.0,46.5,58.933334,150.5,148.51666,373.5,314.61667,80.55266,101.29193,118.42312,prelim
2026-04-01,2,1011466,RW11,2.0,22.0,54.85,113.0,154.9,340.5,346.06668,45.11278,73.79612,98.41435,prelim
2026-04-11,2,1011466,RW11,2.0,48.5,49.533333,117.0,163.31667,363.5,372.91666,98.10513,72.48242,97.50827,forecast
2022-01-01,2,1011467,RW23,33.0,35.696968,46.51717,147.06061,150.50809,440.5454,478.58182,78.9969,97.78309,92.13444,final
2022-01-11,2,1011467,RW23,33.0,77.242424,45.650505,175.72726,148.5697,450.36362,468.48587,162.37236,117.6842,96.17259,final
2022-01-21,2,1011467,RW23,33.0,64.93939,47.935352,177.87878,140.10303,453.48486,462.3414,132.12228,126.033745,98.10491,final
2022-02-01,2,1011467,RW23,33.0,46.151516,44.39293,188.33334,137.97879,445.24243,445.86264,103.5604,135.2182,99.86244,final
2022-02-11,2,1011467,RW23,33.0,99.06061,50.542423,210.15152,142.87071,511.63635,442.05557,187.35338,145.49976,115.56424,final
2022-02-21,2,1011467,RW23,33.0,38.696968,36.950504,183.90909,131.88586,503.24243,422.8909,104.163155,138.00482,118.77852,final
2022-03-01,2,1011467,RW23,33.0,36.121212,53.29596,173.87878,140.7889,509.27274,429.27576,70.5387,122.69713,118.42077,final
2022-03-11,2,1011467,RW23,33.0,72.48485,44.034344,147.30302,134.2808,533.1818,425.72122,158.02158,109.34961,124.94899,final
2022-03-21,2,1011467,RW23,33.0,52.60606,67.41818,161.21213,164.74849,523.0,436.73737,79.5464,97.9167,119.52803,final
2022-04-01,2,1011467,RW23,33.0,33.060608,74.12828,158.15152,185.58081,520.36365,464.34848,48.09988,85.60753,111.93466,final
2022-04-11,2,1011467,RW23,33.0,82.84849,65.70101,168.51517,207.24747,525.96967,484.399,124.25351,81.75134,108.49423,final
2022-04-21,2,1011467,RW23,33.0,63.696968,66.67576,179.60606,206.50505,524.72723,503.1394,95.84408,87.28211,104.248405,final
2022-05-01,2,1011467,RW23,33.0,20.121212,51.19192,166.66667,183.56868,498.69696,509.9384,44.706093,91.03668,97.81694,final
2022-05-11,2,1011467,RW23,33.0,28.636364,40.835354,112.454544,158.70303,428.2727,500.2313,73.3852,71.74854,85.75729,final
2022-05-21,2,1011467,RW23,33.0,86.242424,41.579796,135.0,133.60707,475.81818,504.8606,195.88412,101.004944,94.303856,final
2022-06-01,2,1011467,RW23,33.0,4.818182,10.984848,119.69697,93.4,444.51514,462.5495,61.421806,126.72456,96.14279,final
2022-06-11,2,1011467,RW23,33.0,2.7575758,5.2090907,93.818184,57.77374,374.78787,423.72424,75.98694,157.41962,88.58559,final
2022-06-21,2,1011467,RW23,33.0,5.030303,4.151515,12.606061,20.345455,327.21213,360.45758,109.60265,69.46437,90.90306,final
2022-07-01,2,1011467,RW23,33.0,3.5757575,2.9262626,11.363636,12.286869,297.72726,289.25555,108.19422,94.65934,102.879036,final
2022-07-11,2,1011467,RW23,33.0,2.3333333,1.7494949,10.939393,8.827272,217.2121,225.30405,108.6501,115.27504,96.486404,final
2022-07-21,2,1011467,RW23,33.0,9.575758,3.979798,15.484849,8.655556,163.0909,162.60808,162.3172,150.0111,100.28807,final
2022-08-01,2,1011467,RW23,33.0,9.848485,9.211111,21.757576,14.940404,152.81818,120.62727,104.48503,134.18773,125.62413,final
2022-08-11,2,1011467,RW23,33.0,6.939394,11.30101,26.363638,24.491919,131.12123,91.092926,73.24328,106.34655,141.65582,final
2022-08-21,2,1011467,RW23,33.0,49.757576,16.00303,66.545456,36.515152,94.63637,65.51616,260.71274,172.33577,141.29579,final
2022-09-01,2,1011467,RW23,33.0,20.181818,26.014141,76.878784,53.31818,110.0,80.545456,81.19463,140.4001,134.43146,final
2022-09-11,2,1011467,RW23,33.0,31.030304,28.526262,100.969696,70.543434,138.27274,103.862625,107.4689,140.27652,131.60875,final
2022-09-21,2,1011467,RW23,33.0,24.39394,28.525253,75.606064,83.06566,157.63637,128.23636,87.67701,91.5295,122.066055,final
2022-10-01,2,1011467,RW23,33.0,31.212122,44.284847,86.63637,101.336365,185.27272,169.59496,73.47516,86.17595,108.97951,final
2022-10-11,2,1011467,RW23,33.0,22.242424,56.828285,77.84849,129.63838,205.18182,224.67374,44.061424,61.534077,91.513214,final
2022-10-21,2,1011467,RW23,33.0,78.969696,53.39192,132.42424,154.50505,274.57578,274.08585,143.80363,86.15667,100.175545,final
2022-11-01,2,1011467,RW23,33.0,69.878784,61.248486,171.09091,171.46869,334.60605,326.12323,113.02715,99.78593,102.56183,final
2022-11-11,2,1011467,RW23,33.0,75.06061,53.590908,223.90909,168.23131,402.72726,368.41315,136.6434,132.14072,109.189316,final
2022-11-21,2,1011467,RW23,33.0,47.151516,54.99495,192.09091,169.83435,400.12122,407.40506,86.926506,112.73009,98.23381,final
2022-12-01,2,1011467,RW23,33.0,44.030304,48.132324,166.24243,156.71819,423.9697,429.52322,92.27961,105.889404,98.721924,final
2022-12-11,2,1011467,RW23,33.0,52.090908,49.223232,143.27274,152.35051,445.0303,450.2202,105.28865,94.23086,98.85991,final
2022-12-21,2,1011467,RW23,33.0,71.0,56.634342,167.12122,153.9899,491.63638,478.32928,123.307884,108.25922,102.75321,final
2023-01-01,2,1011467,RW23,33.0,32.090908,46.51717,155.18182,150.50809,492.51517,478.58182,71.99718,103.005455,102.88128,final
2023-01-11,2,1011467,RW23,33.0,95.454544,45.650505,198.54546,148.5697,565.7273,468.48587,198.32881,132.54272,120.53734,final
2023-01-21,2,1011467,RW23,33.0,83.606064,47.935352,211.15152,140.10303,570.36365,462.3414,167.38542,148.96417,123.114204,final
2023-02-01,2,1011467,RW23,33.0,19.878788,44.39293,198.93939,137.97879,520.36365,445.86264,50.369133,142.63612,116.5241,final
2023-02-11,2,1011467,RW23,33.0,21.39394,50.542423,124.878784,142.87071,466.697,442.05557,47.520325,87.832664,105.51194,final
2023-02-21,2,1011467,RW23,33.0,36.666668,36.950504,77.93939,131.88586,456.21216,422.8909,99.3234,60.59018,107.78732,final
2023-03-01,2,1011467,RW23,33.0,38.363636,53.29596,96.42424,140.7889,450.54547,429.27576,74.38532,69.569244,104.89775,final
2023-03-11,2,1011467,RW23,33.0,62.909092,44.034344,137.93939,134.2808,461.36365,425.72122,138.4929,102.62676,108.275055,final
2023-03-21,2,1011467,RW23,33.0,86.06061,67.41818,187.33334,164.74849,476.42426,436.73737,125.742744,113.304886,108.98427,final
2023-04-01,2,1011467,RW23,33.0,101.42424,74.12828,250.39394,185.58081,545.75757,464.34848,134.49583,134.00821,117.34513,final
2023-04-11,2,1011467,RW23,33.0,61.454544,65.70101,248.93939,207.24747,511.75757,484.399,93.99377,119.64307,105.59023,final
2023-04-21,2,1011467,RW23,33.0,108.72727,66.67576,271.60605,206.50505,536.8788,503.1394,158.6691,130.77988,106.63979,final
2023-05-01,2,1011467,RW23,33.0,114.0,51.19192,284.18182,183.56868,631.0,509.9384,211.7742,153.35623,123.50993,final
2023-05-11,2,1011467,RW23,33.0,25.818182,40.835354,248.54544,158.70303,635.42426,500.2313,67.2367,154.88133,126.75862,final
2023-05-21,2,1011467,RW23,33.0,17.333334,41.579796,157.1515,133.60707,616.0908,504.8606,47.946396,116.98645,121.81581,final
2023-06-01,2,1011467,RW23,33.0,1.7878788,10.984848,44.939396,93.4,579.51514,462.5495,42.46446,50.75142,125.01674,final
2023-06-11,2,1011467,RW23,33.0,1.6060606,5.2090907,20.727272,57.77374,518.21216,423.72424,64.70763,40.984135,122.03932,final
2023-06-21,2,1011467,RW23,33.0,2.6060605,4.151515,6.0,20.345455,434.75754,360.45758,83.11259,43.400284,120.330666,final
2023-07-01,2,1011467,RW23,33.0,1.6060606,2.9262626,5.8181815,12.286869,334.93936,289.25555,83.34395,62.58034,115.52521,final
2023-07-11,2,1011467,RW23,33.0,1.0,1.7494949,5.212121,8.827272,274.4848,225.30405,88.89554,73.85492,121.35471,final
2023-07-21,2,1011467,RW23,33.0,1.5757576,3.979798,4.181818,8.655556,167.33333,162.60808,73.22834,67.2387,102.81923,final
2023-08-01,2,1011467,RW23,33.0,3.5151515,9.211111,6.090909,14.940404,56.848484,120.62727,59.918976,55.62028,49.23173,final
2023-08-11,2,1011467,RW23,33.0,4.151515,11.30101,9.242424,24.491919,35.181816,91.092926,56.140785,48.292633,41.815582,final
2023-08-21,2,1011467,RW23,33.0,4.5151515,16.00303,12.181818,36.515152,22.363636,65.51616,45.303707,41.38686,38.80477,final
2023-09-01,2,1011467,RW23,33.0,35.333332,26.014141,44.0,53.31818,55.90909,80.545456,130.0482,84.02183,71.20085,final
2023-09-11,2,1011467,RW23,33.0,38.484848,28.526262,78.33333,70.543434,92.78787,103.862625,129.70384,110.311806,89.82685,final
2023-09-21,2,1011467,RW23,33.0,25.242424,28.525253,99.0606,83.06566,115.42424,128.23636,90.20789,118.16251,90.38392,final
2023-10-01,2,1011467,RW23,33.0,32.696968,44.284847,96.42424,101.336365,146.51515,169.59496,76.487946,95.38058,86.780945,final
2023-10-11,2,1011467,RW23,33.0,51.424244,56.828285,109.36363,129.63838,196.93939,224.67374,91.2596,84.94133,87.92446,final
2023-10-21,2,1011467,RW23,33.0,47.0,53.39192,131.12122,154.50505,242.36363,274.08585,89.05342,85.33975,88.63352,final
2023-11-01,2,1011467,RW23,33.0,68.030304,61.248486,166.45454,171.46869,306.87878,326.12323,110.23693,97.15862,94.18813,final
2023-11-11,2,1011467,RW23,33.0,40.515152,53.590908,155.54546,168.23131,343.24243,368.41315,77.68296,92.67693,93.259285,final
2023-11-21,2,1011467,RW23,33.0,53.939392,54.99495,162.48485,169.83435,392.66663,407.40506,98.24059,95.7963,96.42622,final
2023-12-01,2,1011467,RW23,33.0,28.09091,48.132324,122.545456,156.71819,385.42422,429.52322,62.28019,78.86896,89.85117,final
2023-12-11,2,1011467,RW23,33.0,28.151516,49.223232,110.18182,152.35051,375.0909,450.2202,61.13895,73.20079,83.496056,final
2023-12-21,2,1011467,RW23,33.0,91.72727,56.634342,147.9697,153.9899,441.57578,478.32928,156.9373,96.21346,92.39577,final
2024-01-01,2,1011467,RW23,33.0,38.484848,46.51717,158.36363,150.50809,447.36365,478.58182,84.408455,105.05153,93.54439,final
2024-01-11,2,1011467,RW23,33.0,40.81818,45.650505,171.0303,148.5697,436.75757,468.48587,90.45947,114.62567,93.298996,final
2024-01-21,2,1011467,RW23,33.0,51.575756,47.935352,130.87878,140.10303,441.3333,462.3414,106.877075,93.64297,95.50477,final
2024-02-01,2,1011467,RW23,33.0,13.757576,44.39293,106.15151,137.97879,387.0606,445.86264,37.97624,77.73986,86.957886,final
2024-02-11,2,1011467,RW23,33.0,28.454546,50.542423,93.78787,142.87071,375.0,442.05557,60.232418,66.80692,85.00062,final
2024-02-21,2,1011467,RW23,33.0,15.757576,36.950504,57.969696,131.88586,336.81818,422.8909,49.481113,46.001606,79.88442,final
2024-03-01,2,1011467,RW23,33.0,28.69697,53.29596,72.90909,140.7889,337.42422,429.27576,57.80327,53.43966,78.84949,final
2024-03-11,2,1011467,RW23,33.0,25.60606,44.034344,70.06061,134.2808,334.87878,425.72122,62.417595,53.891563,78.909225,final
2024-03-21,2,1011467,RW23,33.0,61.333332,67.41818,115.63637,164.74849,304.48486,436.73737,91.59762,71.06772,70.06083,final
2024-04-01,2,1011467,RW23,33.0,65.969696,74.12828,152.90909,185.58081,331.96973,464.34848,89.68942,82.856766,71.795204,final
2024-04-11,2,1011467,RW23,33.0,118.36364,65.70101,245.66666,207.24747,409.51514,484.399,174.48639,118.101135,84.698814,final
2024-04-21,2,1011467,RW23,33.0,121.0,66.67576,305.33334,206.50505,478.9394,503.1394,175.79166,146.72621,95.237526,final
2024-05-01,2,1011467,RW23,33.0,55.39394,51.19192,294.7576,183.56868,520.57574,509.9384,107.477974,158.96468,102.065765,final
2024-05-11,2,1011467,RW23,33.0,25.0,40.835354,201.39394,158.70303,517.1212,500.2313,65.45166,126.07826,103.34301,final
2024-05-21,2,1011467,RW23,33.0,16.727272,41.579796,97.12121,133.60707,518.09094,504.8606,46.64527,73.676765,102.5949,final
2024-06-01,2,1011467,RW23,33.0,2.0,10.984848,43.727272,93.4,491.39395,462.5495,43.79147,49.519585,106.16928,final
2024-06-11,2,1011467,RW23,33.0,1.6363636,5.2090907,20.363636,57.77374,467.42422,423.72424,65.00445,40.40485,110.19302,final
2024-06-21,2,1011467,RW23,33.0,2.121212,4.151515,5.7575755,20.345455,408.21213,360.45758,77.81457,42.443806,113.067055,final
2024-07-01,2,1011467,RW23,33.0,2.6060605,2.9262626,6.363636,12.286869,344.84848,289.25555,95.960236,65.73565,118.89274,final
2024-07-11,2,1011467,RW23,33.0,0.969697,1.7494949,5.6969695,8.827272,227.45456,225.30405,88.44657,77.36139,100.93377,final
2024-07-21,2,1011467,RW23,33.0,1.3030303,3.979798,4.878788,8.655556,107.757576,162.60808,70.19122,72.34263,67.27454,final
2024-08-01,2,1011467,RW23,33.0,3.8181818,9.211111,6.090909,14.940404,56.181816,120.62727,62.05132,55.62028,48.70106,final
2024-08-11,2,1011467,RW23,33.0,5.4848485,11.30101,10.60606,24.491919,36.666664,91.092926,64.32024,52.916397,43.3608,final
2024-08-21,2,1011467,RW23,33.0,10.424242,16.00303,19.727272,36.515152,30.363636,65.51616,73.43817,59.56204,50.149693,final
2024-09-01,2,1011467,RW23,33.0,12.272727,26.014141,28.181816,53.31818,40.636364,80.545456,55.693073,56.897896,53.347504,final
2024-09-11,2,1011467,RW23,33.0,9.121212,28.526262,31.81818,70.543434,48.121212,103.862625,42.119854,48.737762,48.796555,final
2024-09-21,2,1011467,RW23,33.0,57.727272,28.525253,79.121216,83.06566,103.72727,128.23636,187.10455,95.52102,81.604805,final
2024-10-01,2,1011467,RW23,33.0,43.666668,44.284847,110.51515,101.336365,144.78789,169.59496,98.745705,108.631836,85.79165,final
2024-10-11,2,1011467,RW23,33.0,53.030304,56.828285,154.42424,129.63838,196.84848,224.67374,93.85721,118.4092,87.88488,final
2024-10-21,2,1011467,RW23,33.0,68.606064,53.39192,165.30304,154.50505,264.15152,274.08585,126.05523,106.769684,96.44041,final
2024-11-01,2,1011467,RW23,33.0,124.57576,61.248486,246.21213,171.46869,384.90912,326.12323,195.59052,142.35507,117.75348,final
2024-11-11,2,1011467,RW23,33.0,119.606064,53.590908,312.7879,168.23131,499.03033,368.41315,212.67133,183.44716,134.97928,final
2024-11-21,2,1011467,RW23,33.0,97.72727,54.99495,341.9091,169.83435,586.3334,407.40506,171.22653,198.42159,143.38654,final
2024-12-01,2,1011467,RW23,33.0,28.69697,48.132324,246.03032,156.71819,602.7576,429.52322,63.420845,155.22702,139.8677,final
2024-12-11,2,1011467,RW23,33.0,42.757576,49.223232,169.18182,152.35051,636.394,450.2202,88.07586,110.6967,140.8975,final
2024-12-21,2,1011467,RW23,33.0,54.484848,56.634342,125.93939,153.9899,633.15155,478.32928,96.51251,82.35705,132.03247,final
2025-01-01,2,1011467,RW23,33.0,17.030304,46.51717,114.27273,150.50809,606.51514,478.58182,42.763035,76.69873,126.45537,final
2025-01-11,2,1011467,RW23,33.0,65.51515,45.650505,137.0303,148.5697,619.0,468.48587,139.21904,92.485886,131.78851,final
2025-01-21,2,1011467,RW23,33.0,55.727272,47.935352,138.27274,140.10303,606.1212,462.3414,114.71969,98.73863,130.76547,final
2025-02-01,2,1011467,RW23,33.0,52.333332,44.39293,173.57576,137.97879,533.87885,445.86264,116.07599,124.89668,119.521736,final
2025-02-11,2,1011467,RW23,33.0,42.060608,50.542423,150.12122,142.87071,456.33334,442.05557,84.729126,104.90327,103.19373,final
2025-02-21,2,1011467,RW23,33.0,5.6666665,36.950504,100.0606,131.88586,364.27274,422.8909,25.426786,76.75051,86.300674,final
2025-03-01,2,1011467,RW23,33.0,22.424242,53.29596,70.15152,140.7889,358.0,429.27576,47.043125,51.548176,83.58744,final
2025-03-11,2,1011467,RW23,33.0,39.030304,44.034344,67.121216,134.2808,354.2727,425.72122,89.79483,51.78116,83.41189,final
2025-03-21,2,1011467,RW23,33.0,41.18182,67.41818,102.63637,164.74849,340.96973,436.73737,63.771027,63.40932,78.32023,final
2025-04-01,2,1011467,RW23,33.0,93.333336,74.12828,173.54547,185.58081,417.27274,464.34848,124.27078,93.68492,89.96998,final
2025-04-11,2,1011467,RW23,33.0,100.393936,65.70101,234.90909,207.24747,452.15155,484.399,149.06992,113.03272,93.410805,final
2025-04-21,2,1011467,RW23,33.0,77.666664,66.67576,271.39392,206.50505,474.0909,503.1394,115.3342,130.67958,94.28336,final
2025-05-01,2,1011467,RW23,33.0,78.181816,51.19192,256.24243,183.56868,499.93942,509.9384,148.03163,138.53967,98.05823,final
2025-05-11,2,1011467,RW23,33.0,38.696968,40.835354,194.54544,158.70303,496.57578,500.2313,95.33464,121.894775,99.27647,final
2025-05-21,2,1011467,RW23,33.0,17.151516,41.579796,134.0303,133.60707,508.0606,504.8606,47.55606,100.30534,100.627625,final
2025-06-01,2,1011467,RW23,33.0,13.424242,10.984848,69.27273,93.4,499.0606,462.5495,115.26066,75.480415,107.80903,final
2025-06-11,2,1011467,RW23,33.0,6.3636365,5.2090907,36.939396,57.77374,466.39395,423.72424,111.30899,66.81042,109.95271,final
2025-06-21,2,1011467,RW23,33.0,4.5454545,4.151515,24.333332,20.345455,429.75757,360.45758,104.304634,115.734085,118.962524,final
2025-07-01,2,1011467,RW23,33.0,2.060606,2.9262626,12.969697,12.286869,338.48486,289.25555,89.07862,103.949974,116.73012,final
2025-07-11,2,1011467,RW23,33.0,2.0,1.7494949,8.60606,8.827272,240.0909,225.30405,103.711464,98.40018,106.42058,final
2025-07-21,2,1011467,RW23,33.0,1.6666666,3.979798,5.7272725,8.655556,164.09091,162.60808,74.240715,78.5561,100.8847,final
2025-08-01,2,1011467,RW23,33.0,34.78788,9.211111,38.454548,14.940404,120.696976,120.62727,279.97726,217.92212,100.05548,final
2025-08-11,2,1011467,RW23,33.0,68.72727,11.30101,105.18182,24.491919,150.72726,91.092926,452.28653,373.60007,162.05904,final
2025-08-21,2,1011467,RW23,33.0,14.121212,16.00303,117.63637,36.515152,147.69696,65.51616,91.04025,295.4015,216.5418,final
2025-09-01,2,1011467,RW23,33.0,15.272727,26.014141,98.12121,53.31818,149.54546,80.545456,65.36607,176.82515,180.65887,final
2025-09-11,2,1011467,RW23,33.0,24.333334,28.526262,53.727272,70.543434,167.51514,103.862625,87.49361,77.739746,158.47049,final
2025-09-21,2,1011467,RW23,33.0,13.181818,28.525253,52.78788,83.06566,176.1515,128.23636,54.2332,65.61909,135.96251,final
2025-10-01,2,1011467,RW23,33.0,56.545456,44.284847,94.06061,101.336365,230.63637,169.59496,124.87704,93.15779,134.96173,final
2025-10-11,2,1011467,RW23,33.0,35.272728,56.828285,105.0,129.63838,263.9091,224.67374,65.13641,81.70033,117.083084,final
2025-10-21,2,1011467,RW23,33.0,78.78788,53.39192,170.60606,154.50505,341.0303,274.08585,143.49226,110.09436,123.987045,final
2025-11-01,2,1011467,RW23,33.0,69.0,61.248486,183.06061,171.46869,375.24243,326.12323,111.70067,106.568825,114.83412,final
2025-11-11,2,1011467,RW23,33.0,56.545456,53.590908,204.33333,168.23131,363.0606,368.41315,105.04267,120.84036,98.56659,final
2025-11-21,2,1011467,RW23,33.0,40.757576,54.99495,166.30304,169.83435,389.69696,407.40506,76.26905,97.980194,95.70614,final
2025-12-01,2,1011467,RW23,33.0,38.878788,48.132324,136.18182,156.71819,413.30304,429.52322,82.583984,87.30114,96.26713,final
2025-12-11,2,1011467,RW23,33.0,43.969696,49.223232,123.606064,152.35051,432.93936,450.2202,90.31128,81.732216,96.20384,final
2025-12-21,2,1011467,RW23,33.0,85.21212,56.634342,168.06061,153.9899,504.9697,478.32928,146.36664,108.85006,105.511856,final
2026-01-01,2,1011467,RW23,33.0,107.606064,46.51717,236.78789,150.50809,556.03033,478.58182,218.57968,155.48251,116.0156,final
2026-01-11,2,1011467,RW23,33.0,38.515152,45.650505,231.33333,148.5697,559.2727,468.48587,85.912575,153.8932,119.17413,final
2026-01-21,2,1011467,RW23,33.0,110.121216,47.935352,256.24243,140.10303,590.6061,462.3414,217.4751,180.03928,127.4456,final
2026-02-01,2,1011467,RW23,33.0,41.515152,44.39293,190.15152,137.97879,563.1212,445.86264,94.173706,136.48984,126.00761,final
2026-02-11,2,1011467,RW23,33.0,30.181818,50.542423,181.81819,142.87071,536.75757,442.05557,63.342243,126.338875,121.18349,final
2026-02-21,2,1011467,RW23,33.0,38.121212,36.950504,109.81818,131.88586,534.1212,422.8909,102.79069,83.87877,125.99502,final
2026-03-01,2,1011467,RW23,33.0,52.878788,53.29596,121.18182,140.7889,548.1212,429.27576,99.28439,86.551056,127.36636,prelim
2026-03-11,2,1011467,RW23,33.0,58.0,44.034344,149.0,134.2808,562.1515,425.72122,128.48137,110.568,131.67484,prelim
2026-03-21,2,1011467,RW23,33.0,52.545456,67.41818,163.42424,164.74849,529.48486,436.73737,79.46272,99.21988,120.99607,prelim
2026-04-01,2,1011467,RW23,33.0,41.696968,74.12828,152.24243,185.58081,463.57574,464.34848,59.01426,82.50696,99.83536,prelim
2026-04-11,2,1011467,RW23,33.0,66.78788,65.70101,161.0303,207.24747,491.84848,484.399,101.53728,78.22487,101.52217,forecast
2022-01-01,2,1011468,RW33,11.0,6.909091,27.712122,108.181816,99.05454,332.27274,376.0909,36.405746,108.77162,88.501915,final
2022-01-11,2,1011468,RW33,11.0,49.454544,25.433334,112.545456,94.1,346.63635,359.43332,178.93059,118.61297,96.48853,final
2022-01-21,2,1011468,RW33,11.0,38.090908,29.924242,94.454544,83.069695,342.8182,342.9424,123.38395,112.92709,99.9643,final
2022-02-01,2,1011468,RW33,11.0,101.36364,30.436363,188.90909,85.79394,395.54547,319.51514,300.15396,213.57053,123.4289,final
2022-02-11,2,1011468,RW33,11.0,56.454544,36.863636,195.90909,97.22424,410.2727,307.9121,146.79695,196.53761,132.71225,final
2022-02-21,2,1011468,RW33,11.0,19.727272,27.093939,177.54544,94.393936,401.9091,284.10605,77.04655,183.65852,140.74734,final
2022-03-01,2,1011468,RW33,11.0,23.636364,49.436363,99.81818,113.393936,396.9091,298.24243,52.605213,88.5334,132.53722,final
2022-03-11,2,1011468,RW33,11.0,53.636364,40.10303,97.0,116.63333,405.4545,307.95758,130.00537,83.85859,131.1534,final
2022-03-21,2,1011468,RW33,11.0,39.0,56.8,116.27273,146.33939,388.2727,323.80304,71.19742,80.132965,119.607376,final
2022-04-01,2,1011468,RW33,11.0,35.090908,47.951515,127.72728,144.85455,416.45453,344.04242,75.71249,88.57074,120.74593,final
2022-04-11,2,1011468,RW33,11.0,44.090908,47.487877,118.18182,152.2394,411.0909,366.097,93.52808,78.3403,112.12457,final
2022-04-21,2,1011468,RW33,11.0,25.818182,44.251514,105.0,139.6909,398.81818,380.42422,62.573063,76.02413,104.77239,final
2022-05-01,2,1011468,RW33,11.0,19.272728,43.793938,89.181816,135.53333,316.72726,393.7818,49.745377,67.017426,80.67752,final
2022-05-11,2,1011468,RW33,11.0,58.909092,40.02727,104.0,128.07272,319.18182,396.94543,141.93419,81.910095,80.65319,final
2022-05-21,2,1011468,RW33,11.0,57.363636,36.90303,135.54546,120.72424,356.81818,406.75455,148.82846,111.788666,87.8723,final
2022-06-01,2,1011468,RW33,11.0,10.181818,18.351515,126.454544,95.28182,343.36365,375.6697,65.014275,131.08513,91.51336,final
2022-06-11,2,1011468,RW33,11.0,23.727272,14.954545,91.27273,70.20909,313.45456,350.5212,143.96356,128.00677,89.574,final
2022-06-21,2,1011468,RW33,11.0,8.090909,12.59394,41.999996,45.9,282.54547,306.31516,74.405785,92.337906,92.36475,final
2022-07-01,2,1011468,RW33,11.0,2.090909,6.2484846,33.90909,33.79697,249.54547,264.61212,63.038795,100.28899,94.41173,final
2022-07-11,2,1011468,RW33,11.0,2.090909,5.012121,12.272727,23.854546,207.54547,222.13637,70.82325,59.861374,93.57615,final
2022-07-21,2,1011468,RW33,11.0,6.2727275,7.4454546,10.454546,18.70606,188.00002,185.3303,90.577065,65.19238,101.40268,final
2022-08-01,2,1011468,RW33,11.0,17.636364,14.348485,26.0,26.80606,186.36365,155.88486,116.992966,97.4657,118.94448,final
2022-08-11,2,1011468,RW33,11.0,27.363636,16.572727,51.272728,38.366665,154.81819,132.4303,150.02106,129.76033,116.29037,final
2022-08-21,2,1011468,RW33,11.0,22.545454,22.615152,67.545456,53.53636,120.0,118.142426,99.74761,123.93229,101.50848,final
2022-09-01,2,1011468,RW33,11.0,25.727272,36.41212,75.63636,75.6,135.54544,136.20303,74.19874,100.045105,99.534294,final
2022-09-11,2,1011468,RW33,11.0,31.818182,35.86667,80.09091,94.893936,143.63635,157.11516,90.09343,85.18126,91.68566,final
2022-09-21,2,1011468,RW33,11.0,39.272728,35.40303,96.818184,107.681816,174.81818,179.92424,109.577736,90.359024,97.23883,final
2022-10-01,2,1011468,RW33,11.0,49.909092,36.354546,121.0,107.624245,222.63635,210.0303,132.77644,111.87644,105.86245,final
2022-10-11,2,1011468,RW33,11.0,21.363636,42.257576,110.545456,114.01515,241.90907,247.27576,55.78711,97.084656,97.872696,final
2022-10-21,2,1011468,RW33,11.0,62.636364,46.515152,133.90909,125.12727,298.27274,286.34546,131.29411,106.74864,104.093864,final
2022-11-01,2,1011468,RW33,11.0,48.363636,54.18485,132.36363,142.95758,329.0,326.18182,90.16435,92.839874,100.85094,final
2022-11-11,2,1011468,RW33,11.0,81.72727,49.40606,192.72726,150.10606,383.36365,359.01514,159.40738,127.478745,106.688866,final
2022-11-21,2,1011468,RW33,11.0,63.272728,51.539394,193.36365,155.13031,424.0909,387.9394,120.75249,123.876396,109.20027,final
2022-12-01,2,1011468,RW33,11.0,33.727272,35.803032,178.72726,136.74849,432.0909,387.3303,94.912735,129.61497,111.40891,final
2022-12-11,2,1011468,RW33,11.0,47.090908,31.957575,144.09091,119.3,447.36365,383.4212,140.94786,119.94442,116.462135,final
2022-12-21,2,1011468,RW33,11.0,39.636364,40.09394,120.454544,107.854546,447.72726,388.11212,98.985275,111.16481,115.164925,final
2023-01-01,2,1011468,RW33,11.0,32.0,27.712122,118.72727,99.05454,429.81818,376.0909,113.10792,118.90617,114.098274,final
2023-01-11,2,1011468,RW33,11.0,27.90909,25.433334,99.545456,94.1,436.36362,359.43332,108.13501,105.49492,121.109566,final
2023-01-21,2,1011468,RW33,11.0,33.272728,29.924242,93.181816,83.069695,407.0,342.9424,109.58786,111.48195,118.4104,final
2023-02-01,2,1011468,RW33,11.0,9.272727,30.436363,70.454544,85.79394,367.9091,319.51514,40.277065,83.10526,114.91269,final
2023-02-11,2,1011468,RW33,11.0,10.909091,36.863636,53.454548,97.22424,297.0909,307.9121,38.00217,57.182663,96.54178,final
2023-02-21,2,1011468,RW33,11.0,16.181818,27.093939,36.363636,94.393936,249.99998,284.10605,65.99943,41.615856,88.20293,final
2023-03-01,2,1011468,RW33,11.0,23.363636,49.436363,50.454544,113.393936,239.63635,298.24243,52.10421,46.83901,80.67352,final
2023-03-11,2,1011468,RW33,11.0,52.636364,40.10303,92.18182,116.63333,245.18181,307.95758,127.78822,79.89736,79.941124,final
2023-03-21,2,1011468,RW33,11.0,83.27273,56.8,159.27274,146.33939,288.81818,323.80304,142.83614,108.54592,89.35993,final
2023-04-01,2,1011468,RW33,11.0,73.181816,47.951515,209.09091,144.85455,330.0,344.04242,147.64793,142.8658,95.97687,final
2023-04-11,2,1011468,RW33,11.0,37.545456,47.487877,194.0,152.2394,339.63635,366.097,81.05768,126.55862,92.86961,final
2023-04-21,2,1011468,RW33,11.0,83.63636,44.251514,194.36363,139.6909,390.0,380.42422,179.96677,137.78587,102.484474,final
2023-05-01,2,1011468,RW33,11.0,163.36363,43.793938,284.54544,135.53333,544.09094,393.7818,345.05032,206.0333,137.69208,final
2023-05-11,2,1011468,RW33,11.0,25.727272,40.02727,272.72726,128.07272,558.9091,396.94543,68.24147,208.70337,140.29495,final
2023-05-21,2,1011468,RW33,11.0,24.90909,36.90303,214.0,120.72424,567.6364,406.75455,71.376915,174.19075,139.07228,final
2023-06-01,2,1011468,RW33,11.0,2.8181818,18.351515,53.45454,95.28182,547.09094,375.6697,33.480408,58.290268,145.0315,final
2023-06-11,2,1011468,RW33,11.0,10.272727,14.954545,38.0,70.20909,504.72726,350.5212,76.53759,57.17394,143.37465,final
2023-06-21,2,1011468,RW33,11.0,16.0,12.59394,29.090908,45.9,437.45453,306.31516,119.359276,66.97624,142.12431,final
2023-07-01,2,1011468,RW33,11.0,8.636364,6.2484846,34.909092,33.79697,372.90906,264.61212,121.228455,102.866516,140.16768,final
2023-07-11,2,1011468,RW33,11.0,1.4545455,5.012121,26.09091,23.854546,336.81818,222.13637,64.46731,107.75047,150.49028,final
2023-07-21,2,1011468,RW33,11.0,2.0,7.4454546,12.09091,18.70606,255.18181,185.3303,56.245434,72.09511,136.70015,final
2023-08-01,2,1011468,RW33,11.0,6.6363635,14.348485,10.090909,26.80606,98.45454,155.88486,60.14096,47.446644,64.30347,final
2023-08-11,2,1011468,RW33,11.0,5.7272725,16.572727,14.363636,38.366665,78.454544,132.4303,49.72608,44.65097,60.725,final
2023-08-21,2,1011468,RW33,11.0,6.5454545,22.615152,18.90909,53.53636,60.090908,118.142426,41.808403,40.844852,52.858234,final
2023-09-01,2,1011468,RW33,11.0,37.363636,36.41212,49.636364,75.6,94.63637,136.20303,102.297676,67.78705,70.562485,final
2023-09-11,2,1011468,RW33,11.0,42.090908,35.86667,86.0,94.893936,126.454544,157.11516,115.2306,91.09662,81.08714,final
2023-09-21,2,1011468,RW33,11.0,27.636364,35.40303,107.09091,107.681816,138.09091,179.92424,80.777016,99.4756,77.37812,final
2023-10-01,2,1011468,RW33,11.0,31.636364,36.354546,101.36363,107.624245,161.09091,210.0303,88.590904,94.441154,77.2407,final
2023-10-11,2,1011468,RW33,11.0,34.0,42.257576,93.27273,114.01515,193.63637,247.27576,82.52645,82.57161,78.73779,final
2023-10-21,2,1011468,RW33,11.0,26.0,46.515152,91.63637,125.12727,217.63637,286.34546,60.176468,74.26296,76.416626,final
2023-11-01,2,1011468,RW33,11.0,46.363636,54.18485,106.36363,142.95758,257.36365,326.18182,86.78511,75.26727,79.22043,final
2023-11-11,2,1011468,RW33,11.0,68.454544,49.40606,140.81818,150.10606,320.0909,359.01514,135.0117,94.01192,89.30698,final
2023-11-21,2,1011468,RW33,11.0,49.0,51.539394,163.81818,155.13031,362.54547,387.9394,95.50863,105.4255,93.537445,final
2023-12-01,2,1011468,RW33,11.0,16.09091,35.803032,133.54546,136.74849,341.27274,387.3303,51.689564,97.74034,88.26051,final
2023-12-11,2,1011468,RW33,11.0,20.818182,31.957575,85.909096,119.3,320.0,383.4212,69.85897,73.13684,83.67205,final
2023-12-21,2,1011468,RW33,11.0,66.818184,40.09394,103.72728,107.854546,359.1818,388.11212,159.26349,96.34284,92.64069,final
2024-01-01,2,1011468,RW33,11.0,23.09091,27.712122,110.72728,99.05454,350.63635,376.0909,85.8731,111.2179,93.32061,final
2024-01-11,2,1011468,RW33,11.0,20.545454,25.433334,110.45455,94.1,337.1818,359.43332,83.93906,116.50308,93.89421,final
2024-01-21,2,1011468,RW33,11.0,37.0,29.924242,80.63637,83.069695,348.1818,342.9424,120.26031,97.237045,101.50581,final
2024-02-01,2,1011468,RW33,11.0,11.909091,30.436363,69.454544,85.79394,313.72726,319.51514,47.71678,82.003876,98.21645,final
2024-02-11,2,1011468,RW33,11.0,28.0,36.863636,76.90909,97.22424,273.27274,307.9121,78.82736,80.12687,88.93,final
2024-02-21,2,1011468,RW33,11.0,7.6363635,27.093939,47.545456,94.393936,231.9091,284.10605,39.37305,52.865856,81.9454,final
2024-03-01,2,1011468,RW33,11.0,33.363636,49.436363,69.0,113.393936,249.18182,298.24243,70.47428,62.5032,83.82133,final
2024-03-11,2,1011468,RW33,11.0,27.454546,40.10303,68.454544,116.63333,255.81819,307.95758,71.95646,60.390144,83.33978,final
2024-03-21,2,1011468,RW33,11.0,33.81818,56.8,94.63637,146.33939,222.81818,323.80304,62.81259,65.83637,69.287125,final
2024-04-01,2,1011468,RW33,11.0,40.545456,47.951515,101.818184,144.85455,240.27272,344.04242,86.013504,71.28124,70.27017,final
2024-04-11,2,1011468,RW33,11.0,71.36364,47.487877,145.72726,152.2394,291.0909,366.097,145.48814,95.85846,79.78801,final
2024-04-21,2,1011468,RW33,11.0,70.36364,44.251514,182.27274,139.6909,324.45456,380.42422,153.01791,129.42952,85.478424,final
2024-05-01,2,1011468,RW33,11.0,35.0,43.793938,176.72728,135.53333,347.54547,393.7818,81.977394,129.31259,88.40561,final
2024-05-11,2,1011468,RW33,11.0,21.727272,40.02727,127.09091,128.07272,341.27274,396.94543,59.357964,99.2622,86.14919,final
2024-05-21,2,1011468,RW33,11.0,17.0,36.90303,73.72727,120.72424,350.63638,406.75455,52.502167,62.619007,86.37097,final
2024-06-01,2,1011468,RW33,11.0,9.909091,18.351515,48.636364,95.28182,327.18182,375.6697,63.846355,53.485634,87.26248,final
2024-06-11,2,1011468,RW33,11.0,7.5454545,14.954545,34.454548,70.20909,307.2727,350.5212,62.870163,52.459812,87.83518,final
2024-06-21,2,1011468,RW33,11.0,5.818182,12.59394,23.272728,45.9,279.2727,306.31516,61.48811,55.545635,91.313484,final
2024-07-01,2,1011468,RW33,11.0,8.454545,6.2484846,21.81818,33.79697,247.18182,264.61212,119.61206,69.12442,93.53505,final
2024-07-11,2,1011468,RW33,11.0,2.5454545,5.012121,16.818182,23.854546,178.36363,222.13637,75.3632,75.61437,80.72844,final
2024-07-21,2,1011468,RW33,11.0,2.909091,7.4454546,13.909091,18.70606,110.90909,185.3303,63.550037,79.7648,60.89891,final
2024-08-01,2,1011468,RW33,11.0,2.909091,14.348485,8.363636,26.80606,78.81818,155.88486,40.87706,42.016006,52.09824,final
2024-08-11,2,1011468,RW33,11.0,10.181818,16.572727,16.0,38.366665,67.27273,132.4303,70.37505,48.424294,52.588642,final
2024-08-21,2,1011468,RW33,11.0,19.181818,22.615152,32.272728,53.53636,69.454544,118.142426,87.56721,63.674484,60.462143,final
2024-09-01,2,1011468,RW33,11.0,31.454546,36.41212,60.818184,75.6,90.99999,136.20303,88.02868,81.66028,67.987206,final
2024-09-11,2,1011468,RW33,11.0,18.545454,35.86667,69.181816,94.893936,102.0,157.11516,57.6153,74.26058,66.002464,final
2024-09-21,2,1011468,RW33,11.0,65.90909,35.40303,115.90909,107.681816,162.09091,179.92424,175.50438,107.30133,90.356415,final
2024-10-01,2,1011468,RW33,11.0,54.81818,36.354546,139.27272,107.624245,208.45453,210.0303,144.64717,128.10094,99.26718,final
2024-10-11,2,1011468,RW33,11.0,37.454544,42.257576,158.18181,114.01515,243.36363,247.27576,89.83649,137.1101,98.449265,final
2024-10-21,2,1011468,RW33,11.0,36.909092,46.515152,129.18181,125.12727,277.36365,286.34546,81.35294,103.11582,96.91713,final
2024-11-01,2,1011468,RW33,11.0,86.72727,54.18485,161.09091,142.95758,361.18182,326.18182,154.984375,112.25577,110.568214,final
2024-11-11,2,1011468,RW33,11.0,96.63636,49.40606,220.27274,150.10606,447.63635,359.01514,186.81073,145.23787,124.34548,final
2024-11-21,2,1011468,RW33,11.0,114.36364,51.539394,297.72726,155.13031,542.8182,387.9394,211.11589,189.05057,139.41544,final
2024-12-01,2,1011468,RW33,11.0,24.636364,35.803032,235.63637,136.74849,536.0,387.3303,72.63275,169.76291,137.89403,final
2024-12-11,2,1011468,RW33,11.0,45.363636,31.957575,184.36363,119.3,562.8182,383.4212,136.2742,152.34402,146.1862,final
2024-12-21,2,1011468,RW33,11.0,27.636364,40.09394,97.63637,107.854546,524.5455,388.11212,72.37417,90.94571,134.70596,final
2025-01-01,2,1011468,RW33,11.0,18.727272,27.712122,91.72727,99.05454,488.45453,376.0909,72.533585,92.958244,129.48473,final
2025-01-11,2,1011468,RW33,11.0,24.636364,25.433334,71.0,94.1,475.63635,359.43332,97.381256,76.690216,131.88596,final
2025-01-21,2,1011468,RW33,11.0,42.727272,29.924242,86.09091,83.069695,481.4545,342.9424,136.65944,103.43049,139.8089,final
2025-02-01,2,1011468,RW33,11.0,34.090908,30.436363,101.454544,85.79394,428.81815,319.51514,110.31297,117.24851,133.68195,final
2025-02-11,2,1011468,RW33,11.0,28.727272,36.863636,105.54545,97.22424,360.9091,307.9121,80.5646,108.140144,116.9367,final
2025-02-21,2,1011468,RW33,11.0,3.3636363,27.093939,66.181816,94.393936,249.90907,284.10605,26.05986,71.61585,88.17148,final
2025-03-01,2,1011468,RW33,11.0,35.090908,49.436363,67.181816,113.393936,260.36362,298.24243,73.64729,60.96749,87.508736,final
2025-03-11,2,1011468,RW33,11.0,25.09091,40.10303,63.545456,116.63333,240.0909,307.95758,66.715935,56.35417,78.314415,final
2025-03-21,2,1011468,RW33,11.0,32.636364,56.8,92.81818,146.33939,245.09091,323.80304,60.900265,64.63498,76.06101,final
2025-04-01,2,1011468,RW33,11.0,65.454544,47.951515,123.181816,144.85455,291.81818,344.04242,133.05481,85.53749,85.03785,final
2025-04-11,2,1011468,RW33,11.0,78.454544,47.487877,176.54546,152.2394,345.63635,366.097,158.99776,115.458,94.48644,final
2025-04-21,2,1011468,RW33,11.0,45.545456,44.251514,189.45454,139.6909,348.45453,380.42422,102.627205,134.39307,91.70532,final
2025-05-01,2,1011468,RW33,11.0,55.0,43.793938,179.0,135.53333,369.36365,393.7818,122.966095,130.92981,93.876816,final
2025-05-11,2,1011468,RW33,11.0,55.909092,40.02727,156.45454,128.07272,396.54544,396.94543,135.27156,121.32806,99.90048,final
2025-05-21,2,1011468,RW33,11.0,28.0,36.90303,138.90909,120.72424,421.1818,406.75455,78.75326,114.464066,103.503845,final
2025-06-01,2,1011468,RW33,11.0,20.181818,18.351515,104.090904,95.28182,406.27274,375.6697,107.83804,108.78433,108.03926,final
2025-06-11,2,1011468,RW33,11.0,44.81818,14.954545,93.0,70.20909,426.0,350.5212,249.65833,130.30339,121.23046,final
2025-06-21,2,1011468,RW33,11.0,23.272728,12.59394,88.27273,45.9,416.63638,306.31516,160.69583,183.24701,135.43715,final
2025-07-01,2,1011468,RW33,11.0,9.0,6.2484846,77.09091,33.79697,360.18182,264.61212,124.46121,211.59103,135.44711,final
2025-07-11,2,1011468,RW33,11.0,8.454545,5.012121,40.727272,23.854546,290.18182,222.13637,134.38255,158.47511,129.95798,final
2025-07-21,2,1011468,RW33,11.0,5.5454545,7.4454546,22.999998,18.70606,250.18182,185.3303,84.733376,118.11324,134.07314,final
2025-08-01,2,1011468,RW33,11.0,37.0,14.348485,51.0,26.80606,232.18182,155.88486,217.07127,176.06706,147.42334,final
2025-08-11,2,1011468,RW33,11.0,48.636364,16.572727,91.18182,38.366665,224.9091,132.4303,248.63043,221.78745,167.29143,final
2025-08-21,2,1011468,RW33,11.0,8.545455,22.615152,94.18182,53.53636,205.45456,118.142426,49.050808,169.43626,170.90337,final
2025-09-01,2,1011468,RW33,11.0,20.0,36.41212,77.18182,75.6,205.27274,136.20303,60.3688,101.96257,148.91518,final
2025-09-11,2,1011468,RW33,11.0,44.636364,35.86667,73.18182,94.893936,205.09091,157.11516,121.45928,78.26483,129.59363,final
2025-09-21,2,1011468,RW33,11.0,7.909091,35.40303,72.545456,107.681816,189.72728,179.92424,31.950798,68.81808,105.30111,final
2025-10-01,2,1011468,RW33,11.0,40.090908,36.354546,92.63637,107.624245,220.81819,210.0303,109.03496,86.69214,105.016914,final
2025-10-11,2,1011468,RW33,11.0,31.0,42.257576,79.0,114.01515,243.36365,247.27576,76.17827,70.57925,98.44927,final
2025-10-21,2,1011468,RW33,11.0,48.0,46.515152,119.09091,125.12727,285.81818,286.34546,102.88235,95.36118,99.819016,final
2025-11-01,2,1011468,RW33,11.0,60.727272,54.18485,139.72726,142.95758,309.54547,326.18182,111.054214,97.81673,94.97667,final
2025-11-11,2,1011468,RW33,11.0,39.272728,49.40606,148.0,150.10606,300.18182,359.01514,81.374626,98.64217,83.83768,final
2025-11-21,2,1011468,RW33,11.0,46.090908,51.539394,146.09091,155.13031,337.7273,387.9394,90.36338,94.35497,87.22141,final
2025-12-01,2,1011468,RW33,11.0,36.363636,35.803032,121.727264,136.74849,354.09094,387.3303,101.373924,89.4029,91.52771,final
2025-12-11,2,1011468,RW33,11.0,36.272728,31.957575,118.72727,119.3,345.7273,383.4212,111.675964,99.53923,90.295616,final
2025-12-21,2,1011468,RW33,11.0,58.18182,40.09394,130.81819,107.854546,396.00003,388.11212,140.11156,120.348,102.00653,final
2026-01-01,2,1011468,RW33,11.0,44.909092,27.712122,139.36363,99.05454,400.8182,376.0909,152.57065,138.73843,106.48855,final
2026-01-11,2,1011468,RW33,11.0,31.818182,25.433334,134.90909,94.1,401.63635,359.43332,120.97978,141.1797,111.58045,final
2026-01-21,2,1011468,RW33,11.0,66.818184,29.924242,143.54546,83.069695,420.45453,342.9424,205.63994,168.66806,122.27728,final
2026-02-01,2,1011468,RW33,11.0,41.0,30.436363,139.63637,85.79394,400.72726,319.51514,129.81017,159.30179,125.02568,final
2026-02-11,2,1011468,RW33,11.0,39.363636,36.863636,147.18182,97.22424,400.81818,307.9121,105.97176,148.87057,129.6908,final
2026-02-21,2,1011468,RW33,11.0,19.272728,27.093939,99.63636,94.393936,374.00003,284.10605,75.63026,105.27439,131.09378,final
2026-03-01,2,1011468,RW33,11.0,55.18182,49.436363,113.818184,113.393936,392.8182,298.24243,110.55444,100.35833,131.18817,prelim
2026-03-11,2,1011468,RW33,11.0,46.363636,40.10303,120.81818,116.63333,402.90912,307.95758,113.88067,103.440544,130.34006,prelim
2026-03-21,2,1011468,RW33,11.0,44.363636,56.8,145.90909,146.33939,389.09094,323.80304,79.876434,99.715675,119.85624,prelim
2026-04-01,2,1011468,RW33,11.0,23.363636,47.951515,114.09091,144.85455,367.5455,344.04242,53.565292,79.471,106.73358,prelim
2026-04-11,2,1011468,RW33,11.0,49.81818,47.487877,117.545456,152.2394,385.5455,366.097,104.4397,77.93559,105.24082,forecast
2022-01-01,2,1011469,RW26,22.0,11.590909,28.671211,99.0,94.2697,329.86365,325.87274,49.273273,104.76511,101.20617,final
2022-01-11,2,1011469,RW26,22.0,61.909092,27.013636,126.22728,93.79243,338.86365,315.40305,209.00185,132.83131,107.32222,final
2022-01-21,2,1011469,RW26,22.0,30.90909,31.748486,104.40909,87.433334,321.77274,308.1894,97.71583,118.36541,104.3371,final
2022-02-01,2,1011469,RW26,22.0,47.772728,29.581818,140.59091,88.34394,331.5,292.97272,152.60252,155.97253,112.929794,final
2022-02-11,2,1011469,RW26,22.0,66.36364,34.942425,145.04546,96.27273,363.7273,290.41364,178.66628,148.15979,124.81729,final
2022-02-21,2,1011469,RW26,22.0,32.81818,25.05,146.95454,89.57424,357.86365,272.86212,125.85085,160.67224,130.59126,final
2022-03-01,2,1011469,RW26,22.0,34.0,46.736362,133.18182,106.72879,372.77274,289.34244,75.38219,123.67611,128.34465,final
2022-03-11,2,1011469,RW26,22.0,59.045456,38.763638,125.86363,110.55,397.13635,300.61514,146.344,113.252815,131.58261,final
2022-03-21,2,1011469,RW26,22.0,30.545454,56.813637,123.59091,142.31363,374.95456,319.3212,57.50423,87.29057,117.153786,final
2022-04-01,2,1011469,RW26,22.0,24.181818,55.886364,113.77273,151.46364,387.54544,346.53638,47.92833,75.91075,111.665665,final
2022-04-11,2,1011469,RW26,22.0,59.045456,50.109093,113.77273,162.8091,384.68182,369.63184,116.21577,70.77848,104.01727,final
2022-04-21,2,1011469,RW26,22.0,75.90909,47.31515,159.13635,153.31061,429.6818,385.1985,154.65709,103.67995,111.40018,final
2022-05-01,2,1011469,RW26,22.0,18.363636,39.221214,153.31818,136.64546,400.27274,394.8379,52.833546,111.77074,101.35926,final
2022-05-11,2,1011469,RW26,22.0,13.272727,35.60606,107.54545,122.142426,347.18185,395.50153,45.0,88.519196,87.93521,final
2022-05-21,2,1011469,RW26,22.0,87.318184,28.016666,118.954544,102.84394,401.68185,398.46817,279.61084,114.938805,100.796524,final
2022-06-01,2,1011469,RW26,22.0,5.2272725,10.062121,105.818184,73.68485,372.9091,361.79395,67.90061,140.83801,103.03035,final
2022-06-11,2,1011469,RW26,22.0,3.1363637,5.109091,95.681816,43.187878,316.99997,328.1394,80.48562,208.93597,96.65623,final
2022-06-21,2,1011469,RW26,22.0,4.090909,3.4621212,12.454545,18.633333,290.5454,274.78787,107.430626,73.85561,105.63196,final
2022-07-01,2,1011469,RW26,22.0,1.0909091,2.351515,8.318182,10.922727,267.45453,221.25304,82.85243,83.64259,120.42028,final
2022-07-11,2,1011469,RW26,22.0,1.6818181,1.5378788,6.863636,7.351515,210.09093,172.68182,102.201614,96.05005,121.053986,final
2022-07-21,2,1011469,RW26,22.0,6.181818,2.8893938,8.954545,6.7787876,140.36365,128.25606,141.73228,118.471825,109.08595,final
2022-08-01,2,1011469,RW26,22.0,6.2727275,7.3257575,14.136364,11.75303,128.27272,96.36061,91.45667,114.226295,131.48373,final
2022-08-11,2,1011469,RW26,22.0,10.681818,8.772727,23.136364,18.987879,125.681816,69.527275,113.86138,117.29408,175.34766,final
2022-08-21,2,1011469,RW26,22.0,33.5,13.651515,50.454544,29.75,71.86363,55.16212,206.41754,159.58142,127.76084,final
2022-09-01,2,1011469,RW26,22.0,11.772727,23.366667,55.954544,45.79091,78.409096,68.46667,59.128304,120.010735,113.53325,final
2022-09-11,2,1011469,RW26,22.0,19.863636,25.15909,65.13637,62.177273,95.13637,88.51667,82.4416,104.4049,107.07862,final
2022-09-21,2,1011469,RW26,22.0,25.272728,26.078787,56.909092,74.604546,116.318184,111.13333,97.4064,77.7708,104.46457,final
2022-10-01,2,1011469,RW26,22.0,24.727272,32.645454,69.86363,83.88333,139.95454,141.42728,78.96643,84.22685,98.994225,final
2022-10-11,2,1011469,RW26,22.0,19.40909,37.451515,69.40909,96.17576,157.68181,177.34091,57.49875,73.54438,89.21849,final
2022-10-21,2,1011469,RW26,22.0,39.090908,39.10606,83.227264,109.20303,190.59091,213.55757,99.965645,77.254745,89.491714,final
2022-11-01,2,1011469,RW26,22.0,27.318182,45.233334,85.818184,121.79091,211.63635,251.46515,64.336136,71.62831,84.47009,final
2022-11-11,2,1011469,RW26,22.0,61.045456,37.15,127.454544,121.489395,262.0,279.84244,156.69147,104.715935,93.73604,final
2022-11-21,2,1011469,RW26,22.0,54.454544,42.37424,142.81818,124.757576,282.95453,308.56516,125.499725,113.91873,91.83244,final
2022-12-01,2,1011469,RW26,22.0,42.863636,33.327274,158.36363,112.85152,314.04547,318.52576,124.8814,138.61818,98.61517,final
2022-12-11,2,1011469,RW26,22.0,34.954544,28.713636,132.27272,104.41515,329.13635,322.0803,118.51152,125.460434,102.15728,final
2022-12-21,2,1011469,RW26,22.0,38.18182,37.803032,116.0,99.84394,342.04547,333.80457,100.88495,115.40962,102.43234,final
2023-01-01,2,1011469,RW26,22.0,24.681818,28.671211,97.818184,94.2697,342.0,325.87274,88.15192,103.574585,104.87416,final
2023-01-11,2,1011469,RW26,22.0,65.454544,27.013636,128.31818,93.79243,388.04547,315.40305,220.07668,134.94777,122.6722,final
2023-01-21,2,1011469,RW26,22.0,47.0,31.748486,137.13635,87.433334,395.95453,308.1894,141.50243,153.77174,128.02303,final
2023-02-01,2,1011469,RW26,22.0,7.7272725,29.581818,120.181816,88.34394,376.36362,292.97272,36.803364,134.10814,127.986084,final
2023-02-11,2,1011469,RW26,22.0,6.681818,34.942425,61.40909,96.27273,322.0,290.41364,29.246643,65.5745,110.69225,final
2023-02-21,2,1011469,RW26,22.0,22.772728,25.05,37.181816,89.57424,290.3182,272.86212,92.42173,44.601803,106.28228,final
2023-03-01,2,1011469,RW26,22.0,22.545454,46.736362,52.0,106.72879,270.0,289.34244,53.241962,51.016396,93.4286,final
2023-03-11,2,1011469,RW26,22.0,77.818184,38.763638,123.13637,110.55,312.86365,300.61514,189.23972,110.89257,104.00781,final
2023-03-21,2,1011469,RW26,22.0,58.772728,56.813637,159.13637,142.31363,333.45456,319.3212,103.16934,111.41968,104.35783,final
2023-04-01,2,1011469,RW26,22.0,71.13636,55.886364,207.72726,151.46364,379.9091,346.53638,125.04666,135.95955,109.493385,final
2023-04-11,2,1011469,RW26,22.0,57.090908,50.109093,187.0,162.8091,371.54544,369.63184,112.66908,114.415726,100.5108,final
2023-04-21,2,1011469,RW26,22.0,93.09091,47.31515,221.31818,153.31061,417.63635,385.1985,187.50002,142.95831,108.31316,final
2023-05-01,2,1011469,RW26,22.0,96.40909,39.221214,246.59091,136.64546,506.31818,394.8379,229.32227,177.62018,127.88137,final
2023-05-11,2,1011469,RW26,22.0,12.727273,35.60606,202.22728,122.142426,512.36365,395.50153,43.656715,162.98831,129.17894,final
2023-05-21,2,1011469,RW26,22.0,15.363636,28.016666,124.5,102.84394,504.95456,398.46817,61.676834,120.080925,126.39276,final
2023-06-01,2,1011469,RW26,22.0,2.0454545,10.062121,30.136362,73.68485,484.45453,361.79395,46.775978,44.65454,133.44128,final
2023-06-11,2,1011469,RW26,22.0,1.4090909,5.109091,18.81818,43.187878,408.04544,328.1394,63.39928,49.427742,123.98576,final
2023-06-21,2,1011469,RW26,22.0,1.5,3.4621212,4.9545455,18.633333,350.7727,274.78787,76.8129,42.12079,127.15801,final
2023-07-01,2,1011469,RW26,22.0,1.0454545,2.351515,3.9545455,10.922727,280.6818,221.25304,82.23413,56.23752,126.2665,final
2023-07-11,2,1011469,RW26,22.0,0.8181818,1.5378788,3.3636363,7.351515,224.40909,172.68182,88.99189,67.71345,129.1123,final
2023-07-21,2,1011469,RW26,22.0,1.0,2.8893938,2.8636363,6.7787876,132.31818,128.25606,76.05147,66.761,103.04836,final
2023-08-01,2,1011469,RW26,22.0,2.0,7.3257575,3.8181818,11.75303,37.90909,96.36061,56.79164,52.636345,42.3331,final
2023-08-11,2,1011469,RW26,22.0,2.0,8.772727,5.0,18.987879,27.181816,69.527275,50.825085,41.68772,43.18126,final
2023-08-21,2,1011469,RW26,22.0,3.2272727,13.651515,7.227273,29.75,15.045455,55.16212,44.11048,35.186398,33.319065,final
2023-09-01,2,1011469,RW26,22.0,18.681818,23.366667,23.909092,45.79091,31.68182,68.46667,83.484665,56.917847,49.929882,final
2023-09-11,2,1011469,RW26,22.0,39.81818,25.15909,61.727272,62.177273,70.09091,88.51667,148.60587,99.330124,80.29682,final
2023-09-21,2,1011469,RW26,22.0,19.40909,26.078787,77.90909,74.604546,88.0,111.13333,78.53939,104.1512,80.08037,final
2023-10-01,2,1011469,RW26,22.0,11.954545,32.645454,71.181816,83.88333,98.90909,141.42728,45.037426,85.7099,70.96293,final
2023-10-11,2,1011469,RW26,22.0,47.227272,37.451515,78.59091,96.17576,145.31818,177.34091,123.02805,82.61951,82.43799,final
2023-10-21,2,1011469,RW26,22.0,23.90909,39.10606,83.090904,109.20303,168.22726,213.55757,65.54449,77.135345,79.25933,final
2023-11-01,2,1011469,RW26,22.0,30.0,45.233334,101.13636,121.79091,196.22726,251.46515,69.67485,83.709755,78.46184,final
2023-11-11,2,1011469,RW26,22.0,39.045456,37.15,92.954544,121.489395,233.27272,279.84244,104.49692,77.44091,83.65071,final
2023-11-21,2,1011469,RW26,22.0,35.68182,42.37424,104.72728,124.757576,265.72726,308.56516,85.87329,84.56329,86.33844,final
2023-12-01,2,1011469,RW26,22.0,21.636364,33.327274,96.36365,112.85152,268.68182,318.52576,69.49715,86.00963,84.59351,final
2023-12-11,2,1011469,RW26,22.0,19.09091,28.713636,76.409096,104.41515,247.95456,322.0803,71.457466,74.403854,77.33714,final
2023-12-21,2,1011469,RW26,22.0,64.72727,37.803032,105.454544,99.84394,293.27274,333.80457,162.90265,105.35139,88.03681,final
2024-01-01,2,1011469,RW26,22.0,23.318182,28.671211,107.13637,94.2697,304.63638,325.87274,84.10206,112.96133,93.58171,final
2024-01-11,2,1011469,RW26,22.0,23.727272,27.013636,111.77273,93.79243,281.13635,315.40305,89.7345,118.20007,89.30513,final
2024-01-21,2,1011469,RW26,22.0,32.909092,31.748486,79.954544,87.433334,290.13635,308.1894,103.15825,91.90899,94.23574,final
2024-02-01,2,1011469,RW26,22.0,19.454546,29.581818,76.09091,88.34394,279.5909,292.97272,70.71504,86.873245,95.50905,final
2024-02-11,2,1011469,RW26,22.0,32.363636,34.942425,84.72728,96.27273,272.9091,290.41364,93.54373,88.59965,94.07456,final
2024-02-21,2,1011469,RW26,22.0,9.681818,25.05,61.5,89.57424,246.90909,272.86212,48.857967,70.31513,90.659744,final
2024-03-01,2,1011469,RW26,22.0,26.181818,46.736362,68.22727,106.72879,251.45456,289.34244,60.270603,65.5402,87.12796,final
2024-03-11,2,1011469,RW26,22.0,21.954546,38.763638,57.818184,110.55,254.31819,300.61514,61.59119,54.364502,84.85122,final
2024-03-21,2,1011469,RW26,22.0,38.5,56.813637,86.63637,142.31363,228.09091,319.3212,70.37282,62.204952,71.87039,final
2024-04-01,2,1011469,RW26,22.0,57.363636,55.886364,117.81818,151.46364,262.13635,346.53638,102.42628,78.49631,75.9911,final
2024-04-11,2,1011469,RW26,22.0,59.772728,50.109093,155.63635,162.8091,298.18182,369.63184,117.53546,95.72565,80.92794,final
2024-04-21,2,1011469,RW26,22.0,103.681816,47.31515,220.81818,153.31061,368.95453,385.1985,207.74443,142.64247,95.837006,final
2024-05-01,2,1011469,RW26,22.0,39.31818,39.221214,202.77272,136.64546,388.81818,394.8379,100.21928,146.68506,98.49446,final
2024-05-11,2,1011469,RW26,22.0,11.772727,35.60606,154.77272,122.142426,368.2273,395.50153,41.30597,125.66437,93.18998,final
2024-05-21,2,1011469,RW26,22.0,6.681818,28.016666,57.772728,102.84394,365.2273,398.46817,35.38158,58.207005,91.761215,final
2024-06-01,2,1011469,RW26,22.0,2.5454545,10.062121,20.999998,73.68485,341.5909,361.79395,50.095566,33.043205,94.492,final
2024-06-11,2,1011469,RW26,22.0,1.6363636,5.109091,10.863636,43.187878,321.2727,328.1394,65.647484,32.920387,97.9388,final
2024-06-21,2,1011469,RW26,22.0,1.5454545,3.4621212,5.7272725,18.633333,284.31815,274.78787,77.350044,45.390434,103.40625,final
2024-07-01,2,1011469,RW26,22.0,1.6818181,2.351515,4.863636,10.922727,228.63637,221.25304,90.89035,61.946903,103.263306,final
2024-07-11,2,1011469,RW26,22.0,0.90909094,1.5378788,4.1363635,7.351515,169.77274,172.68182,90.382385,73.96958,98.362755,final
2024-07-21,2,1011469,RW26,22.0,0.90909094,2.8893938,3.5,6.7787876,67.0,128.25606,74.89918,72.16362,54.03131,final
2024-08-01,2,1011469,RW26,22.0,2.1818182,7.3257575,4.0,11.75303,29.863632,96.36061,58.266747,53.72163,34.39564,final
2024-08-11,2,1011469,RW26,22.0,4.909091,8.772727,8.0,18.987879,23.0,69.527275,71.9472,54.19404,37.570137,final
2024-08-21,2,1011469,RW26,22.0,12.954545,13.651515,20.045454,29.75,29.272724,55.16212,96.26319,72.07325,56.96728,final
2024-09-01,2,1011469,RW26,22.0,13.090909,23.366667,30.954544,45.79091,39.81818,68.46667,63.775234,70.78933,61.004784,final
2024-09-11,2,1011469,RW26,22.0,7.318182,25.15909,33.363636,62.177273,45.5,88.51667,40.84401,57.108055,54.00107,final
2024-09-21,2,1011469,RW26,22.0,46.590908,26.078787,67.0,74.604546,90.545456,111.13333,166.0004,90.4471,82.27221,final
2024-10-01,2,1011469,RW26,22.0,42.409092,32.645454,96.31818,83.88333,131.27272,141.42728,125.93577,113.99008,93.06512,final
2024-10-11,2,1011469,RW26,22.0,48.136364,37.451515,137.13637,96.17576,178.5,177.34091,125.16954,140.4846,100.63567,final
2024-10-21,2,1011469,RW26,22.0,29.272728,39.10606,119.818184,109.20303,206.86365,213.55757,77.70526,109.29498,96.937225,final
2024-11-01,2,1011469,RW26,22.0,67.13636,45.233334,144.54544,121.79091,271.81818,251.46515,143.60257,117.9465,107.935974,final
2024-11-11,2,1011469,RW26,22.0,84.181816,37.15,180.59091,121.489395,351.0909,279.84244,211.582,146.72449,125.01329,final
2024-11-21,2,1011469,RW26,22.0,104.63636,42.37424,255.95453,124.757576,442.7727,308.56516,231.4261,201.10928,142.80054,final
2024-12-01,2,1011469,RW26,22.0,23.454546,33.327274,212.27272,112.85152,453.13635,318.52576,74.24098,184.3614,141.60738,final
2024-12-11,2,1011469,RW26,22.0,19.772728,28.713636,147.86365,104.41515,465.5909,322.0803,73.47984,139.70976,143.87627,final
2024-12-21,2,1011469,RW26,22.0,38.272728,37.803032,81.5,99.84394,457.27274,333.80457,101.09734,82.50358,136.4423,final
2025-01-01,2,1011469,RW26,22.0,6.0,28.671211,64.045456,94.2697,420.86365,325.87274,32.668858,69.553406,128.7092,final
2025-01-11,2,1011469,RW26,22.0,32.545456,27.013636,76.818184,93.79243,405.27277,315.40305,117.27958,82.818275,128.04895,final
2025-01-21,2,1011469,RW26,22.0,45.909092,31.748486,84.454544,87.433334,421.9091,308.1894,138.53386,96.77736,136.3102,final
2025-02-01,2,1011469,RW26,22.0,40.136364,29.581818,118.59091,88.34394,394.9091,292.97272,130.52051,132.4038,134.20996,final
2025-02-11,2,1011469,RW26,22.0,21.818182,34.942425,107.86364,96.27273,332.54547,290.41364,67.1421,111.44525,114.261986,final
2025-02-21,2,1011469,RW26,22.0,3.2272727,25.05,65.181816,89.57424,231.13637,272.86212,27.378613,74.20817,84.98329,final
2025-03-01,2,1011469,RW26,22.0,16.227272,46.736362,41.272728,106.72879,223.90909,289.34244,41.029694,41.415222,77.769646,final
2025-03-11,2,1011469,RW26,22.0,33.454544,38.763638,52.90909,110.55,237.59093,300.61514,87.868706,50.116043,79.377914,final
2025-03-21,2,1011469,RW26,22.0,36.272728,56.813637,85.954544,142.31363,235.59091,319.3212,66.769615,61.742107,74.182915,final
2025-04-01,2,1011469,RW26,22.0,60.045456,55.886364,129.77274,151.46364,289.63635,346.53638,106.83091,86.13678,83.813896,final
2025-04-11,2,1011469,RW26,22.0,70.5,50.109093,166.81818,162.8091,327.59094,369.63184,137.00099,102.38908,88.778076,final
2025-04-21,2,1011469,RW26,22.0,95.27273,47.31515,225.81818,153.31061,376.95456,385.1985,191.67053,145.80083,97.887245,final
2025-05-01,2,1011469,RW26,22.0,41.090908,39.221214,206.86365,136.64546,377.9091,394.8379,104.22804,149.5732,95.76608,final
2025-05-11,2,1011469,RW26,22.0,35.863636,35.60606,172.22726,122.142426,391.95456,395.50153,100.63432,139.3927,99.11437,final
2025-05-21,2,1011469,RW26,22.0,15.681818,28.016666,92.63636,102.84394,404.40912,398.46817,62.64054,90.53486,101.47247,final
2025-06-01,2,1011469,RW26,22.0,13.636364,10.062121,65.18182,73.68485,401.8182,361.79395,123.73,89.193565,110.91192,final
2025-06-11,2,1011469,RW26,22.0,16.636364,5.109091,45.954544,43.187878,385.0,328.1394,214.0288,105.74142,117.068115,final
2025-06-21,2,1011469,RW26,22.0,4.7272725,3.4621212,35.0,18.633333,353.45453,274.78787,114.95075,169.25247,128.11653,final
2025-07-01,2,1011469,RW26,22.0,2.3636363,2.351515,23.727272,10.922727,295.7727,221.25304,100.16488,180.4168,132.93643,final
2025-07-11,2,1011469,RW26,22.0,1.6363636,1.5378788,8.727273,7.351515,226.9091,172.68182,101.50636,111.13838,130.51932,final
2025-07-21,2,1011469,RW26,22.0,2.7727273,2.8893938,6.772727,6.7787876,134.40909,128.25606,98.52122,99.94855,104.617455,final
2025-08-01,2,1011469,RW26,22.0,14.454545,7.3257575,18.863636,11.75303,107.772736,96.36061,157.8365,142.44371,111.258934,final
2025-08-11,2,1011469,RW26,22.0,20.681818,8.772727,37.90909,18.987879,92.590904,69.527275,186.46864,178.8782,130.94656,final
2025-08-21,2,1011469,RW26,22.0,4.5454545,13.651515,39.68182,29.75,81.454544,55.16212,51.177902,128.58078,143.70262,final
2025-09-01,2,1011469,RW26,22.0,12.363636,23.366667,37.590908,45.79091,80.18182,68.46667,61.211407,83.85538,115.94622,final
2025-09-11,2,1011469,RW26,22.0,28.0,25.15909,44.90909,62.177273,91.545456,88.51667,109.419754,74.29459,103.23876,final
2025-09-21,2,1011469,RW26,22.0,13.136364,26.078787,53.5,74.604546,99.954544,111.13333,58.356087,73.488266,90.374176,final
2025-10-01,2,1011469,RW26,22.0,34.68182,32.645454,75.818184,83.88333,132.27274,141.42728,105.409325,90.92614,93.74806,final
2025-10-11,2,1011469,RW26,22.0,19.545454,37.451515,67.36364,96.17576,150.18182,177.34091,57.819973,71.522705,85.10532,final
2025-10-21,2,1011469,RW26,22.0,73.0,39.10606,127.22727,109.20303,220.4091,213.55757,176.84645,115.782616,103.13488,final
2025-11-01,2,1011469,RW26,22.0,44.772728,45.233334,137.31818,121.79091,250.7273,251.46515,99.08307,112.24636,99.7123,final
2025-11-11,2,1011469,RW26,22.0,29.272728,37.15,147.04546,121.489395,259.3182,279.84244,81.31133,120.20412,92.79453,final
2025-11-21,2,1011469,RW26,22.0,23.0,42.37424,97.045456,124.757576,277.77274,308.56516,59.103848,78.64316,90.17989,final
2025-12-01,2,1011469,RW26,22.0,29.227272,33.327274,81.5,112.85152,294.63638,318.52576,89.30265,73.397446,92.61593,final
2025-12-11,2,1011469,RW26,22.0,29.545454,28.713636,81.77273,104.41515,296.18182,322.0803,102.4673,79.305954,92.081924,final
2025-12-21,2,1011469,RW26,22.0,58.954544,37.803032,117.72727,99.84394,342.0,333.80457,149.41592,117.0571,102.41892,final
2026-01-01,2,1011469,RW26,22.0,61.863636,28.671211,150.36363,94.2697,369.18182,325.87274,198.57805,156.50659,113.08935,final
2026-01-11,2,1011469,RW26,22.0,35.954544,27.013636,156.77272,93.79243,385.59094,315.40305,127.92845,163.75012,121.90613,final
2026-01-21,2,1011469,RW26,22.0,68.36364,31.748486,166.18182,87.433334,380.95453,308.1894,199.63718,185.1949,123.23359,final
2026-02-01,2,1011469,RW26,22.0,34.409092,29.581818,138.72728,88.34394,370.5909,292.97272,113.95899,153.97601,126.04875,final
2026-02-11,2,1011469,RW26,22.0,28.136364,34.942425,130.9091,96.27273,369.45453,290.41364,82.96032,134.20108,126.75601,final
2026-02-21,2,1011469,RW26,22.0,22.818182,25.05,85.36364,89.57424,369.2727,272.86212,92.57299,95.54784,134.69727,final
2026-03-01,2,1011469,RW26,22.0,48.727272,46.736362,99.681816,106.72879,388.7727,289.34244,103.84818,93.69279,133.78047,prelim
2026-03-11,2,1011469,RW26,22.0,45.136364,38.763638,116.68182,110.55,404.3636,300.61514,114.56169,105.30664,133.94742,prelim
2026-03-21,2,1011469,RW26,22.0,45.454544,56.813637,139.31818,142.31363,390.86365,319.3212,81.62364,97.96661,122.05913,prelim
2026-04-01,2,1011469,RW26,22.0,23.727272,55.886364,114.318184,151.46364,352.72726,346.53638,47.18178,76.25937,101.76109,prelim
2026-04-11,2,1011469,RW26,22.0,44.954544,50.109093,114.13636,162.8091,361.7273,369.63184,90.64665,70.99518,97.89005,forecast
2022-01-01,2,1011470,RW41,20.0,14.6,24.268333,114.49999,88.113335,335.25,341.47333,66.966576,128.33821,98.20381,final
2022-01-11,2,1011470,RW41,20.0,41.85,22.96,112.5,84.51,323.45,321.75833,167.5608,131.27025,100.517715,final
2022-01-21,2,1011470,RW41,20.0,28.45,27.561666,84.899994,74.79,291.80002,299.85666,102.72815,112.67075,97.35724,final
2022-02-01,2,1011470,RW41,20.0,48.45,29.463333,118.75,79.985,304.75003,281.495,155.09238,145.61394,108.11708,final
2022-02-11,2,1011470,RW41,20.0,82.45,36.118332,159.35,93.14333,361.25,277.25168,212.67886,167.45917,129.76007,final
2022-02-21,2,1011470,RW41,20.0,38.65,28.84,169.54999,94.42167,367.24997,261.27835,128.98936,175.56534,139.7973,final
2022-03-01,2,1011470,RW41,20.0,42.55,50.661667,163.65,115.62,396.89996,283.71832,85.426834,139.81926,139.2014,final
2022-03-11,2,1011470,RW41,20.0,51.6,42.005,132.79999,121.50667,404.64996,299.16,120.41272,108.92706,134.68239,final
2022-03-21,2,1011470,RW41,20.0,37.35,62.456665,131.5,155.12334,385.94998,324.335,62.78104,85.24679,118.70891,final
2022-04-01,2,1011470,RW41,20.0,25.25,61.251667,114.2,165.71333,396.6,361.31833,45.659233,69.82465,109.63143,final
2022-04-11,2,1011470,RW41,20.0,51.55,57.285,114.149994,180.99333,406.3,395.64334,90.79232,64.06143,102.65988,final
2022-04-21,2,1011470,RW41,20.0,62.1,51.378334,138.9,169.91501,439.94998,419.46,119.01735,82.268524,104.82731,final
2022-05-01,2,1011470,RW41,20.0,23.2,45.850002,136.84999,154.51334,414.7,435.84668,55.45723,88.92673,95.20317,final
2022-05-11,2,1011470,RW41,20.0,24.5,37.551666,109.8,134.78,356.75,437.28,69.327484,82.12906,81.79208,final
2022-05-21,2,1011470,RW41,20.0,98.45,31.923332,146.15,115.325005,416.55,440.36334,280.17514,125.61811,94.65305,final
2022-06-01,2,1011470,RW41,20.0,4.2,12.371667,127.149994,81.846664,378.2,402.07333,52.9598,152.16473,94.135376,final
2022-06-11,2,1011470,RW41,20.0,3.9,4.745,106.549995,49.04,330.5,364.81332,91.32888,206.42116,90.72144,final
2022-06-21,2,1011470,RW41,20.0,4.35,3.4516666,12.450001,20.568333,297.5,305.80835,110.62907,68.24849,97.32686,final
2022-07-01,2,1011470,RW41,20.0,1.2,2.2183332,9.45,10.415,273.45,246.775,85.8924,93.73986,110.59479,final
2022-07-11,2,1011470,RW41,20.0,1.15,1.745,6.7000003,7.415,223.04999,191.235,91.17866,94.240845,116.2127,final
2022-07-21,2,1011470,RW41,20.0,4.95,3.545,7.2999997,7.508333,165.89998,143.40167,116.44236,98.334435,115.160416,final
2022-08-01,2,1011470,RW41,20.0,12.4,9.473333,18.5,14.763333,155.09998,107.025,120.22109,118.907074,142.9145,final
2022-08-11,2,1011470,RW41,20.0,17.3,13.095,34.649998,26.113333,147.9,82.56834,123.23846,127.43732,174.60649,final
2022-08-21,2,1011470,RW41,20.0,43.25,18.01,72.95,40.578335,92.7,68.655,209.69144,171.02423,132.64545,final
2022-09-01,2,1011470,RW41,20.0,14.0,29.328333,74.55,60.433334,102.5,85.611664,55.34787,121.57413,118.638145,final
2022-09-11,2,1011470,RW41,20.0,33.3,27.096666,90.55,74.435,131.9,107.96333,119.32704,120.28703,121.18976,final
2022-09-21,2,1011470,RW41,20.0,32.05,29.593334,79.35,86.01833,159.6,134.105,107.10156,92.67364,118.32789,final
2022-10-01,2,1011470,RW41,20.0,18.65,38.19,84.0,94.88,177.05,170.07666,54.75805,89.106926,103.98302,final
2022-10-11,2,1011470,RW41,20.0,18.8,43.116665,69.5,110.9,194.7,211.44833,49.46311,64.27955,92.2622,final
2022-10-21,2,1011470,RW41,20.0,53.8,48.75,91.25,130.05667,243.55,256.65335,109.39535,71.26638,94.992096,final
2022-11-01,2,1011470,RW41,20.0,33.85,47.785,106.45,139.65167,265.0,294.965,73.60046,77.04715,90.0105,final
2022-11-11,2,1011470,RW41,20.0,68.55,39.966667,156.2,136.50166,316.25,321.83667,163.56561,113.92091,98.29068,final
2022-11-21,2,1011470,RW41,20.0,44.6,44.701668,147.0,132.45334,317.6,348.52835,99.79544,110.582985,91.251526,final
2022-12-01,2,1011470,RW41,20.0,34.15,30.808332,147.3,115.47667,337.75,350.00833,109.3321,126.41453,96.54703,final
2022-12-11,2,1011470,RW41,20.0,30.35,27.785,109.1,103.295,334.8,350.69666,107.82369,105.36035,95.53084,final
2022-12-21,2,1011470,RW41,20.0,45.35,36.23,109.85,94.82333,348.1,357.33334,122.11981,115.05326,97.4517,final
2023-01-01,2,1011470,RW41,20.0,24.6,24.268333,100.299995,88.113335,354.05002,341.47333,101.133194,113.08799,103.62991,final
2023-01-11,2,1011470,RW41,20.0,53.65,22.96,123.6,84.51,388.9,321.75833,209.76396,143.67111,120.547806,final
2023-01-21,2,1011470,RW41,20.0,33.8,27.561666,112.05,74.79,368.9,299.85666,119.15851,146.69759,122.6478,final
2023-02-01,2,1011470,RW41,20.0,4.2,29.463333,91.649994,79.985,339.25,281.495,26.695038,113.72595,120.15917,final
2023-02-11,2,1011470,RW41,20.0,3.75,36.118332,41.75,93.14333,274.45,277.25168,21.280046,47.63441,99.007385,final
2023-02-21,2,1011470,RW41,20.0,23.15,28.84,31.099998,94.42167,253.0,261.27835,83.18558,36.30999,96.89109,final
2023-03-01,2,1011470,RW41,20.0,25.6,50.661667,52.5,115.62,244.45,283.71832,54.975,47.67037,86.39909,final
2023-03-11,2,1011470,RW41,20.0,90.9,42.005,139.65,121.50667,305.0,299.16,204.02086,114.3418,101.920044,final
2023-03-21,2,1011470,RW41,20.0,60.95,62.456665,177.45,155.12334,320.6,324.335,97.766464,113.94341,98.865906,final
2023-04-01,2,1011470,RW41,20.0,80.35,61.251667,232.20001,165.71333,376.35,361.31833,128.82695,138.9464,104.10345,final
2023-04-11,2,1011470,RW41,20.0,75.4,57.285,216.70001,180.99333,398.09998,395.64334,129.08405,119.19783,100.613174,final
2023-04-21,2,1011470,RW41,20.0,72.6,51.378334,228.35,169.91501,436.9,419.46,137.64153,133.40765,104.10875,final
2023-05-01,2,1011470,RW41,20.0,150.6,45.850002,298.6,154.51334,583.3,435.84668,305.99805,190.32892,133.44775,final
2023-05-11,2,1011470,RW41,20.0,8.45,37.551666,231.65001,134.78,588.0,437.28,31.608633,169.30177,134.07796,final
2023-05-21,2,1011470,RW41,20.0,12.4,31.923332,171.45,115.325005,577.25006,440.36334,47.124672,146.6445,130.73596,final
2023-06-01,2,1011470,RW41,20.0,2.2,12.371667,23.05,81.846664,553.8501,402.07333,41.4468,32.2983,137.28488,final
2023-06-11,2,1011470,RW41,20.0,1.15,4.745,15.749999,49.04,464.10004,364.81332,63.10929,38.397484,126.84779,final
2023-06-21,2,1011470,RW41,20.0,1.55,3.4516666,4.8999996,20.568333,404.7,305.80835,77.49951,38.71977,131.81757,final
2023-07-01,2,1011470,RW41,20.0,2.1,2.2183332,4.7999997,10.415,326.45,246.775,98.36066,63.574432,131.64532,final
2023-07-11,2,1011470,RW41,20.0,1.0,1.745,4.6499996,7.415,252.05,191.235,88.95478,77.72855,130.9909,final
2023-07-21,2,1011470,RW41,20.0,1.0,3.545,4.1,7.508333,180.45,143.40167,70.2165,72.7515,124.96489,final
2023-08-01,2,1011470,RW41,20.0,1.0,9.473333,3.0,14.763333,30.849998,107.025,41.455547,40.479004,32.001785,final
2023-08-11,2,1011470,RW41,20.0,1.2,13.095,3.2,26.113333,23.6,82.56834,34.263603,26.35526,32.660206,final
2023-08-21,2,1011470,RW41,20.0,1.9,18.01,4.1,40.578335,13.099999,68.655,29.986963,19.965628,24.574026,final
2023-09-01,2,1011470,RW41,20.0,24.75,29.328333,27.85,60.433334,35.65,85.611664,86.66312,50.203766,44.861774,final
2023-09-11,2,1011470,RW41,20.0,44.7,27.096666,71.35,74.435,79.2,107.96333,154.84474,96.116325,74.53745,final
2023-09-21,2,1011470,RW41,20.0,27.75,29.593334,97.2,86.01833,105.4,134.105,94.67142,112.285065,79.36452,final
2023-10-01,2,1011470,RW41,20.0,16.15,38.19,88.6,94.88,119.450005,170.07666,48.96967,93.712456,71.08315,final
2023-10-11,2,1011470,RW41,20.0,40.2,43.116665,84.100006,110.9,158.65001,211.44833,93.938354,76.876625,75.60696,final
2023-10-21,2,1011470,RW41,20.0,28.8,48.75,85.149994,130.05667,186.45001,256.65335,62.883717,66.74975,73.169334,final
2023-11-01,2,1011470,RW41,20.0,40.8,47.785,109.8,139.65167,226.25002,294.965,86.767075,79.36307,77.09233,final
2023-11-11,2,1011470,RW41,20.0,58.5,39.966667,128.1,136.50166,283.55,321.83667,141.21571,94.0625,88.28568,final
2023-11-21,2,1011470,RW41,20.0,53.1,44.701668,152.4,132.45334,334.75003,348.52835,116.89749,114.51158,96.10262,final
2023-12-01,2,1011470,RW41,20.0,22.2,30.808332,133.8,115.47667,332.20004,350.00833,75.95998,115.20903,94.983696,final
2023-12-11,2,1011470,RW41,20.0,23.8,27.785,99.100006,103.295,311.30002,350.69666,87.845055,96.12633,88.924095,final
2023-12-21,2,1011470,RW41,20.0,57.75,36.23,103.75,94.82333,341.3,357.33334,152.195,108.94246,95.57497,final
2024-01-01,2,1011470,RW41,20.0,11.75,24.268333,93.3,88.113335,336.9,341.47333,57.229088,105.57027,98.68003,final
2024-01-11,2,1011470,RW41,20.0,21.65,22.96,91.15,84.51,318.35,321.75833,95.314735,107.41817,98.95693,final
2024-01-21,2,1011470,RW41,20.0,31.0,27.561666,64.4,74.79,320.55,299.85666,110.55944,86.97832,106.78789,final
2024-02-01,2,1011470,RW41,20.0,15.45,29.463333,68.1,79.985,295.2,281.495,59.338432,86.015175,104.78369,final
2024-02-11,2,1011470,RW41,20.0,19.4,36.118332,65.85,93.14333,256.1,277.25168,59.34093,72.19033,92.506096,final
2024-02-21,2,1011470,RW41,20.0,8.1,28.84,42.949997,94.42167,211.09999,261.27835,38.711582,48.22892,81.15568,final
2024-03-01,2,1011470,RW41,20.0,30.55,50.661667,58.05,115.62,219.45001,283.71832,63.86801,52.27159,77.740135,final
2024-03-11,2,1011470,RW41,20.0,25.35,42.005,64.0,121.50667,221.00002,299.16,64.5676,54.542576,74.303,final
2024-03-21,2,1011470,RW41,20.0,41.1,62.456665,97.0,155.12334,204.35,324.335,68.34017,63.700897,63.567497,final
2024-04-01,2,1011470,RW41,20.0,55.45,61.251667,121.899994,165.71333,248.05,361.31833,91.243,74.33514,69.07926,final
2024-04-11,2,1011470,RW41,20.0,61.35,57.285,157.9,180.99333,287.75,395.64334,106.52644,87.58378,73.06998,final
2024-04-21,2,1011470,RW41,20.0,89.75,51.378334,206.55,169.91501,346.5,419.46,168.06102,120.94445,82.811104,final
2024-05-01,2,1011470,RW41,20.0,64.3,45.850002,215.40001,154.51334,395.34998,435.84668,136.28319,138.17027,90.81388,final
2024-05-11,2,1011470,RW41,20.0,6.55,37.551666,160.6,134.78,382.5,437.28,27.143473,118.471886,87.61418,final
2024-05-21,2,1011470,RW41,20.0,10.2,31.923332,81.05,115.325005,384.59998,440.36334,41.16638,71.51465,87.47913,final
2024-06-01,2,1011470,RW41,20.0,2.0,12.371667,18.75,81.846664,356.05,402.07333,40.2955,27.34705,88.69409,final
2024-06-11,2,1011470,RW41,20.0,1.3,4.745,13.5,49.04,332.0,364.81332,64.64854,34.233902,91.12705,final
2024-06-21,2,1011470,RW41,20.0,1.6,3.4516666,4.9,20.568333,292.5,305.80835,78.0911,38.71977,95.718155,final
2024-07-01,2,1011470,RW41,20.0,3.1,2.2183332,6.0,10.415,240.15002,246.775,112.21428,71.35907,97.36869,final
2024-07-11,2,1011470,RW41,20.0,1.0,1.745,5.7,7.415,179.80002,191.235,88.95478,86.186066,94.17281,final
2024-07-21,2,1011470,RW41,20.0,1.75,3.545,5.85,7.508333,91.8,143.40167,78.99357,86.74217,65.22838,final
2024-08-01,2,1011470,RW41,20.0,1.95,9.473333,4.7,14.763333,29.45,107.025,48.019344,49.08079,30.752066,final
2024-08-11,2,1011470,RW41,20.0,8.05,13.095,11.75,26.113333,30.95,82.56834,72.11937,53.83544,41.053654,final
2024-08-21,2,1011470,RW41,20.0,11.4,18.01,21.4,40.578335,32.15,68.655,71.27335,57.922256,50.437855,final
2024-09-01,2,1011470,RW41,20.0,10.95,29.328333,30.400002,60.433334,41.1,85.611664,46.46308,54.100864,50.87645,final
2024-09-11,2,1011470,RW41,20.0,10.0,27.096666,32.35,74.435,49.8,107.96333,46.73383,47.019573,48.511314,final
2024-09-21,2,1011470,RW41,20.0,58.85,29.593334,79.8,86.01833,107.05,134.105,184.57312,93.168045,80.550674,final
2024-10-01,2,1011470,RW41,20.0,37.1,38.19,105.95,94.88,141.04999,170.07666,97.476265,111.083305,83.42059,final
2024-10-11,2,1011470,RW41,20.0,67.65,43.116665,163.6,110.9,207.69998,211.44833,150.9872,145.47025,98.26825,final
2024-10-21,2,1011470,RW41,20.0,32.15,48.75,136.9,130.05667,238.09998,256.65335,69.11628,105.067,92.90917,final
2024-11-01,2,1011470,RW41,20.0,79.65,47.785,179.45001,139.65167,315.8,294.965,160.36754,127.51323,106.945816,final
2024-11-11,2,1011470,RW41,20.0,92.2,39.966667,204.0,136.50166,399.94995,321.83667,216.16011,147.70145,123.899796,final
2024-11-21,2,1011470,RW41,20.0,107.2,44.701668,279.05,132.45334,495.75,348.52835,225.74695,206.65193,141.64352,final
2024-12-01,2,1011470,RW41,20.0,16.45,30.808332,215.84999,115.47667,501.25,350.00833,59.902256,183.31349,142.6023,final
2024-12-11,2,1011470,RW41,20.0,27.05,27.785,150.7,103.295,518.3,350.69666,97.75812,143.77396,147.11974,final
2024-12-21,2,1011470,RW41,20.0,34.75,36.23,78.25,94.82333,494.2,357.33334,96.410385,83.39733,137.7737,final
2025-01-01,2,1011470,RW41,20.0,7.35,24.268333,69.15,88.113335,464.45004,341.47333,42.195778,79.63413,135.49385,final
2025-01-11,2,1011470,RW41,20.0,24.2,22.96,66.3,84.51,421.00003,321.75833,104.434906,79.65591,130.3716,final
2025-01-21,2,1011470,RW41,20.0,40.6,27.561666,72.15,74.79,429.45,299.85666,140.04196,96.691315,142.5096,final
2025-02-01,2,1011470,RW41,20.0,28.75,29.463333,93.55,79.985,378.55002,281.495,97.93017,115.96165,133.8767,final
2025-02-11,2,1011470,RW41,20.0,20.95,36.118332,90.3,93.14333,307.30002,277.25168,63.110535,97.10288,110.645935,final
2025-02-21,2,1011470,RW41,20.0,2.95,28.84,52.65,94.42167,203.04999,261.27835,23.492907,57.985348,78.13252,final
2025-03-01,2,1011470,RW41,20.0,18.0,50.661667,41.9,115.62,204.6,283.71832,41.32108,38.88244,72.59671,final
2025-03-11,2,1011470,RW41,20.0,29.2,42.005,50.15,121.50667,206.74998,299.16,72.75822,43.594543,69.61796,final
2025-03-21,2,1011470,RW41,20.0,37.55,62.456665,84.75,155.12334,209.55,324.335,63.077534,56.050545,65.14643,final
2025-04-01,2,1011470,RW41,20.0,57.3,61.251667,124.05,165.71333,259.5,361.31833,94.03538,75.59457,72.204956,final
2025-04-11,2,1011470,RW41,20.0,66.85,57.285,161.7,180.99333,302.15,395.64334,115.35683,89.62687,76.6642,final
2025-04-21,2,1011470,RW41,20.0,120.45,51.378334,244.59999,169.91501,382.0,419.46,222.51456,142.69788,91.17467,final
2025-05-01,2,1011470,RW41,20.0,58.0,45.850002,245.29999,154.51334,411.25,435.84668,123.8938,156.91476,94.420586,final
2025-05-11,2,1011470,RW41,20.0,36.65,37.551666,215.1,134.78,426.94998,437.28,97.88101,157.46173,97.664375,final
2025-05-21,2,1011470,RW41,20.0,26.7,31.923332,121.350006,115.325005,450.69998,440.36334,85.85358,105.00728,102.320946,final
2025-06-01,2,1011470,RW41,20.0,7.1,12.371667,70.450005,81.846664,439.8,402.07333,69.653656,86.877266,109.267784,final
2025-06-11,2,1011470,RW41,20.0,23.45,4.745,57.25,49.04,434.05002,364.81332,291.9446,115.19245,118.72207,final
2025-06-21,2,1011470,RW41,20.0,9.95,3.4516666,40.5,20.568333,406.45,305.80835,176.88818,177.95451,132.38062,final
2025-07-01,2,1011470,RW41,20.0,2.9,2.2183332,36.300003,10.415,352.05002,246.775,109.44354,267.92087,141.81314,final
2025-07-11,2,1011470,RW41,20.0,1.65,1.745,14.5,7.415,286.85,191.235,98.59155,157.06805,148.72475,final
2025-07-21,2,1011470,RW41,20.0,1.05,3.545,5.6000004,7.508333,167.45,143.40167,70.801636,84.74351,116.204895,final
2025-08-01,2,1011470,RW41,20.0,19.45,9.473333,22.150002,14.763333,128.90001,107.025,168.93138,137.37563,119.5269,final
2025-08-11,2,1011470,RW41,20.0,31.0,13.095,51.5,26.113333,123.25,82.56834,198.94997,181.59418,146.45705,final
2025-08-21,2,1011470,RW41,20.0,3.3,18.01,53.75,40.578335,99.850006,68.655,36.071274,128.89897,142.35287,final
2025-09-01,2,1011470,RW41,20.0,11.65,29.328333,45.949997,60.433334,104.40001,85.611664,48.50221,77.86551,120.735016,final
2025-09-11,2,1011470,RW41,20.0,30.5,27.096666,45.45,74.435,111.450005,107.96333,110.60339,63.51105,103.086555,final
2025-09-21,2,1011470,RW41,20.0,7.65,29.593334,49.800003,86.01833,109.15,134.105,36.567738,60.207653,82.06032,final
2025-10-01,2,1011470,RW41,20.0,54.35,38.19,92.5,94.88,160.6,170.07666,137.41606,97.61714,94.58714,final
2025-10-11,2,1011470,RW41,20.0,27.0,43.116665,89.0,110.9,185.95,211.44833,66.50503,81.1044,88.219666,final
2025-10-21,2,1011470,RW41,20.0,78.8,48.75,160.15,130.05667,263.7,256.65335,155.90698,122.28199,102.69313,final
2025-11-01,2,1011470,RW41,20.0,53.5,47.785,159.3,139.65167,297.75,294.965,110.82694,113.583206,100.92844,final
2025-11-11,2,1011470,RW41,20.0,26.7,39.966667,159.0,136.50166,293.45,321.83667,70.496666,115.8997,91.31473,final
2025-11-21,2,1011470,RW41,20.0,18.2,44.701668,98.399994,132.45334,308.35004,348.52835,46.678516,75.225525,88.63505,final
2025-12-01,2,1011470,RW41,20.0,23.2,30.808332,68.100006,115.47667,319.90002,350.00833,78.75262,60.67565,91.51899,final
2025-12-11,2,1011470,RW41,20.0,33.95,27.785,75.350006,103.295,323.35004,350.69666,118.80434,74.195496,92.31182,final
2025-12-21,2,1011470,RW41,20.0,74.7,36.23,131.85,94.82333,390.40002,357.33334,193.30583,137.0922,109.126045,final
2026-01-01,2,1011470,RW41,20.0,44.6,24.268333,153.25,88.113335,380.65,341.47333,169.46643,169.95418,111.30727,final
2026-01-11,2,1011470,RW41,20.0,21.75,22.96,141.04999,84.51,375.4,321.75833,95.67239,163.1661,116.41631,final
2026-01-21,2,1011470,RW41,20.0,64.5,27.561666,130.85,74.79,361.09998,299.85666,213.44116,170.25945,120.08922,final
2026-02-01,2,1011470,RW41,20.0,33.85,29.463333,120.1,79.985,341.45,281.495,112.7285,147.20244,120.92707,final
2026-02-11,2,1011470,RW41,20.0,32.95,36.118332,131.3,93.14333,347.7,277.25168,92.2946,138.87851,124.9594,final
2026-02-21,2,1011470,RW41,20.0,25.75,28.84,92.55,94.42167,355.25003,261.27835,90.8688,98.11745,135.29077,final
2026-03-01,2,1011470,RW41,20.0,57.25,50.661667,115.95,115.62,389.30002,283.71832,111.836395,100.27358,136.5691,prelim
2026-03-11,2,1011470,RW41,20.0,41.2,42.005,124.2,121.50667,396.55002,299.16,98.287415,102.129005,132.01935,prelim
2026-03-21,2,1011470,RW41,20.0,51.85,62.456665,150.29999,155.12334,373.70004,324.335,84.27632,96.98773,114.98932,prelim
2026-04-01,2,1011470,RW41,20.0,30.15,61.251667,123.200005,165.71333,359.25,361.31833,53.055275,75.096664,99.43537,prelim
2026-04-11,2,1011470,RW41,20.0,50.3,57.285,132.3,180.99333,387.8,395.64334,88.78542,73.819855,98.04231,forecast
2022-01-01,2,1011471,RW36,27.0,27.185184,50.39012,153.96297,164.36296,434.81482,500.70618,58.10636,93.859344,86.97043,final
2022-01-11,2,1011471,RW36,27.0,66.81481,46.00864,160.55554,157.16296,454.88885,492.1963,140.7895,102.09207,92.49644,final
2022-01-21,2,1011471,RW36,27.0,67.55556,53.42963,161.55556,149.8284,477.81482,489.1617,124.175964,107.574295,97.70381,final
2022-02-01,2,1011471,RW36,27.0,56.25926,46.02716,190.62962,145.46544,467.40738,474.55554,120.05225,130.01631,98.50942,final
2022-02-11,2,1011471,RW36,27.0,92.111115,52.35926,215.92593,151.81606,514.2222,470.94073,169.30328,140.88222,109.09388,final
2022-02-21,2,1011471,RW36,27.0,34.814816,38.406174,183.1852,136.79259,512.96295,452.8753,91.72616,132.71864,113.123146,final
2022-03-01,2,1011471,RW36,27.0,43.77778,60.21605,170.7037,150.98148,515.29626,460.80988,74.79413,112.64396,111.69713,final
2022-03-11,2,1011471,RW36,27.0,65.40741,50.877777,144.0,149.5,520.48145,458.479,126.002525,96.44013,113.37762,final
2022-03-21,2,1011471,RW36,27.0,54.148148,71.60988,163.33334,182.7037,508.0741,469.3247,77.20695,89.68035,108.16938,final
2022-04-01,2,1011471,RW36,27.0,32.851852,62.922222,152.40741,185.40988,513.7407,481.85678,55.728226,82.66766,106.54894,final
2022-04-11,2,1011471,RW36,27.0,66.92593,57.407406,153.92593,191.93951,513.85187,493.25555,115.252235,80.69784,104.13369,final
2022-04-21,2,1011471,RW36,27.0,48.51852,59.250618,148.2963,179.58025,494.81488,499.07654,83.29651,83.0513,99.154564,final
2022-05-01,2,1011471,RW36,27.0,22.148148,42.958023,137.59259,159.61604,460.70374,496.00742,56.608147,86.62132,92.95346,final
2022-05-11,2,1011471,RW36,27.0,36.51852,37.058025,107.185196,139.26666,405.1111,480.70618,98.71724,77.76238,84.43605,final
2022-05-21,2,1011471,RW36,27.0,81.62963,35.762962,140.2963,115.779015,451.92593,478.06296,212.52046,120.29929,94.58931,final
2022-06-01,2,1011471,RW36,27.0,3.7037036,13.3,121.85185,86.12099,411.85187,431.1469,47.561226,139.21255,95.57603,final
2022-06-11,2,1011471,RW36,27.0,13.037037,9.075309,98.37038,58.13827,359.4815,389.34445,128.14665,163.72063,92.42719,final
2022-06-21,2,1011471,RW36,27.0,6.4444447,8.002469,23.185184,30.377777,311.7778,325.73703,88.01748,79.669174,95.77936,final
2022-07-01,2,1011471,RW36,27.0,4.6666665,4.2246914,24.148148,21.30247,283.59262,267.0395,104.791214,110.81905,106.08482,final
2022-07-11,2,1011471,RW36,27.0,3.148148,3.0123456,14.259258,15.239506,219.81482,212.64444,101.694916,95.15676,103.29454,final
2022-07-21,2,1011471,RW36,27.0,17.296297,5.1567903,25.11111,12.393827,188.59259,158.55061,219.52109,173.11377,118.368614,final
2022-08-01,2,1011471,RW36,27.0,13.925926,10.632099,34.37037,18.801235,180.37036,126.22469,121.07092,165.41313,141.2618,final
2022-08-11,2,1011471,RW36,27.0,13.777778,11.546913,45.0,27.335802,157.62964,100.71358,113.48207,154.62738,153.83987,final
2022-08-21,2,1011471,RW36,27.0,26.703703,17.258024,54.40741,39.43704,102.703705,82.20864,142.43718,133.68895,123.50118,final
2022-09-01,2,1011471,RW36,27.0,27.851852,32.29753,68.33333,61.10247,126.85185,101.20618,88.080505,110.93886,124.14707,final
2022-09-11,2,1011471,RW36,27.0,37.407406,35.339508,91.96297,84.895065,151.22223,127.47037,105.126236,107.86239,117.92995,final
2022-09-21,2,1011471,RW36,27.0,30.74074,34.407406,96.0,102.04445,175.51851,153.8753,90.69548,94.35333,113.62276,final
2022-10-01,2,1011471,RW36,27.0,42.296295,45.751854,110.44444,115.498764,213.14815,195.40247,93.19127,95.805504,108.85502,final
2022-10-11,2,1011471,RW36,27.0,21.407408,55.498764,94.44444,135.65802,231.40741,247.88889,43.6495,70.69945,93.48272,final
2022-10-21,2,1011471,RW36,27.0,83.296295,55.033333,147.0,156.28395,297.4074,297.76544,147.07878,94.24372,99.881744,final
2022-11-01,2,1011471,RW36,27.0,83.666664,60.595062,188.37036,171.12717,367.14813,347.7284,135.17278,109.79019,105.50558,final
2022-11-11,2,1011471,RW36,27.0,59.88889,56.024693,226.85184,171.65309,413.25925,392.20618,106.332184,131.24698,105.300285,final
2022-11-21,2,1011471,RW36,27.0,59.37037,55.8679,202.92593,172.48766,445.9259,430.81604,105.75421,117.14952,103.467026,final
2022-12-01,2,1011471,RW36,27.0,48.666668,52.5321,167.92593,164.4247,466.74072,451.05063,93.28126,102.06654,103.44043,final
2022-12-11,2,1011471,RW36,27.0,69.96296,54.996296,178.0,163.3963,499.29626,470.7074,124.94598,108.672226,106.00976,final
2022-12-21,2,1011471,RW36,27.0,73.111115,61.61852,191.74074,169.14691,541.6666,497.91852,117.25136,112.974,108.698845,final
2023-01-01,2,1011471,RW36,27.0,36.074074,50.39012,179.14813,164.36296,535.4444,500.70618,74.15415,108.72987,106.86925,final
2023-01-11,2,1011471,RW36,27.0,54.11111,46.00864,163.2963,157.16296,568.1481,492.1963,115.88451,103.7822,115.27602,final
2023-01-21,2,1011471,RW36,27.0,65.333336,53.42963,155.51852,149.8284,550.1852,489.1617,120.37273,103.67512,112.34889,final
2023-02-01,2,1011471,RW36,27.0,28.851852,46.02716,148.2963,145.46544,495.37036,474.55554,66.34085,101.88139,104.34043,final
2023-02-11,2,1011471,RW36,27.0,29.185184,52.35926,123.37038,151.81606,464.6667,470.94073,59.59837,81.86048,98.68176,final
2023-02-21,2,1011471,RW36,27.0,30.62963,38.406174,88.666664,136.79259,435.92596,452.8753,82.08425,66.05893,96.29826,final
2023-03-01,2,1011471,RW36,27.0,41.11111,60.21605,100.92592,150.98148,428.3704,460.80988,70.705154,67.909294,93.0359,final
2023-03-11,2,1011471,RW36,27.0,42.185184,50.877777,113.92592,149.5,400.59262,458.479,84.443565,76.9747,87.51046,final
2023-03-21,2,1011471,RW36,27.0,96.59259,71.60988,179.88889,182.7037,424.07407,469.3247,132.61029,98.5004,90.459984,final
2023-04-01,2,1011471,RW36,27.0,84.85185,62.922222,223.62962,185.40988,472.85187,481.85678,132.28638,120.07235,98.1504,final
2023-04-11,2,1011471,RW36,27.0,53.62963,57.407406,235.07407,191.93951,472.37036,493.25555,93.946594,121.90244,95.80834,final
2023-04-21,2,1011471,RW36,27.0,115.03704,59.250618,253.51852,179.58025,522.0741,499.07654,186.82628,140.05753,104.56232,final
2023-05-01,2,1011471,RW36,27.0,155.77777,42.958023,324.44446,159.61604,649.0,496.00742,335.2469,200.12901,130.53699,final
2023-05-11,2,1011471,RW36,27.0,23.481482,37.058025,294.2963,139.26666,643.2963,480.70618,67.7195,207.46048,133.475,final
2023-05-21,2,1011471,RW36,27.0,19.481482,35.762962,198.74072,115.779015,632.1482,478.06296,60.05815,168.68884,131.89755,final
2023-06-01,2,1011471,RW36,27.0,2.1851852,13.3,45.148148,86.12099,593.2223,431.1469,39.26331,55.034683,137.16074,final
2023-06-11,2,1011471,RW36,27.0,4.296296,9.075309,25.962963,58.13827,555.3334,389.34445,66.04684,49.03993,142.09238,final
2023-06-21,2,1011471,RW36,27.0,8.481482,8.002469,14.962963,30.377777,467.2222,325.73703,103.684006,56.427975,142.77875,final
2023-07-01,2,1011471,RW36,27.0,7.185185,4.2246914,19.962963,21.30247,389.55554,267.0395,132.09314,94.9073,145.03613,final
2023-07-11,2,1011471,RW36,27.0,1.7777778,3.0123456,17.444445,15.239506,337.70367,212.64444,84.59168,110.894226,157.46034,final
2023-07-21,2,1011471,RW36,27.0,2.2222223,5.1567903,11.185185,12.393827,224.88885,158.55061,71.10733,93.05131,140.5613,final
2023-08-01,2,1011471,RW36,27.0,4.5925927,10.632099,8.592592,18.801235,73.703705,126.22469,61.36471,57.108765,59.976284,final
2023-08-11,2,1011471,RW36,27.0,6.740741,11.546913,13.555555,27.335802,56.962963,100.71358,70.95426,57.383938,58.614002,final
2023-08-21,2,1011471,RW36,27.0,7.185185,17.258024,18.518518,39.43704,44.666664,82.20864,54.745132,52.925484,56.95154,final
2023-09-01,2,1011471,RW36,27.0,40.555557,32.29753,54.481483,61.10247,83.03703,101.20618,122.140945,89.98376,82.89257,final
2023-09-11,2,1011471,RW36,27.0,42.11111,35.339508,89.85185,84.895065,120.85185,127.47037,116.78653,105.51397,95.00378,final
2023-09-21,2,1011471,RW36,27.0,21.592592,34.407406,104.25926,102.04445,133.96297,153.8753,67.4812,102.06905,87.46669,final
2023-10-01,2,1011471,RW36,27.0,28.37037,45.751854,92.07407,115.498764,155.14815,195.40247,65.752014,80.56023,79.91326,final
2023-10-11,2,1011471,RW36,27.0,45.62963,55.498764,95.59259,135.65802,199.0,247.88889,83.68705,71.51572,80.66784,final
2023-10-21,2,1011471,RW36,27.0,44.925926,55.033333,118.92593,156.28395,241.7037,297.76544,83.16368,76.83711,81.483444,final
2023-11-01,2,1011471,RW36,27.0,58.77778,60.595062,149.33334,171.12717,295.8889,347.7284,97.22954,87.62609,85.303276,final
2023-11-11,2,1011471,RW36,27.0,43.25926,56.024693,146.96297,171.65309,332.4074,392.20618,79.08152,86.023384,84.94515,final
2023-11-21,2,1011471,RW36,27.0,42.25926,55.8679,144.2963,172.48766,367.48148,430.81604,77.642334,84.11644,85.4676,final
2023-12-01,2,1011471,RW36,27.0,28.518518,52.5321,114.03703,164.4247,355.44443,451.05063,58.260548,70.25955,79.03606,final
2023-12-11,2,1011471,RW36,27.0,25.777779,54.996296,96.55556,163.3963,339.1111,470.7074,51.299465,60.307472,72.336716,final
2023-12-21,2,1011471,RW36,27.0,88.666664,61.61852,142.96295,169.14691,406.18518,497.91852,140.60155,84.96444,81.759796,final
2024-01-01,2,1011471,RW36,27.0,47.88889,50.39012,162.33333,164.36296,425.7037,500.70618,95.48434,98.801605,85.16877,final
2024-01-11,2,1011471,RW36,27.0,35.666668,46.00864,172.22223,157.16296,415.74072,492.1963,79.72506,109.2865,84.62266,final
2024-01-21,2,1011471,RW36,27.0,53.962963,53.42963,137.51852,149.8284,424.77774,489.1617,100.91277,92.04934,86.97108,final
2024-02-01,2,1011471,RW36,27.0,12.703704,46.02716,102.333336,145.46544,378.70367,474.55554,34.694668,71.33421,80.01235,final
2024-02-11,2,1011471,RW36,27.0,32.814816,52.35926,99.481476,151.81606,368.25925,470.94073,65.92626,66.62677,78.425575,final
2024-02-21,2,1011471,RW36,27.0,15.592592,38.406174,61.111115,136.79259,341.5926,452.8753,47.44162,46.625225,75.69585,final
2024-03-01,2,1011471,RW36,27.0,37.185184,60.21605,85.59259,150.98148,350.25925,460.80988,64.68528,58.07907,76.267006,final
2024-03-11,2,1011471,RW36,27.0,31.185184,50.877777,83.96297,149.5,355.66666,458.479,64.757744,57.58121,77.81726,final
2024-03-21,2,1011471,RW36,27.0,61.148148,71.60988,129.51852,182.7037,328.14813,469.3247,86.34415,71.66535,70.2363,final
2024-04-01,2,1011471,RW36,27.0,50.37037,62.922222,142.7037,185.40988,330.6296,481.85678,81.520256,77.57145,68.93806,final
2024-04-11,2,1011471,RW36,27.0,88.96296,57.407406,200.48148,191.93951,383.9259,493.25555,150.5638,104.33736,78.05752,final
2024-04-21,2,1011471,RW36,27.0,71.62963,59.250618,210.96295,179.58025,401.5926,499.07654,119.26676,117.0022,80.66089,final
2024-05-01,2,1011471,RW36,27.0,43.62963,42.958023,204.22223,159.61604,432.51852,496.00742,101.40041,127.09711,87.32775,final
2024-05-11,2,1011471,RW36,27.0,28.296297,37.058025,143.55556,139.26666,428.0,480.70618,79.16752,102.972885,89.148544,final
2024-05-21,2,1011471,RW36,27.0,19.814816,35.762962,91.74074,115.779015,432.22223,478.06296,60.875885,80.097305,90.51041,final
2024-06-01,2,1011471,RW36,27.0,3.1111112,13.3,51.222225,86.12099,398.14816,431.1469,44.323013,61.70063,92.43403,final
2024-06-11,2,1011471,RW36,27.0,3.2222223,9.075309,26.148148,58.13827,370.1852,389.34445,58.41593,49.33323,95.141495,final
2024-06-21,2,1011471,RW36,27.0,3.9629629,8.002469,10.296296,30.377777,313.0,325.73703,68.93278,43.23702,96.148895,final
2024-07-01,2,1011471,RW36,27.0,4.703704,4.2246914,11.888889,21.30247,267.33334,267.0395,105.19272,64.21028,100.10802,final
2024-07-11,2,1011471,RW36,27.0,1.4074074,3.0123456,10.074075,15.239506,179.7778,212.64444,79.969185,74.47847,84.89893,final
2024-07-21,2,1011471,RW36,27.0,1.8888888,5.1567903,8.0,12.393827,110.03703,158.55061,67.825455,74.73916,70.337265,final
2024-08-01,2,1011471,RW36,27.0,5.111111,10.632099,8.407408,18.801235,71.518524,126.22469,64.68172,56.330723,58.31107,final
2024-08-11,2,1011471,RW36,27.0,8.259259,11.546913,15.259259,27.335802,51.48148,100.71358,80.13132,62.652718,53.428787,final
2024-08-21,2,1011471,RW36,27.0,11.777778,17.258024,25.148148,39.43704,43.444447,82.20864,75.37856,67.844635,55.55005,final
2024-09-01,2,1011471,RW36,27.0,14.555555,32.29753,34.59259,61.10247,54.888893,101.20618,52.431232,59.89578,56.38927,final
2024-09-11,2,1011471,RW36,27.0,13.0,35.339508,39.333332,84.895065,64.666664,127.47037,44.62127,49.316757,52.590378,final
2024-09-21,2,1011471,RW36,27.0,54.74074,34.407406,82.296295,102.04445,115.44444,153.8753,151.59775,81.551445,75.81068,final
2024-10-01,2,1011471,RW36,27.0,45.037037,45.751854,112.77777,115.498764,155.77777,195.40247,98.591545,97.74189,80.22744,final
2024-10-11,2,1011471,RW36,27.0,30.444445,55.498764,130.22223,135.65802,184.8148,247.88889,58.58705,96.13545,75.05858,final
2024-10-21,2,1011471,RW36,27.0,68.888885,55.033333,144.37036,156.28395,251.8148,297.76544,123.079765,92.61328,84.82303,final
2024-11-01,2,1011471,RW36,27.0,112.666664,60.595062,212.0,171.12717,359.37036,347.7284,179.38342,123.206436,103.300545,final
2024-11-11,2,1011471,RW36,27.0,107.92593,56.024693,289.48148,171.65309,459.03705,392.20618,185.04956,166.70044,116.82523,final
2024-11-21,2,1011471,RW36,27.0,81.37037,55.8679,301.96295,172.48766,528.62964,430.81604,141.89806,172.9489,122.44379,final
2024-12-01,2,1011471,RW36,27.0,20.296297,52.5321,209.59259,164.4247,534.3704,451.05063,43.969013,126.65957,118.26986,final
2024-12-11,2,1011471,RW36,27.0,55.814816,54.996296,157.48148,163.3963,577.1852,470.7074,101.36428,96.48756,122.38305,final
2024-12-21,2,1011471,RW36,27.0,54.074074,61.61852,130.18518,169.14691,576.5185,497.91852,88.675156,77.62709,115.62877,final
2025-01-01,2,1011471,RW36,27.0,31.518518,50.39012,141.40741,164.36296,563.0,500.70618,65.92966,86.445946,112.318184,final
2025-01-11,2,1011471,RW36,27.0,68.59259,46.00864,154.18518,157.16296,601.14813,492.1963,144.27477,98.16371,121.91324,final
2025-01-21,2,1011471,RW36,27.0,48.962963,53.42963,149.07407,149.8284,581.2222,489.1617,92.35548,99.512794,118.62963,final
2025-02-01,2,1011471,RW36,27.0,52.74074,46.02716,170.2963,145.46544,521.29626,474.55554,113.156876,116.5027,109.74667,final
2025-02-11,2,1011471,RW36,27.0,60.666668,52.35926,162.37038,151.81606,474.03702,470.94073,114.483116,106.73038,100.65056,final
2025-02-21,2,1011471,RW36,27.0,12.074074,38.406174,125.48148,136.79259,404.74072,452.8753,39.335587,92.02277,89.487404,final
2025-03-01,2,1011471,RW36,27.0,32.962963,60.21605,105.703705,150.98148,417.40738,460.80988,58.211075,70.97234,90.68236,final
2025-03-11,2,1011471,RW36,27.0,42.666668,50.877777,87.703705,149.5,404.25922,458.479,85.30523,60.0024,88.30156,final
2025-03-21,2,1011471,RW36,27.0,48.22222,71.60988,123.85185,182.7037,398.40738,469.3247,69.47175,68.64641,85.04878,final
2025-04-01,2,1011471,RW36,27.0,72.25926,62.922222,163.14815,185.40988,439.14813,481.85678,113.74666,88.30852,91.22768,final
2025-04-11,2,1011471,RW36,27.0,103.14815,57.407406,223.62964,191.93951,473.70374,493.25555,173.29376,116.0913,96.07594,final
2025-04-21,2,1011471,RW36,27.0,37.037037,59.250618,212.44444,179.58025,461.77777,499.07654,65.42667,117.804825,92.60057,final
2025-05-01,2,1011471,RW36,27.0,78.62963,42.958023,218.81482,159.61604,487.6667,496.00742,174.3809,135.96173,98.335205,final
2025-05-11,2,1011471,RW36,27.0,37.814816,37.058025,153.48149,139.26666,464.81485,480.70618,101.79939,109.85316,96.7282,final
2025-05-21,2,1011471,RW36,27.0,13.111111,35.762962,129.55556,115.779015,465.8519,478.06296,44.43031,111.40641,97.47216,final
2025-06-01,2,1011471,RW36,27.0,18.148148,13.3,69.07407,86.12099,451.03705,431.1469,126.49262,81.292,104.560425,final
2025-06-11,2,1011471,RW36,27.0,6.259259,9.075309,37.518517,58.13827,414.62967,389.34445,79.99298,67.3419,106.41196,final
2025-06-21,2,1011471,RW36,27.0,12.777778,8.002469,37.185184,30.377777,379.18515,325.73703,136.72618,119.24205,116.16031,final
2025-07-01,2,1011471,RW36,27.0,3.6296296,4.2246914,22.666666,21.30247,310.55557,267.0395,93.54925,105.18657,115.99624,final
2025-07-11,2,1011471,RW36,27.0,5.5555553,3.0123456,21.962963,15.239506,212.96297,212.64444,131.74115,133.21947,100.146355,final
2025-07-21,2,1011471,RW36,27.0,4.2222223,5.1567903,13.407407,12.393827,180.14815,158.55061,90.79859,105.82724,113.20541,final
2025-08-01,2,1011471,RW36,27.0,32.296295,10.632099,42.074074,18.801235,133.81482,126.22469,238.58788,197.77997,105.78406,final
2025-08-11,2,1011471,RW36,27.0,67.51852,11.546913,104.03703,27.335802,163.51852,100.71358,438.26007,337.2022,159.41049,final
2025-08-21,2,1011471,RW36,27.0,17.777779,17.258024,117.59259,39.43704,168.18518,82.20864,102.33513,275.87927,198.58717,final
2025-09-01,2,1011471,RW36,27.0,22.851852,32.29753,108.14815,61.10247,172.88887,101.20618,74.67479,171.17084,167.4939,final
2025-09-11,2,1011471,RW36,27.0,29.185184,35.339508,69.81482,84.895065,195.8148,127.47037,84.74368,83.22461,151.59224,final
2025-09-21,2,1011471,RW36,27.0,18.296297,34.407406,70.333336,102.04445,201.33333,153.8753,59.116547,70.375755,129.87123,final
2025-10-01,2,1011471,RW36,27.0,59.407406,45.751854,106.888885,115.498764,257.1111,195.40247,126.90652,92.8548,130.79236,final
2025-10-11,2,1011471,RW36,27.0,35.62963,55.498764,113.333336,135.65802,287.18518,247.88889,67.15778,84.128395,115.538956,final
2025-10-21,2,1011471,RW36,27.0,52.703705,55.033333,147.74074,156.28395,335.66666,297.76544,96.11944,94.703,112.51835,final
2025-11-01,2,1011471,RW36,27.0,56.666668,60.595062,145.0,171.12717,360.03702,347.7284,94.01115,85.16574,103.48954,final
2025-11-11,2,1011471,RW36,27.0,69.0,56.024693,178.37038,171.65309,361.51852,392.20618,121.26238,103.80253,92.274124,final
2025-11-21,2,1011471,RW36,27.0,73.85185,55.8679,199.51852,172.48766,417.5926,430.81604,129.54587,115.22971,96.96582,final
2025-12-01,2,1011471,RW36,27.0,46.88889,52.5321,189.74074,164.4247,441.62967,451.05063,90.1912,114.94236,97.93423,final
2025-12-11,2,1011471,RW36,27.0,48.77778,54.996296,169.51852,163.3963,461.22226,470.7074,89.63516,103.63561,98.006096,final
2025-12-21,2,1011471,RW36,27.0,93.03704,61.61852,188.7037,169.14691,535.96295,497.91852,147.16185,111.23005,107.564735,final
2026-01-01,2,1011471,RW36,27.0,104.59259,50.39012,246.40741,164.36296,581.1482,500.70618,197.85583,148.44298,115.90687,final
2026-01-11,2,1011471,RW36,27.0,24.962963,46.00864,222.5926,157.16296,570.4815,492.1963,58.740955,140.34808,115.74533,final
2026-01-21,2,1011471,RW36,27.0,112.18519,53.42963,241.74075,149.8284,629.96295,489.1617,200.5578,159.36401,128.49295,final
2026-02-01,2,1011471,RW36,27.0,50.185184,46.02716,187.33333,145.46544,623.4815,474.55554,108.14864,127.825584,131.055,final
2026-02-11,2,1011471,RW36,27.0,31.296297,52.35926,193.66667,151.81606,585.77783,470.94073,63.278877,126.68771,124.12845,final
2026-02-21,2,1011471,RW36,27.0,40.88889,38.406174,122.37038,136.79259,552.8148,452.8753,105.719734,89.82866,121.82679,final
2026-03-01,2,1011471,RW36,27.0,61.296295,60.21605,133.48148,150.98148,567.22217,460.80988,101.65641,88.780716,122.844574,prelim
2026-03-11,2,1011471,RW36,27.0,62.592594,50.877777,164.77777,149.5,581.03705,458.479,120.965065,109.88853,126.44306,prelim
2026-03-21,2,1011471,RW36,27.0,56.148148,71.60988,180.03703,182.7037,544.14813,469.3247,79.81757,98.579315,115.77473,prelim
2026-04-01,2,1011471,RW36,27.0,45.666668,62.922222,164.40741,185.40988,485.2222,481.85678,74.59512,88.969864,100.69126,prelim
2026-04-11,2,1011471,RW36,27.0,58.666668,57.407406,160.48149,191.93951,518.9259,493.25555,102.01781,84.02656,105.15205,forecast
2022-01-01,2,1011472,RW32,19.0,6.1578946,29.108772,109.73685,105.929825,335.8421,378.50174,32.712685,103.431915,88.87628,final
2022-01-11,2,1011472,RW32,19.0,56.63158,26.915789,116.57895,100.121056,351.4737,363.82983,193.10687,115.656136,96.64991,final
2022-01-21,2,1011472,RW32,19.0,39.63158,31.933332,102.42105,87.95789,358.73688,349.8772,120.84363,115.55883,102.49655,final
2022-02-01,2,1011472,RW32,19.0,102.210526,35.9807,198.4737,94.82983,405.6316,332.4772,261.6122,203.82054,121.67684,final
2022-02-11,2,1011472,RW32,19.0,61.842106,43.238598,203.6842,111.15263,420.9474,329.13156,138.5656,179.66377,127.47894,final
2022-02-21,2,1011472,RW32,19.0,25.105263,29.194736,189.1579,108.41403,422.84207,309.7228,88.040634,171.1939,135.9425,final
2022-03-01,2,1011472,RW32,19.0,24.526316,50.492985,111.47369,122.926315,419.68417,323.68597,53.207294,91.04748,129.20667,final
2022-03-11,2,1011472,RW32,19.0,55.94737,40.933334,105.57895,120.621056,425.84207,331.89474,132.68658,88.02581,127.88626,final
2022-03-21,2,1011472,RW32,19.0,40.05263,57.782455,120.52632,149.20877,412.10526,345.5807,71.75991,81.400246,118.97553,final
2022-04-01,2,1011472,RW32,19.0,31.473684,53.391228,127.47369,152.10703,437.42105,369.86316,62.464325,84.32067,118.02201,final
2022-04-11,2,1011472,RW32,19.0,57.36842,50.526318,128.89473,161.7,438.1579,393.47366,112.32227,80.32078,111.21385,final
2022-04-21,2,1011472,RW32,19.0,23.473684,47.55263,112.31579,151.47017,422.00003,409.093,54.18127,74.976456,103.11694,final
2022-05-01,2,1011472,RW32,19.0,22.157894,45.18421,103.0,143.26315,341.94736,418.29648,54.11641,72.84345,81.9632,final
2022-05-11,2,1011472,RW32,19.0,43.105263,42.67193,88.73684,135.40877,323.2105,417.72983,100.909,66.759964,77.640724,final
2022-05-21,2,1011472,RW32,19.0,75.89474,37.34912,141.1579,125.20526,374.0,425.88422,191.01869,112.251915,87.958664,final
2022-06-01,2,1011472,RW32,19.0,10.684211,19.3,129.6842,99.32105,360.1579,394.69122,64.54408,129.10548,91.36,final
2022-06-11,2,1011472,RW32,19.0,14.0,15.429825,100.57895,72.07895,318.2105,369.1877,93.00129,136.97507,86.37657,final
2022-06-21,2,1011472,RW32,19.0,6.5789475,11.989473,31.263159,46.7193,284.73685,323.39474,68.153656,70.11533,88.22822,final
2022-07-01,2,1011472,RW32,19.0,2.0,5.8929825,22.578947,33.312283,255.26315,275.89648,64.26156,71.984604,92.65447,final
2022-07-11,2,1011472,RW32,19.0,1.6315789,4.02807,10.2105255,21.910526,199.5263,229.39824,73.45511,56.522583,87.255905,final
2022-07-21,2,1011472,RW32,19.0,7.4210525,5.6350875,11.052631,15.55614,183.47368,187.4807,116.79313,78.09166,97.91823,final
2022-08-01,2,1011472,RW32,19.0,14.0,11.664912,23.052631,21.32807,175.31578,153.96141,114.01199,106.55028,113.433685,final
2022-08-11,2,1011472,RW32,19.0,14.157895,13.057895,35.57895,30.357895,146.36842,124.34737,106.091515,114.7663,117.02474,final
2022-08-21,2,1011472,RW32,19.0,18.263159,18.338596,46.42105,43.061405,88.73685,105.336845,99.67677,106.990326,84.95516,final
2022-09-01,2,1011472,RW32,19.0,21.578947,30.849123,54.0,62.245613,99.63158,116.88596,74.141136,87.73807,85.84383,final
2022-09-11,2,1011472,RW32,19.0,30.210526,33.470177,70.05263,82.65789,115.84211,134.92632,91.52681,85.619934,86.361244,final
2022-09-21,2,1011472,RW32,19.0,35.842106,32.65614,87.63158,96.97544,145.10527,155.59299,108.460686,90.83714,93.46938,final
2022-10-01,2,1011472,RW32,19.0,45.736843,35.410526,111.789474,101.53684,188.84212,185.11052,125.553535,109.62355,101.96285,final
2022-10-11,2,1011472,RW32,19.0,20.526316,41.829826,102.10526,109.89649,207.73686,222.91228,54.508667,93.21892,93.34155,final
2022-10-21,2,1011472,RW32,19.0,53.94737,46.392982,120.210526,123.63333,254.26317,263.67017,114.69926,97.339096,96.49869,final
2022-11-01,2,1011472,RW32,19.0,40.68421,53.247368,115.1579,141.47017,280.9474,305.25262,78.43137,82.03575,92.165985,final
2022-11-11,2,1011472,RW32,19.0,76.63158,47.1,171.26315,146.74036,343.42108,339.29474,156.6825,116.161026,101.198494,final
2022-11-21,2,1011472,RW32,19.0,62.05263,48.714035,179.36842,149.0614,387.21054,369.67017,124.8326,119.672035,104.68155,final
2022-12-01,2,1011472,RW32,19.0,37.05263,36.92456,175.73683,132.7386,402.68427,375.7456,100.30547,131.21727,107.07524,final
2022-12-11,2,1011472,RW32,19.0,53.63158,34.301754,152.73685,119.94035,426.1053,376.5772,149.18312,126.24972,112.97983,final
2022-12-21,2,1011472,RW32,19.0,43.57895,43.454388,134.26315,114.6807,433.84213,387.37543,100.25707,116.36225,111.84241,final
2023-01-01,2,1011472,RW32,19.0,30.947369,29.108772,128.1579,105.929825,419.05264,378.50174,105.390396,120.037964,110.57385,final
2023-01-11,2,1011472,RW32,19.0,32.68421,26.915789,107.21053,100.121056,431.2105,363.82983,118.07388,106.74411,118.268776,final
2023-01-21,2,1011472,RW32,19.0,38.31579,31.933332,101.94737,87.95789,415.57895,349.8772,117.281006,115.04927,118.51394,final
2023-02-01,2,1011472,RW32,19.0,13.947369,35.9807,84.94737,94.82983,388.84207,332.4772,46.23486,90.1007,116.70183,final
2023-02-11,2,1011472,RW32,19.0,10.789474,43.238598,63.05263,111.15263,323.0,329.13156,32.732033,58.588963,98.164925,final
2023-02-21,2,1011472,RW32,19.0,18.526316,29.194736,43.26316,108.41403,279.4737,309.7228,68.80099,42.55484,90.38865,final
2023-03-01,2,1011472,RW32,19.0,25.421053,50.492985,54.73684,122.926315,267.84213,323.68597,54.819637,46.69629,83.00997,final
2023-03-11,2,1011472,RW32,19.0,55.210526,40.933334,99.1579,120.621056,269.42108,331.89474,131.08241,82.91437,81.45603,final
2023-03-21,2,1011472,RW32,19.0,79.57895,57.782455,160.21053,149.20877,305.42108,345.5807,134.71748,107.13433,88.54483,final
2023-04-01,2,1011472,RW32,19.0,71.68421,53.391228,206.4737,152.10703,346.1579,369.86316,131.32831,134.60486,93.676285,final
2023-04-11,2,1011472,RW32,19.0,34.36842,50.526318,185.63158,161.7,347.8421,393.47366,70.90047,114.35608,88.54841,final
2023-04-21,2,1011472,RW32,19.0,116.052635,47.55263,222.10526,151.47017,425.57895,409.093,230.34554,145.14284,103.981224,final
2023-05-01,2,1011472,RW32,19.0,158.0,45.18421,308.42105,143.26315,569.6316,418.29648,324.80334,211.3951,135.75157,final
2023-05-11,2,1011472,RW32,19.0,19.263159,42.67193,293.3158,135.40877,578.1053,417.72983,50.896114,212.46237,137.93805,final
2023-05-21,2,1011472,RW32,19.0,21.631578,37.34912,198.89473,125.20526,581.2106,425.88422,62.885784,156.59485,136.04828,final
2023-06-01,2,1011472,RW32,19.0,2.6842105,19.3,43.57895,99.32105,558.47375,394.69122,31.622267,46.566776,140.97726,final
2023-06-11,2,1011472,RW32,19.0,6.8421054,15.429825,31.157894,72.07895,510.10526,369.1877,57.964794,46.910206,137.65958,final
2023-06-21,2,1011472,RW32,19.0,13.526316,11.989473,23.052631,46.7193,444.0526,323.39474,109.04585,54.24016,136.74171,final
2023-07-01,2,1011472,RW32,19.0,7.3157897,5.8929825,27.684212,33.312283,379.6842,275.89648,113.06169,85.310005,136.94875,final
2023-07-11,2,1011472,RW32,19.0,1.0,4.02807,21.842106,21.910526,346.3158,229.39824,66.45938,99.74575,149.87987,final
2023-07-21,2,1011472,RW32,19.0,1.5263158,5.6350875,9.842106,15.55614,231.78947,187.4807,61.365883,72.20278,123.01985,final
2023-08-01,2,1011472,RW32,19.0,3.368421,11.664912,5.894737,21.32807,77.1579,153.96141,50.21581,41.38069,51.684177,final
2023-08-11,2,1011472,RW32,19.0,3.8421052,13.057895,8.736842,30.357895,61.736843,124.34737,48.96531,38.85085,51.595055,final
2023-08-21,2,1011472,RW32,19.0,5.4736843,18.338596,12.684211,43.061405,45.57895,105.336845,44.877098,36.795036,45.84049,final
2023-09-01,2,1011472,RW32,19.0,36.0,30.849123,45.31579,62.245613,78.89474,116.88596,114.36821,74.8239,68.83051,final
2023-09-11,2,1011472,RW32,19.0,45.0,33.470177,86.47369,82.65789,117.052635,134.92632,129.97081,104.35306,87.226364,final
2023-09-21,2,1011472,RW32,19.0,22.473684,32.65614,103.47369,96.97544,126.00001,155.59299,72.95937,106.37237,81.57268,final
2023-10-01,2,1011472,RW32,19.0,19.263159,35.410526,86.73685,101.53684,137.94737,185.11052,60.04168,86.10809,75.19173,final
2023-10-11,2,1011472,RW32,19.0,39.789474,41.829826,81.52632,109.89649,176.73685,222.91228,95.64305,75.30806,79.73982,final
2023-10-21,2,1011472,RW32,19.0,19.421053,46.392982,78.47369,123.63333,194.63158,263.67017,47.51826,64.89273,74.30359,final
2023-11-01,2,1011472,RW32,19.0,34.263157,53.247368,93.47368,141.47017,225.5263,305.25262,67.40761,67.23122,74.30277,final
2023-11-11,2,1011472,RW32,19.0,46.94737,47.1,100.63158,146.74036,268.63156,339.29474,99.70705,69.61337,79.47596,final
2023-11-21,2,1011472,RW32,19.0,50.31579,48.714035,131.5263,149.0614,313.4737,369.67017,102.981995,88.61811,85.00108,final
2023-12-01,2,1011472,RW32,19.0,16.631578,36.92456,113.89473,132.7386,294.1053,375.7456,51.59643,86.31911,78.55778,final
2023-12-11,2,1011472,RW32,19.0,19.68421,34.301754,86.63158,119.94035,268.7895,376.5772,62.806892,73.340256,71.75205,final
2023-12-21,2,1011472,RW32,19.0,62.736843,43.454388,99.05263,114.6807,309.0526,387.37543,139.79507,86.941864,80.03881,final
2024-01-01,2,1011472,RW32,19.0,28.736841,29.108772,111.15789,105.929825,318.5263,378.50174,98.90957,104.71295,84.36111,final
2024-01-11,2,1011472,RW32,19.0,22.368422,26.915789,113.84211,100.121056,301.10522,363.82983,85.75198,113.05262,82.99362,final
2024-01-21,2,1011472,RW32,19.0,33.68421,31.933332,84.789474,87.95789,315.36838,349.8772,104.74065,96.59155,90.27584,final
2024-02-01,2,1011472,RW32,19.0,16.157894,35.9807,72.210526,94.82983,297.26315,332.4772,51.62892,77.34214,89.565506,final
2024-02-11,2,1011472,RW32,19.0,42.842106,43.238598,92.68421,111.15263,293.1579,329.13156,99.178055,84.09987,89.23369,final
2024-02-21,2,1011472,RW32,19.0,11.315789,29.194736,70.31579,108.41403,254.1579,309.7228,47.714325,66.40782,82.34481,final
2024-03-01,2,1011472,RW32,19.0,32.157894,50.492985,86.31579,122.926315,269.6842,323.68597,66.959625,71.38155,83.57041,final
2024-03-11,2,1011472,RW32,19.0,26.68421,40.933334,70.15789,120.621056,276.68423,331.89474,68.97868,59.829056,83.61194,final
2024-03-21,2,1011472,RW32,19.0,38.63158,57.782455,97.47368,149.20877,252.57895,345.5807,69.49645,66.45126,73.47209,final
2024-04-01,2,1011472,RW32,19.0,46.05263,53.391228,111.36842,152.10703,269.8947,369.86316,87.43202,74.06953,73.332016,final
2024-04-11,2,1011472,RW32,19.0,72.31579,50.526318,157.0,161.7,319.8421,393.47366,139.2417,97.180565,81.5216,final
2024-04-21,2,1011472,RW32,19.0,89.52631,47.55263,207.89474,151.47017,375.68417,409.093,179.86981,136.06091,91.93205,final
2024-05-01,2,1011472,RW32,19.0,37.526318,45.18421,199.36842,143.26315,397.0526,418.29648,84.74043,137.84167,94.98132,final
2024-05-11,2,1011472,RW32,19.0,17.789474,42.67193,144.8421,135.40877,372.0,417.72983,47.80481,106.71848,89.18226,final
2024-05-21,2,1011472,RW32,19.0,12.157895,37.34912,67.47369,125.20526,372.8421,425.88422,40.515347,55.661106,87.68993,final
2024-06-01,2,1011472,RW32,19.0,5.7894735,19.3,35.736843,99.32105,346.47366,394.69122,44.401127,39.049496,87.9363,final
2024-06-11,2,1011472,RW32,19.0,7.894737,15.429825,25.842106,72.07895,327.6842,369.1877,63.117218,40.013657,88.90837,final
2024-06-21,2,1011472,RW32,19.0,5.5263157,11.989473,19.210526,46.7193,294.57895,323.39474,61.95787,46.811398,91.22526,final
2024-07-01,2,1011472,RW32,19.0,6.5789475,5.8929825,20.0,33.312283,255.10527,275.89648,106.2973,65.25323,92.598274,final
2024-07-11,2,1011472,RW32,19.0,2.0526316,4.02807,14.157894,21.910526,184.8421,229.39824,78.11892,71.19108,80.99127,final
2024-07-21,2,1011472,RW32,19.0,1.8947369,5.6350875,10.526317,15.55614,97.21053,187.4807,64.830086,75.53128,53.101707,final
2024-08-01,2,1011472,RW32,19.0,2.2105262,11.664912,6.157895,21.32807,61.89474,153.96141,43.26771,42.380226,42.082382,final
2024-08-11,2,1011472,RW32,19.0,5.9473686,13.057895,10.052631,30.357895,50.05263,124.34737,60.623722,42.572193,42.56185,final
2024-08-21,2,1011472,RW32,19.0,14.736842,18.338596,22.894737,43.061405,52.63158,105.336845,84.5674,58.039783,52.232395,final
2024-09-01,2,1011472,RW32,19.0,21.473684,30.849123,42.157898,62.245613,68.31579,116.88596,73.84751,70.127846,60.151134,final
2024-09-11,2,1011472,RW32,19.0,12.263158,33.470177,48.473682,82.65789,72.68421,134.92632,44.87413,61.0027,55.51794,final
2024-09-21,2,1011472,RW32,19.0,53.94737,32.65614,87.68421,96.97544,121.10527,155.59299,156.5412,90.888756,78.524765,final
2024-10-01,2,1011472,RW32,19.0,56.789474,35.410526,123.0,101.53684,171.3158,185.11052,152.9044,120.146225,92.743835,final
2024-10-11,2,1011472,RW32,19.0,28.631578,41.829826,139.36842,109.89649,197.89473,222.91228,71.816574,125.650856,89.02317,final
2024-10-21,2,1011472,RW32,19.0,42.31579,46.392982,127.73684,123.63333,238.3158,263.67017,92.066635,103.19009,90.56301,final
2024-11-01,2,1011472,RW32,19.0,82.52631,53.247368,153.47368,141.47017,318.63156,305.25262,150.26656,108.19518,104.31228,final
2024-11-11,2,1011472,RW32,19.0,97.42105,47.1,222.26315,146.74036,410.10526,339.29474,196.58551,149.77107,120.56683,final
2024-11-21,2,1011472,RW32,19.0,125.26316,48.714035,305.2105,149.0614,520.6316,369.67017,242.51233,201.35512,140.29182,final
2024-12-01,2,1011472,RW32,19.0,29.157894,36.92456,251.8421,132.7386,528.31573,375.7456,81.47466,186.47067,140.07141,final
2024-12-11,2,1011472,RW32,19.0,33.842106,34.301754,188.26315,119.94035,549.8947,376.5772,98.83046,154.68433,145.42136,final
2024-12-21,2,1011472,RW32,19.0,31.368422,43.454388,94.36842,114.6807,527.3158,387.37543,75.05703,83.02794,135.66492,final
2025-01-01,2,1011472,RW32,19.0,15.526316,29.108772,80.73684,105.929825,486.0526,378.50174,60.178993,77.28926,128.04443,final
2025-01-11,2,1011472,RW32,19.0,27.210526,26.915789,74.10526,100.121056,484.63153,363.82983,100.92348,75.25159,132.75269,final
2025-01-21,2,1011472,RW32,19.0,47.68421,31.933332,90.42105,87.95789,489.99994,349.8772,142.64677,102.64976,139.48486,final
2025-02-01,2,1011472,RW32,19.0,45.842106,35.9807,120.73685,94.82983,453.31573,332.4772,124.06353,125.95118,135.80643,final
2025-02-11,2,1011472,RW32,19.0,36.31579,43.238598,129.8421,111.15263,392.2105,329.13156,85.64882,116.09044,118.87847,final
2025-02-21,2,1011472,RW32,19.0,4.894737,29.194736,87.052635,108.41403,271.8421,309.7228,28.936434,81.16512,87.96379,final
2025-03-01,2,1011472,RW32,19.0,32.210526,50.492985,73.42105,122.926315,274.8947,323.68597,67.05447,61.30174,85.15566,final
2025-03-11,2,1011472,RW32,19.0,27.0,40.933334,64.10526,120.621056,268.0526,331.89474,69.66618,55.01089,81.04983,final
2025-03-21,2,1011472,RW32,19.0,33.0,57.782455,92.210526,149.20877,269.6842,345.5807,60.526466,63.03826,78.351204,final
2025-04-01,2,1011472,RW32,19.0,68.57895,53.391228,128.57895,152.10703,322.73685,369.86316,126.01028,85.02417,87.4284,final
2025-04-11,2,1011472,RW32,19.0,78.36842,50.526318,179.94737,161.7,373.8947,393.47366,150.14218,110.946236,95.08652,final
2025-04-21,2,1011472,RW32,19.0,42.736843,47.55263,189.68422,151.47017,368.94736,409.093,90.83626,124.42258,90.30517,final
2025-05-01,2,1011472,RW32,19.0,50.68421,45.18421,171.78949,143.26315,373.78946,418.29648,110.959625,119.24034,89.48562,final
2025-05-11,2,1011472,RW32,19.0,53.68421,42.67193,147.10526,135.40877,391.15787,417.72983,123.100136,108.33031,93.714195,final
2025-05-21,2,1011472,RW32,19.0,18.368422,37.34912,122.73685,125.20526,404.63156,425.88422,55.18042,98.10422,95.067665,final
2025-06-01,2,1011472,RW32,19.0,23.68421,19.3,95.73685,99.32105,396.10526,394.69122,118.042015,96.564255,100.353775,final
2025-06-11,2,1011472,RW32,19.0,50.0,15.429825,92.05263,72.07895,419.10526,369.1877,269.21423,125.91328,113.34023,final
2025-06-21,2,1011472,RW32,19.0,13.315789,11.989473,87.0,46.7193,399.42105,323.39474,107.80669,177.8833,123.15089,final
2025-07-01,2,1011472,RW32,19.0,8.894737,5.8929825,72.210526,33.312283,339.73688,275.89648,127.55678,201.52943,122.72737,final
2025-07-11,2,1011472,RW32,19.0,4.5789475,4.02807,26.789473,21.910526,265.94736,229.39824,106.10182,118.13026,115.59274,final
2025-07-21,2,1011472,RW32,19.0,4.5789475,5.6350875,18.052631,15.55614,227.78949,187.4807,90.06928,112.144745,120.941734,final
2025-08-01,2,1011472,RW32,19.0,32.36842,11.664912,41.526314,21.32807,209.47371,153.96141,224.2341,176.71753,134.921875,final
2025-08-11,2,1011472,RW32,19.0,46.157894,13.057895,83.10526,30.357895,201.94737,124.34737,283.29932,249.18129,159.9935,final
2025-08-21,2,1011472,RW32,19.0,7.631579,18.338596,86.15789,43.061405,191.21053,105.336845,54.123127,189.66963,177.82866,final
2025-09-01,2,1011472,RW32,19.0,19.105263,30.849123,72.89474,62.245613,186.63159,116.88596,67.240875,115.83617,157.22203,final
2025-09-11,2,1011472,RW32,19.0,35.157894,33.470177,61.894737,82.65789,171.78946,134.92632,104.38708,76.31342,126.34468,final
2025-09-21,2,1011472,RW32,19.0,9.105263,32.65614,63.36842,96.97544,167.57895,155.59299,37.45807,67.04401,107.46356,final
2025-10-01,2,1011472,RW32,19.0,46.263157,35.410526,90.52631,101.53684,204.94736,185.11052,126.85594,89.66505,110.43438,final
2025-10-11,2,1011472,RW32,19.0,19.631578,41.829826,75.0,109.89649,219.99998,222.91228,52.59806,69.627884,98.72219,final
2025-10-21,2,1011472,RW32,19.0,46.894737,46.392982,112.789474,123.63333,262.31577,263.67017,100.97631,91.56995,99.49589,final
2025-11-01,2,1011472,RW32,19.0,52.894737,53.247368,119.42105,141.47017,282.8421,305.25262,99.39459,84.94634,92.77669,final
2025-11-11,2,1011472,RW32,19.0,31.31579,47.1,131.10527,146.74036,268.0,339.29474,69.70401,89.69616,79.29253,final
2025-11-21,2,1011472,RW32,19.0,44.736843,48.714035,128.94737,149.0614,305.1053,369.67017,92.59562,86.944145,82.76754,final
2025-12-01,2,1011472,RW32,19.0,33.789474,36.92456,109.84211,132.7386,319.7895,375.7456,92.52208,83.376854,85.30354,final
2025-12-11,2,1011472,RW32,19.0,35.105263,34.301754,113.631584,119.94035,319.73685,376.5772,102.044464,94.95058,85.103836,final
2025-12-21,2,1011472,RW32,19.0,64.1579,43.454388,133.05264,114.6807,374.78946,387.37543,142.72783,115.35079,96.792366,final
2026-01-01,2,1011472,RW32,19.0,57.263157,29.108772,156.52632,105.929825,385.7895,378.50174,182.54294,145.61127,101.900314,final
2026-01-11,2,1011472,RW32,19.0,33.736843,26.915789,155.1579,100.121056,399.89474,363.82983,121.37203,152.35568,109.7782,final
2026-01-21,2,1011472,RW32,19.0,77.26316,31.933332,168.26315,87.95789,430.26315,349.8772,222.73419,186.38885,122.651764,final
2026-02-01,2,1011472,RW32,19.0,47.05263,35.9807,158.05263,94.82983,424.42108,332.4772,127.017426,163.33058,127.24448,final
2026-02-11,2,1011472,RW32,19.0,41.263157,43.238598,165.57895,111.15263,434.36844,329.13156,95.904854,146.85759,131.49564,final
2026-02-21,2,1011472,RW32,19.0,22.210526,29.194736,110.52631,108.41403,411.8421,309.7228,79.57519,101.86246,132.44737,final
2026-03-01,2,1011472,RW32,19.0,60.68421,50.492985,124.1579,122.926315,438.73688,323.68597,118.36489,100.96272,135.0033,prelim
2026-03-11,2,1011472,RW32,19.0,50.0,40.933334,132.89474,120.621056,453.6316,331.89474,119.73875,109.77041,136.13498,prelim
2026-03-21,2,1011472,RW32,19.0,51.105263,57.782455,161.78947,149.20877,440.57895,345.5807,89.364555,108.15823,127.097404,prelim
2026-04-01,2,1011472,RW32,19.0,21.263159,53.391228,122.36842,152.10703,404.57892,369.86316,44.977917,81.07112,109.26092,prelim
2026-04-11,2,1011472,RW32,19.0,49.789474,50.526318,122.1579,161.7,420.6316,393.47366,98.67299,76.27949,106.81549,forecast
2022-01-01,2,1011473,RW51,22.0,9.954545,22.084848,106.86363,85.162125,299.54547,319.2606,55.213696,124.06943,93.919975,final
2022-01-11,2,1011473,RW51,22.0,39.68182,20.09697,104.90909,79.22424,305.2273,302.0712,178.03671,130.49579,101.02781,final
2022-01-21,2,1011473,RW51,22.0,22.5,22.593939,72.13637,64.77576,274.36365,281.32425,99.65957,110.54895,97.56898,final
2022-02-01,2,1011473,RW51,22.0,30.5,23.959091,92.68182,66.65,286.0,260.1318,122.586716,136.33191,109.75673,final
2022-02-11,2,1011473,RW51,22.0,54.363636,29.101515,107.36363,75.65455,313.27277,252.80151,174.07916,139.31468,123.45651,final
2022-02-21,2,1011473,RW51,22.0,32.363636,23.613636,117.227264,76.67424,300.18182,234.1303,130.57983,149.65216,127.62157,final
2022-03-01,2,1011473,RW51,22.0,36.5,44.489395,123.22727,97.204544,322.77274,249.01666,83.85635,125.46141,129.03592,final
2022-03-11,2,1011473,RW51,22.0,44.590908,37.742424,113.454544,105.84545,325.72726,260.72424,116.02268,106.86459,124.46258,final
2022-03-21,2,1011473,RW51,22.0,28.90909,55.9303,110.0,138.16212,299.36362,279.61212,55.652256,80.32851,106.93979,final
2022-04-01,2,1011473,RW51,22.0,26.363636,57.14394,99.86363,150.81667,315.77274,314.6712,50.469337,67.29936,100.34459,final
2022-04-11,2,1011473,RW51,22.0,69.13636,52.23788,124.40909,165.31212,345.22726,346.81213,129.52324,75.98349,99.549515,final
2022-04-21,2,1011473,RW51,22.0,93.454544,46.522728,188.95454,155.90454,416.18182,370.7409,191.08954,120.54013,112.09369,final
2022-05-01,2,1011473,RW51,22.0,21.045454,37.363636,183.63637,136.12424,406.72726,384.14545,61.480682,133.66689,105.80293,final
2022-05-11,2,1011473,RW51,22.0,6.8636365,32.857574,121.36364,116.74394,359.22726,387.90152,31.337551,103.7946,92.70193,final
2022-05-21,2,1011473,RW51,22.0,64.045456,27.603031,91.954544,97.82424,390.90906,391.8909,211.77618,94.29153,99.75262,final
2022-06-01,2,1011473,RW51,22.0,2.2727273,8.154546,73.18182,68.61515,356.6818,355.55606,55.286797,106.20344,100.31222,final
2022-06-11,2,1011473,RW51,22.0,1.2727273,2.8181818,67.59091,38.575756,313.36365,320.63184,80.23255,166.58556,97.767975,final
2022-06-21,2,1011473,RW51,22.0,1.5,2.2166667,5.0454545,13.189394,285.95456,266.91818,90.06928,55.226986,107.00077,final
2022-07-01,2,1011473,RW51,22.0,1.0,1.9833333,3.7727273,7.018182,260.5909,211.75758,85.918846,72.99546,122.52901,final
2022-07-11,2,1011473,RW51,22.0,1.0,1.1863636,3.5,5.3863635,192.45453,160.70605,96.98751,81.83807,119.15951,final
2022-07-21,2,1011473,RW51,22.0,4.8636365,2.4409091,6.8636365,5.610606,103.86364,116.624245,132.55956,111.80922,89.50818,final
2022-08-01,2,1011473,RW51,22.0,4.0,5.8727274,9.863636,9.5,86.81819,85.13333,82.77592,102.50783,101.86929,final
2022-08-11,2,1011473,RW51,22.0,8.454545,6.6954546,17.31818,15.009091,88.409096,58.97121,115.0408,111.5402,146.0174,final
2022-08-21,2,1011473,RW51,22.0,22.272728,10.542424,34.727272,23.110605,46.636364,41.910606,175.47281,141.32486,110.07396,final
2022-09-01,2,1011473,RW51,22.0,7.909091,16.94697,38.636364,34.18485,52.272728,50.70303,58.819466,111.3603,102.81798,final
2022-09-11,2,1011473,RW51,22.0,19.5,19.628788,49.68182,47.118183,70.5,67.51363,99.47708,104.9189,104.11835,final
2022-09-21,2,1011473,RW51,22.0,16.181818,19.671211,43.59091,56.24697,85.181816,84.96818,85.85642,79.33602,100.237465,final
2022-10-01,2,1011473,RW51,22.0,14.5,32.886364,50.181816,72.18636,98.681816,115.871216,51.469707,71.49166,85.77875,final
2022-10-11,2,1011473,RW51,22.0,10.181818,37.359093,40.863636,89.916664,107.86363,152.04395,35.84075,48.3199,71.867546,final
2022-10-21,2,1011473,RW51,22.0,39.5,42.534847,64.181816,112.780304,142.5,192.13788,93.61553,58.738018,74.82073,final
2022-11-01,2,1011473,RW51,22.0,23.363636,45.583332,73.045456,125.47727,161.86363,231.84848,56.073086,59.815365,70.45164,final
2022-11-11,2,1011473,RW51,22.0,53.5,36.07879,116.36363,124.19697,206.90909,261.2318,142.40927,93.936905,79.5957,final
2022-11-21,2,1011473,RW51,22.0,49.454544,42.169697,126.31818,123.83182,234.09091,292.8591,115.44391,101.929924,80.2698,final
2022-12-01,2,1011473,RW51,22.0,41.227272,32.928787,144.18182,111.17728,267.4091,308.8409,121.87913,128.40878,86.79846,final
2022-12-11,2,1011473,RW51,22.0,29.272728,27.110605,119.954544,102.20909,277.18182,316.32272,106.73337,116.552185,87.81882,final
2022-12-21,2,1011473,RW51,22.0,24.772728,35.93182,95.27273,95.971214,285.77274,332.58334,72.737366,99.308235,86.13361,final
2023-01-01,2,1011473,RW51,22.0,15.5,22.084848,69.545456,85.162125,286.77274,319.2606,75.68808,82.67935,89.98094,final
2023-01-11,2,1011473,RW51,22.0,46.5,20.09697,86.77273,79.22424,323.0909,302.0712,205.20406,108.96237,106.84522,final
2023-01-21,2,1011473,RW51,22.0,36.772728,22.593939,98.77273,64.77576,320.36365,281.32425,151.38371,148.72319,113.63468,final
2023-02-01,2,1011473,RW51,22.0,5.3636365,23.959091,88.63637,66.65,302.36368,260.1318,35.78716,130.68578,115.928635,final
2023-02-11,2,1011473,RW51,22.0,4.181818,29.101515,46.318184,75.65455,253.04546,252.80151,26.924955,63.62714,100.09463,final
2023-02-21,2,1011473,RW51,22.0,19.59091,23.613636,29.136364,76.67424,223.18184,234.1303,85.94122,41.795753,95.421555,final
2023-03-01,2,1011473,RW51,22.0,22.318182,44.489395,46.09091,97.204544,204.27272,249.01666,55.20007,49.988884,82.38543,final
2023-03-11,2,1011473,RW51,22.0,80.045456,37.742424,121.954544,105.84545,255.04546,260.72424,198.972,114.532936,97.86291,final
2023-03-21,2,1011473,RW51,22.0,58.81818,55.9303,161.18182,138.16212,289.0909,279.61212,104.73964,116.07946,103.33042,final
2023-04-01,2,1011473,RW51,22.0,54.954544,57.14394,193.81818,150.81667,328.54547,314.6712,96.4769,127.597496,104.34017,final
2023-04-11,2,1011473,RW51,22.0,61.136364,52.23788,174.90909,165.31212,343.18182,346.81213,115.5465,105.634926,98.96811,final
2023-04-21,2,1011473,RW51,22.0,58.045456,46.522728,174.13637,155.90454,364.45453,370.7409,122.36436,111.33083,98.32694,final
2023-05-01,2,1011473,RW51,22.0,59.636364,37.363636,178.81819,136.12424,418.72723,384.14545,152.57512,130.25275,108.8866,final
2023-05-11,2,1011473,RW51,22.0,10.863636,32.857574,128.54546,116.74394,425.40906,387.90152,41.903465,109.69372,109.546295,final
2023-05-21,2,1011473,RW51,22.0,6.9545455,27.603031,77.454544,97.82424,412.77274,391.8909,36.666977,80.18979,105.26135,final
2023-06-01,2,1011473,RW51,22.0,1.0,8.154546,18.818182,68.61515,391.45456,355.55606,45.611607,32.355003,109.95643,final
2023-06-11,2,1011473,RW51,22.0,1.5909091,2.8181818,9.545455,38.575756,313.00003,320.63184,84.30232,33.379696,97.65631,final
2023-06-21,2,1011473,RW51,22.0,1.0,2.2166667,3.590909,13.189394,255.18182,266.91818,83.14088,47.23032,95.68387,final
2023-07-01,2,1011473,RW51,22.0,1.1363636,1.9833333,3.7272725,7.018182,201.36365,211.75758,87.87155,72.61724,95.20481,final
2023-07-11,2,1011473,RW51,22.0,0.95454544,1.1863636,3.090909,5.3863635,141.18182,160.70605,96.252754,77.899345,88.21755,final
2023-07-21,2,1011473,RW51,22.0,1.0,2.4409091,3.090909,5.610606,84.13636,116.624245,80.6353,76.25304,73.288315,final
2023-08-01,2,1011473,RW51,22.0,1.2727273,5.8727274,3.2272727,9.5,25.77273,85.13333,57.692307,56.739815,34.141342,final
2023-08-11,2,1011473,RW51,22.0,1.4545455,6.6954546,3.7272727,15.009091,16.363636,58.97121,55.188496,43.61654,33.395706,final
2023-08-21,2,1011473,RW51,22.0,1.9545455,10.542424,4.681818,23.110605,11.363636,41.910606,44.745564,34.44187,34.88259,final
2023-09-01,2,1011473,RW51,22.0,14.636364,16.94697,18.045456,34.18485,25.0,50.70303,89.47187,58.81216,53.857033,final
2023-09-11,2,1011473,RW51,22.0,32.363636,19.628788,48.954544,47.118183,55.772728,67.51363,151.70715,103.52346,83.80869,final
2023-09-21,2,1011473,RW51,22.0,18.90909,19.671211,65.90909,56.24697,73.681816,84.96818,96.91089,115.775665,87.45516,final
2023-10-01,2,1011473,RW51,22.0,22.5,32.886364,73.77273,72.18636,95.045456,115.871216,72.58548,102.05524,82.77029,final
2023-10-11,2,1011473,RW51,22.0,30.681818,37.359093,72.090904,89.916664,124.77272,152.04395,84.236496,81.21957,82.63465,final
2023-10-21,2,1011473,RW51,22.0,23.272728,42.534847,76.454544,112.780304,147.04544,192.13788,59.477894,69.158035,77.12645,final
2023-11-01,2,1011473,RW51,22.0,39.727272,45.583332,93.681816,125.47727,185.5,231.84848,88.42295,75.631424,80.43117,final
2023-11-11,2,1011473,RW51,22.0,44.0,36.07879,107.0,124.19697,228.04544,261.2318,119.282974,86.68935,87.53478,final
2023-11-21,2,1011473,RW51,22.0,66.681816,42.169697,150.40909,123.83182,292.77274,292.8591,151.96582,120.62943,99.971,final
2023-12-01,2,1011473,RW51,22.0,29.727272,32.928787,140.40909,111.17728,307.86362,308.8409,91.55914,125.161385,99.6886,final
2023-12-11,2,1011473,RW51,22.0,20.272728,27.110605,116.681816,102.20909,295.77274,316.32272,78.70524,113.499535,93.60457,final
2023-12-21,2,1011473,RW51,22.0,49.18182,35.93182,99.18182,95.971214,326.04547,332.58334,132.3709,103.179726,98.06333,final
2024-01-01,2,1011473,RW51,22.0,10.363636,22.084848,79.81818,85.162125,313.90912,319.2606,56.724094,94.07295,98.34964,final
2024-01-11,2,1011473,RW51,22.0,17.90909,20.09697,77.454544,79.22424,301.13638,302.0712,91.282295,97.89883,99.69557,final
2024-01-21,2,1011473,RW51,22.0,24.954546,22.593939,53.227272,64.77576,302.8182,281.32425,108.5548,83.44914,107.50686,final
2024-02-01,2,1011473,RW51,22.0,17.545454,23.959091,60.40909,66.65,280.63635,260.1318,77.85277,91.28973,107.73371,final
2024-02-11,2,1011473,RW51,22.0,10.045455,29.101515,52.545456,75.65455,246.68181,252.80151,44.119606,71.34806,97.6262,final
2024-02-21,2,1011473,RW51,22.0,7.409091,23.613636,35.0,76.67424,187.40909,234.1303,43.367752,48.97505,80.46203,final
2024-03-01,2,1011473,RW51,22.0,27.772728,44.489395,45.227272,97.204544,185.45453,249.01666,66.22172,49.143875,74.97718,final
2024-03-11,2,1011473,RW51,22.0,17.545454,37.742424,52.727272,105.84545,182.72728,260.72424,52.74725,52.079063,70.64741,final
2024-03-21,2,1011473,RW51,22.0,36.81818,55.9303,82.13637,138.16212,170.36363,279.61212,68.63281,60.865517,61.614956,final
2024-04-01,2,1011473,RW51,22.0,60.545456,57.14394,114.90909,150.81667,220.54546,314.6712,105.47362,76.95524,70.55545,final
2024-04-11,2,1011473,RW51,22.0,63.045456,52.23788,160.40909,165.31212,265.68182,346.81213,118.88186,97.12115,76.93931,final
2024-04-21,2,1011473,RW51,22.0,65.681816,46.522728,189.27274,155.90454,306.4091,370.7409,137.1857,120.737885,82.87868,final
2024-05-01,2,1011473,RW51,22.0,41.909092,37.363636,170.63635,136.12424,330.77274,384.14545,110.72962,124.45513,86.28464,final
2024-05-11,2,1011473,RW51,22.0,8.772727,32.857574,116.36364,116.74394,329.5,387.90152,36.380375,99.68762,85.13583,final
2024-05-21,2,1011473,RW51,22.0,6.3636365,27.603031,57.045456,97.82424,328.45456,391.8909,34.854538,60.341274,84.01668,final
2024-06-01,2,1011473,RW51,22.0,1.0,8.154546,16.136364,68.61515,301.68182,355.55606,45.611607,28.711975,85.058014,final
2024-06-11,2,1011473,RW51,22.0,0.90909094,2.8181818,8.272727,38.575756,285.04547,320.63184,75.5814,30.458971,89.071594,final
2024-06-21,2,1011473,RW51,22.0,1.0,2.2166667,2.909091,13.189394,249.22726,266.91818,83.14088,43.481884,93.494026,final
2024-07-01,2,1011473,RW51,22.0,1.2272727,1.9833333,3.1363637,7.018182,189.90907,211.75758,89.173355,67.700455,89.9203,final
2024-07-11,2,1011473,RW51,22.0,1.0,1.1863636,3.2272727,5.3863635,127.86364,160.70605,96.98751,79.21226,80.18032,final
2024-07-21,2,1011473,RW51,22.0,1.7272727,2.4409091,3.9545455,5.610606,63.909092,116.624245,90.40929,84.3924,56.657364,final
2024-08-01,2,1011473,RW51,22.0,2.090909,5.8727274,4.818182,9.5,24.090908,85.13333,65.217384,67.7116,32.275417,final
2024-08-11,2,1011473,RW51,22.0,5.7272725,6.6954546,9.545454,15.009091,21.045454,58.97121,91.72172,72.69423,40.714336,final
2024-08-21,2,1011473,RW51,22.0,9.181818,10.542424,17.0,23.110605,23.863636,41.910606,91.24586,78.262276,61.529015,final
2024-09-01,2,1011473,RW51,22.0,5.5,16.94697,20.40909,34.18485,28.363636,50.70303,47.842594,64.84417,59.89555,final
2024-09-11,2,1011473,RW51,22.0,6.2272725,19.628788,20.90909,47.118183,33.681816,67.51363,45.585968,49.71219,53.344196,final
2024-09-21,2,1011473,RW51,22.0,44.772728,19.671211,56.5,56.24697,77.454544,84.96818,201.74416,100.41313,91.64857,final
2024-10-01,2,1011473,RW51,22.0,23.954546,32.886364,74.954544,72.18636,100.181816,115.871216,76.42472,103.586365,87.019745,final
2024-10-11,2,1011473,RW51,22.0,61.772728,37.359093,130.5,89.916664,160.95454,152.04395,157.63493,142.7568,105.67396,final
2024-10-21,2,1011473,RW51,22.0,16.227272,42.534847,101.954544,112.780304,175.45453,192.13788,44.65623,90.80852,91.53722,final
2024-11-01,2,1011473,RW51,22.0,62.136364,45.583332,140.13637,125.47727,235.49998,231.84848,132.72429,111.234985,101.54171,final
2024-11-11,2,1011473,RW51,22.0,78.90909,36.07879,157.27272,124.19697,308.68182,261.2318,204.26378,125.60104,117.822815,final
2024-11-21,2,1011473,RW51,22.0,93.63636,42.169697,234.68182,123.83182,393.13635,292.8591,209.10959,186.04242,133.666,final
2024-12-01,2,1011473,RW51,22.0,19.545454,32.928787,192.0909,111.17728,407.1818,308.8409,64.71458,169.64668,131.33463,final
2024-12-11,2,1011473,RW51,22.0,26.681818,27.110605,139.86363,102.20909,427.63632,316.32272,98.66466,135.12253,134.6423,final
2024-12-21,2,1011473,RW51,22.0,33.590908,35.93182,79.81818,95.971214,416.45453,332.58334,94.280945,84.002335,124.84459,final
2025-01-01,2,1011473,RW51,22.0,4.409091,22.084848,64.681816,85.162125,396.9091,319.2606,34.739315,77.28502,123.94632,final
2025-01-11,2,1011473,RW51,22.0,24.272728,20.09697,62.272728,79.22424,359.4091,302.0712,116.6385,79.87335,118.6725,final
2025-01-21,2,1011473,RW51,22.0,33.863636,22.593939,62.545456,64.77576,377.04547,281.32425,140.84122,96.80362,133.43106,final
2025-02-01,2,1011473,RW51,22.0,21.272728,23.959091,79.40909,66.65,336.18185,260.1318,90.723595,117.80752,128.68387,final
2025-02-11,2,1011473,RW51,22.0,14.590909,29.101515,69.72727,75.65455,271.86362,252.80151,57.448788,92.65103,107.3941,final
2025-02-21,2,1011473,RW51,22.0,2.2727273,23.613636,38.136364,76.67424,180.49998,234.1303,25.416998,52.81514,77.57277,final
2025-03-01,2,1011473,RW51,22.0,11.590909,44.489395,28.454544,97.204544,172.54546,249.01666,33.524166,32.73293,69.8952,final
2025-03-11,2,1011473,RW51,22.0,29.0,37.742424,42.863636,105.84545,174.86363,260.72424,79.546265,43.18051,67.68808,final
2025-03-21,2,1011473,RW51,22.0,31.59091,55.9303,72.181816,138.16212,172.86365,279.61212,60.05372,53.912174,62.493347,final
2025-04-01,2,1011473,RW51,22.0,56.954544,57.14394,117.545456,150.81667,225.4091,314.6712,99.69523,78.64721,72.076904,final
2025-04-11,2,1011473,RW51,22.0,73.27273,52.23788,161.81818,165.31212,274.4091,346.81213,136.74988,97.9485,79.41997,final
2025-04-21,2,1011473,RW51,22.0,116.5,46.522728,246.72726,155.90454,357.04547,370.7409,235.81827,156.4451,96.35509,final
2025-05-01,2,1011473,RW51,22.0,65.818184,37.363636,255.59091,136.12424,401.5909,384.14545,167.16739,184.65355,104.48302,final
2025-05-11,2,1011473,RW51,22.0,25.227272,32.857574,207.54544,116.74394,412.22726,387.90152,79.84471,174.584,106.191315,final
2025-05-21,2,1011473,RW51,22.0,33.5,27.603031,124.545456,97.82424,443.45453,391.8909,118.08718,125.98727,112.99189,final
2025-06-01,2,1011473,RW51,22.0,5.590909,8.154546,64.318184,68.61515,437.45453,355.55606,80.511406,94.162926,122.714485,final
2025-06-11,2,1011473,RW51,22.0,11.954545,2.8181818,51.045452,38.575756,420.4091,320.63184,216.86044,128.61613,130.64113,final
2025-06-21,2,1011473,RW51,22.0,2.4545455,2.2166667,20.0,13.189394,391.27274,266.91818,103.29624,137.44273,145.73235,final
2025-07-01,2,1011473,RW51,22.0,1.6363636,1.9833333,16.045454,7.018182,335.95456,211.75758,95.03145,175.11346,157.29764,final
2025-07-11,2,1011473,RW51,22.0,1.0,1.1863636,5.090909,5.3863635,263.68182,160.70605,96.98751,97.15536,162.14363,final
2025-07-21,2,1011473,RW51,22.0,1.0,2.4409091,3.6363635,5.610606,148.18182,116.624245,80.6353,81.39369,125.946785,final
2025-08-01,2,1011473,RW51,22.0,6.3636365,5.8727274,8.363636,9.5,88.72727,85.13333,104.51504,92.16301,103.98736,final
2025-08-11,2,1011473,RW51,22.0,13.909091,6.6954546,21.272728,15.009091,77.40909,58.97121,161.67899,131.30396,128.82214,final
2025-08-21,2,1011473,RW51,22.0,3.590909,10.542424,23.863636,23.110605,47.5,41.910606,55.273933,102.67881,111.91499,final
2025-09-01,2,1011473,RW51,22.0,7.4545455,16.94697,24.954546,34.18485,49.363632,50.70303,56.74836,76.44421,97.59547,final
2025-09-11,2,1011473,RW51,22.0,13.318182,19.628788,24.363636,47.118183,50.727272,67.51363,74.37711,56.34048,76.850746,final
2025-09-21,2,1011473,RW51,22.0,6.2727275,19.671211,27.045456,56.24697,54.545456,84.96818,45.69183,52.321697,66.18502,final
2025-10-01,2,1011473,RW51,22.0,50.772728,32.886364,70.36364,72.18636,103.681816,115.871216,147.21056,97.63854,89.91538,final
2025-10-11,2,1011473,RW51,22.0,31.454546,37.359093,88.5,89.916664,134.13637,152.04395,86.06073,98.50746,88.59709,final
2025-10-21,2,1011473,RW51,22.0,64.545456,42.534847,146.77274,112.780304,197.68182,192.13788,146.30415,128.86089,102.81222,final
2025-11-01,2,1011473,RW51,22.0,45.954544,45.583332,141.95454,125.47727,237.27272,231.84848,100.733864,112.62847,102.29018,final
2025-11-11,2,1011473,RW51,22.0,24.727272,36.07879,135.22726,124.19697,248.09091,261.2318,72.36648,108.53759,95.06412,final
2025-11-21,2,1011473,RW51,22.0,15.227273,42.169697,85.90909,123.83182,259.72726,292.8591,42.88192,70.564156,88.87668,final
2025-12-01,2,1011473,RW51,22.0,22.59091,32.928787,62.545456,111.17728,274.86365,308.8409,72.74398,58.13999,89.17373,final
2025-12-11,2,1011473,RW51,22.0,33.136364,27.110605,70.954544,102.20909,294.6818,316.32272,118.76564,70.847115,93.26505,final
2025-12-21,2,1011473,RW51,22.0,75.181816,35.93182,130.90909,95.971214,363.59094,332.58334,195.89116,134.60182,109.18517,final
2026-01-01,2,1011473,RW51,22.0,42.545456,22.084848,150.86363,85.162125,355.36365,319.2606,175.54263,172.8704,111.13397,final
2026-01-11,2,1011473,RW51,22.0,15.590909,20.09697,133.31818,79.22424,339.50003,302.0712,82.045395,164.22607,112.18897,final
2026-01-21,2,1011473,RW51,22.0,48.0,22.593939,106.13637,64.77576,322.95456,281.32425,192.07117,159.27647,114.539566,final
2026-02-01,2,1011473,RW51,22.0,28.90909,23.959091,92.5,66.65,305.9091,260.1318,117.09306,136.07816,117.265854,final
2026-02-11,2,1011473,RW51,22.0,28.227272,29.101515,105.13636,75.65455,309.4091,252.80151,97.43635,136.55319,121.95782,final
2026-02-21,2,1011473,RW51,22.0,19.454546,23.613636,76.590904,76.67424,313.63638,234.1303,85.46465,99.897964,133.24802,final
2026-03-01,2,1011473,RW51,22.0,48.090908,44.489395,95.77272,97.204544,339.13638,249.01666,107.27734,98.59906,135.47787,prelim
2026-03-11,2,1011473,RW51,22.0,34.636364,37.742424,102.18182,105.84545,340.63635,260.72424,92.73307,96.69483,130.07332,prelim
2026-03-21,2,1011473,RW51,22.0,49.090908,55.9303,131.81818,138.16212,314.54547,279.61212,88.775055,95.568695,112.27402,prelim
2026-04-01,2,1011473,RW51,22.0,22.5,57.14394,106.22727,150.81667,294.5,314.6712,44.2521,71.38342,93.69002,prelim
2026-04-11,2,1011473,RW51,22.0,56.636364,52.23788,128.22728,165.31212,335.54544,346.81213,107.68456,78.225365,96.79752,forecast
